crash_severity,collision_type,weather,light,road_surface,traffic_control,city,year,fatality,injury,id,x,y
A-Injury,Rear End,Clear,Daylight,Dry,Traffic Signal,Champaign,2016,0,1,4087,-88.2769898885379,40.1274099973887
A-Injury,Turning,Clear,Daylight,Dry,No Controls,Rantoul,2016,0,2,4088,-88.1558500007275,40.3142999991218
A-Injury,Overturned,Clear,Daylight,Dry,No Controls,Unincorporated,2016,0,1,4089,-88.0479928568318,40.21406373014
A-Injury,Overturned,Clear,Daylight,Wet,No Controls,Unincorporated,2016,0,1,4090,-87.9977927324909,40.1861925289191
A-Injury,Angle,Clear,Daylight,Dry,Stop Sign/flasher,Unincorporated,2016,0,6,4092,-88.1550500373914,40.2390430927443
A-Injury,Fixed Object,Clear,Darkness,Dry,No Controls,Unincorporated,2016,0,2,4093,-88.1169300027717,40.2647327415032
A-Injury,Angle,Clear,Daylight,Dry,Stop Sign/flasher,Rantoul,2016,0,2,4097,-88.1588400008594,40.3036099986505
A-Injury,Angle,Clear,Daylight,Dry,Stop Sign/flasher,Unincorporated,2016,0,4,4098,-88.1820851265951,40.1892900419137
A-Injury,Fixed Object,Clear,Darkness,Dry,Lane Use Marking,Unincorporated,2016,0,3,4099,-88.1864691562828,40.2649194995023
A-Injury,Sideswipe Same Direction,Clear,Daylight,Dry,Lane Use Marking,Unincorporated,2016,0,2,4101,-88.1822500009906,40.1866899988517
A-Injury,Overturned,Clear,Darkness,Dry,Lane Use Marking,Mahomet,2016,0,1,4103,-88.3964190010289,40.1977759990686
A-Injury,Fixed Object,Rain,Daylight,Wet,No Passing,Unincorporated,2016,0,1,4104,-88.3183295024075,40.1626326409333
A-Injury,Turning,Clear,Daylight,Dry,Stop Sign/flasher,Champaign,2016,0,3,4105,-88.2809503257269,40.0694386739437
A-Injury,Pedalcyclist,Clear,Daylight,Dry,Unknown,Urbana,2007,0,1,3001,-88.219401969333,40.1128423336743
A-Injury,Fixed Object,Clear,Daylight,Dry,Lane Use Marking,Unincorporated,2016,0,1,4106,-88.3035770004506,39.995309998865
A-Injury,Pedalcyclist,Clear,Daylight,Dry,Stop Sign/flasher,Champaign,2016,0,1,4107,-88.2817400025199,40.0983399978839
A-Injury,Overturned,Clear,Daylight,Dry,No Controls,Unincorporated,2016,0,1,4109,-88.2771366127155,40.1648958781588
A-Injury,Overturned,Clear,Darkness,Dry,No Controls,Unincorporated,2016,0,4,4110,-88.3882945456222,40.0919476397294
A-Injury,Rear End,Clear,Daylight,Dry,Lane Use Marking,Champaign,2016,0,1,4111,-88.2877070980883,40.1429686286473
A-Injury,Overturned,Clear,Daylight,Dry,Lane Use Marking,Champaign,2016,0,1,4112,-88.2848000020786,40.1475496237989
A-Injury,Angle,Clear,Daylight,Dry,Stop Sign/flasher,Unincorporated,2016,0,4,4113,-88.3135388176612,40.0254699867632
A-Injury,Pedestrian,Clear,Daylight,Dry,No Controls,Champaign,2016,0,1,4114,-88.2766579597896,40.1080525943013
A-Injury,Rear End,Clear,Daylight,Dry,Stop Sign/flasher,Champaign,2016,0,2,4117,-88.3146500018831,40.127789997599
A-Injury,Rear End,Clear,Daylight,Dry,Lane Use Marking,Champaign,2016,0,1,4118,-88.2778439939018,40.1413745914309
A-Injury,Pedalcyclist,Clear,"Darkness, Lighted Road",Dry,Traffic Signal,Champaign,2016,0,1,4119,-88.2767714304401,40.1128499974673
A-Injury,Overturned,Clear,Darkness,Dry,Lane Use Marking,Unincorporated,2001,0,1,257,-88.2407923647927,40.1857345782142
A-Injury,Fixed Object,Clear,Dawn,Dry,Lane Use Marking,Unincorporated,2016,0,1,4120,-88.3265930008703,40.1743659990897
A-Injury,Rear End,Clear,Darkness,Wet,Lane Use Marking,Unincorporated,2016,0,1,4121,-88.2804400006564,40.1489219990638
A-Injury,Rear End,Clear,Daylight,Dry,Lane Use Marking,Champaign,2016,0,1,4122,-88.2752003381841,40.1273972025423
A-Injury,Other Object,Snow,Daylight,Ice,No Controls,Unincorporated,2016,0,1,4123,-88.3244112200515,40.1720895507471
A-Injury,Rear End,Rain,Daylight,Wet,Lane Use Marking,Champaign,2016,0,2,4125,-88.3037885917626,40.0770943279365
A-Injury,Fixed Object,Rain,Darkness,Wet,Lane Use Marking,Unincorporated,2016,0,2,4126,-88.4022673178225,40.1205518365734
A-Injury,Rear End,Clear,Darkness,Dry,Lane Use Marking,Unincorporated,2016,0,2,4127,-88.360955000569,40.1204059994628
A-Injury,Turning,Clear,Daylight,Dry,Stop Sign/flasher,Unincorporated,2016,0,3,4128,-88.3147300009881,40.16039999933
A-Injury,Rear End,Clear,"Darkness, Lighted Road",Dry,No Controls,Champaign,2016,0,1,4129,-88.2817208488362,40.1206307848437
A-Injury,Overturned,Clear,Daylight,Dry,No Controls,Champaign,2016,0,1,4133,-88.282832152343,40.1130275980939
A-Injury,Rear End,Clear,Daylight,Dry,Lane Use Marking,Champaign,2016,0,1,4134,-88.2765077039224,40.0981129190796
A-Injury,Turning,Snow,"Darkness, Lighted Road",Wet,Lane Use Marking,Champaign,2016,0,2,4136,-88.2824491117292,40.1128862973923
A-Injury,Overturned,Other,Daylight,Dry,Lane Use Marking,Champaign,2016,0,1,4137,-88.2845605149983,40.1479667740686
A-Injury,Rear End,Clear,Daylight,Dry,Lane Use Marking,Unincorporated,2016,0,2,4138,-88.3445051951148,40.120390481634
A-Injury,Head On,Clear,Daylight,Dry,Lane Use Marking,Champaign,2016,0,2,4139,-88.3058890909582,40.1198862445571
A-Injury,Rear End,Clear,Darkness,Dry,Traffic Signal,Champaign,2016,0,2,4140,-88.2772300024526,40.1392299982917
A-Injury,Fixed Object,Clear,Daylight,Wet,No Controls,Champaign,2016,0,3,4141,-88.2766472650836,40.1074199814728
A-Injury,Head On,Clear,Daylight,Dry,Lane Use Marking,Unincorporated,2016,0,1,4152,-88.3108185235317,40.0986671539738
A-Injury,Fixed Object,Clear,Daylight,Dry,Stop Sign/flasher,Unincorporated,2016,0,1,4153,-88.3326766473362,40.0594786257245
A-Injury,Angle,Clear,Daylight,Dry,Traffic Signal,Champaign,2016,0,1,4154,-88.2768079758355,40.1164599567797
A-Injury,Turning,Clear,Daylight,Dry,Lane Use Marking,Champaign,2016,0,2,4155,-88.3278637310874,40.0987399831639
A-Injury,Turning,Clear,Daylight,Wet,Traffic Signal,Champaign,2016,0,1,4156,-88.2769900023106,40.1274099983452
A-Injury,Overturned,Clear,Darkness,Dry,No Controls,Champaign,2016,0,3,4157,-88.2810988601897,40.123648188011
A-Injury,Rear End,Clear,"Darkness, Lighted Road",Dry,Traffic Signal,Champaign,2016,0,1,4158,-88.2868633615383,40.1275202120509
A-Injury,Turning,Clear,Daylight,Dry,Traffic Signal,Champaign,2016,0,2,4159,-88.276840008484,40.1184302163727
A-Injury,Turning,Clear,Daylight,Dry,Stop Sign/flasher,Champaign,2016,0,2,4160,-88.2764600017253,40.0942799980002
A-Injury,Angle,Clear,Daylight,Dry,Stop Sign/flasher,Unincorporated,2016,0,1,4161,-88.4255200460724,39.9673496037455
A-Injury,Rear End,Clear,Daylight,Dry,No Controls,Unincorporated,2016,0,1,4162,-88.3169295182099,40.1200443546172
A-Injury,Turning,Clear,Daylight,Dry,Stop Sign/flasher,Champaign,2016,0,2,4164,-88.2767229806001,40.1110500103051
A-Injury,Overturned,Snow,Daylight,Snow Or Slush,Lane Use Marking,Unincorporated,2016,0,1,4165,-88.303748702224,40.0293486361452
A-Injury,Rear End,Snow,Daylight,Snow Or Slush,Lane Use Marking,Champaign,2016,0,1,4166,-88.2747575370691,40.1543052625083
A-Injury,Rear End,Clear,Daylight,Dry,No Controls,Champaign,2016,0,2,4167,-88.2738301532436,40.1273873874217
A-Injury,Angle,Clear,Daylight,Dry,Stop Sign/flasher,Champaign,2016,0,2,4168,-88.2452300023312,40.1192379427412
A-Injury,Turning,Clear,Daylight,Dry,Traffic Signal,Savoy,2016,0,2,4169,-88.2483737197338,40.0741502504478
A-Injury,Fixed Object,Clear,"Darkness, Lighted Road",Dry,No Controls,Champaign,2016,0,1,4170,-88.2547981787922,40.1101400015348
A-Injury,Turning,Clear,Daylight,Dry,Stop Sign/flasher,Champaign,2016,0,1,4171,-88.2677567435921,40.1565492766845
A-Injury,Pedestrian,Clear,Daylight,Dry,No Controls,Champaign,2016,0,1,4172,-88.2531600021,40.1257679345
A-Injury,Fixed Object,Clear,Darkness,Dry,Lane Use Marking,Unincorporated,2004,0,2,537,-88.3037352543965,40.0602953813171
A-Injury,Turning,Clear,Daylight,Dry,Stop Sign/flasher,Champaign,2016,0,1,4174,-88.2619696120363,40.1490691266884
A-Injury,Rear End,Clear,Daylight,Dry,Traffic Signal,Savoy,2016,0,1,4175,-88.2573047372235,40.0691163376264
A-Injury,Rear End,Clear,"Darkness, Lighted Road",Dry,Lane Use Marking,Champaign,2016,0,2,4176,-88.2578013334082,40.1126599980827
A-Injury,Sideswipe Same Direction,Clear,Daylight,Dry,Lane Use Marking,Champaign,2016,0,1,4177,-88.2625611781114,40.1163499985309
A-Injury,Fixed Object,Clear,Darkness,Dry,No Controls,Unincorporated,2016,0,1,4178,-88.2732896630626,39.9810771402638
A-Injury,Rear End,Clear,Daylight,Dry,No Controls,Champaign,2016,0,1,4180,-88.2511015471155,40.0835499978557
A-Injury,Turning,Clear,Daylight,Dry,Traffic Signal,Champaign,2016,0,1,4181,-88.2433974872623,40.1102217042014
A-Injury,Rear End,Clear,Dawn,Dry,Lane Use Marking,Unincorporated,2016,0,1,4182,-88.2523660009448,40.1746619993184
A-Injury,Turning,Rain,Daylight,Dry,Traffic Signal,Champaign,2016,0,1,4183,-88.2580911876377,40.1358502793547
A-Injury,Pedestrian,Clear,Daylight,Dry,No Controls,Champaign,2016,0,1,4185,-88.257970685663,40.1286930486442
A-Injury,Rear End,Rain,Darkness,Wet,No Controls,Champaign,2016,0,1,4188,-88.24545570456,40.0928904095548
A-Injury,Angle,Clear,"Darkness, Lighted Road",Dry,Traffic Signal,Champaign,2016,0,1,4189,-88.2466700022763,40.0980899980044
A-Injury,Parked Motor Vehicle,Fog/smoke/haze,Darkness,Wet,Lane Use Marking,Unincorporated,2016,0,5,4191,-88.2670810013867,40.1606459994922
A-Injury,Rear End,Clear,Daylight,Dry,No Controls,Savoy,2016,0,3,4192,-88.2573047404568,40.0691164736666
A-Injury,Overturned,Clear,"Darkness, Lighted Road",Dry,Stop Sign/flasher,Champaign,2016,0,1,4194,-88.2531900014703,40.1300699980286
A-Injury,Turning,Clear,Daylight,Dry,Traffic Signal,Savoy,2016,0,1,4195,-88.2539885411118,40.0394298608519
A-Injury,Angle,Clear,Daylight,Dry,Stop Sign/flasher,Unincorporated,2017,0,4,4213,-88.2126500012858,40.238709974234
A-Injury,Pedalcyclist,Rain,"Darkness, Lighted Road",Wet,Traffic Signal,Urbana,2016,0,1,4200,-88.2061593161635,40.105589955608
A-Injury,Pedalcyclist,Clear,Darkness,Dry,Stop Sign/flasher,Urbana,2016,0,1,4207,-88.2014299047317,40.1128763520162
A-Injury,Pedestrian,Clear,Daylight,Dry,Traffic Signal,Champaign,2016,0,1,4208,-88.2411700570621,40.116339997755
A-Injury,Pedalcyclist,Clear,Daylight,Dry,Stop Sign/flasher,Champaign,2013,0,1,2601,-88.238521640447,40.096671779313
A-Injury,Pedalcyclist,Clear,Daylight,Dry,No Controls,Urbana,2013,0,1,2610,-88.2050401690877,40.1140673380323
A-Injury,Rear End,Clear,Daylight,Dry,Lane Use Marking,Unincorporated,2004,0,2,538,-88.2450294925981,40.1815784296633
A-Injury,Pedalcyclist,Rain,Darkness,Wet,No Controls,Champaign,2013,0,1,2630,-88.2963954343717,40.0839512507729
A-Injury,Pedalcyclist,Clear,Daylight,Dry,Traffic Signal,Urbana,2013,0,2,2643,-88.1904499067453,40.0838081334924
A-Injury,Pedalcyclist,Clear,Daylight,Dry,No Controls,Urbana,2013,0,1,2648,-88.1945582724899,40.1056800005887
A-Injury,Pedalcyclist,Rain,"Darkness, Lighted Road",Wet,No Controls,Champaign,2013,0,1,2656,-88.2654438017509,40.0981925834337
A-Injury,Pedalcyclist,Clear,Daylight,Dry,Traffic Signal,Champaign,2014,0,1,2665,-88.2579800152708,40.1271708248376
A-Injury,Fixed Object,Clear,Daylight,Dry,No Controls,Unincorporated,2004,0,1,539,-88.2337160088979,40.1927110357841
A-Injury,Fixed Object,Clear,Daylight,Dry,No Controls,Unincorporated,2004,0,1,540,-88.2262868188293,40.200067238105
A-Injury,Pedalcyclist,Clear,Daylight,Dry,Traffic Signal,Champaign,2014,0,1,2666,-88.2772300013583,40.139230000616
A-Injury,Pedalcyclist,Clear,Daylight,Dry,Stop Sign/flasher,Unincorporated,2014,0,1,2670,-88.2981099997262,40.0985200000882
A-Injury,Pedalcyclist,Clear,Daylight,Dry,No Controls,Urbana,2014,0,1,2675,-88.2214592818402,40.1090807738953
A-Injury,Pedalcyclist,Rain,Daylight,Wet,Stop Sign/flasher,Urbana,2014,0,1,2685,-88.190670447744,40.094759997129
A-Injury,Pedalcyclist,Clear,Daylight,Dry,Traffic Signal,Savoy,2014,0,1,2696,-88.2514200002071,40.054489999205
A-Injury,Pedalcyclist,Clear,Daylight,Dry,Traffic Signal,Champaign,2012,0,1,2700,-88.2951600011631,40.0839462307578
A-Injury,Pedalcyclist,Clear,Daylight,Dry,Stop Sign/flasher,Urbana,2012,0,1,2708,-88.2241292934284,40.1231300318488
A-Injury,Pedalcyclist,Clear,Daylight,Dry,Stop Sign/flasher,Urbana,2012,0,1,2714,-88.217379542788,40.116450000784
A-Injury,Pedalcyclist,Clear,Daylight,Dry,Traffic Signal,Urbana,2012,0,1,2716,-88.2193802116011,40.1128301566526
A-Injury,Angle,Snow,Daylight,Snow Or Slush,Lane Use Marking,Unincorporated,2004,0,3,541,-88.2032223369299,40.2241474646363
A-Injury,Pedalcyclist,Clear,"Darkness, Lighted Road",Dry,Stop Sign/flasher,Champaign,2012,0,1,2728,-88.2320912295816,40.1144300513611
A-Injury,Pedalcyclist,Clear,Daylight,Dry,Stop Sign/flasher,Unincorporated,2012,0,1,2729,-88.1691432365479,40.142120119277
A-Injury,Pedalcyclist,Clear,Daylight,Dry,Traffic Signal,Urbana,2011,0,1,2738,-88.2194809671345,40.1200694053865
A-Injury,Pedalcyclist,Clear,Daylight,Dry,Traffic Signal,Urbana,2011,0,1,2739,-88.2192395145701,40.105978800357
A-Injury,Pedalcyclist,Clear,Daylight,Dry,No Controls,Champaign,2011,0,1,2741,-88.2575734336513,40.1090310042719
A-Injury,Pedalcyclist,Clear,Daylight,Dry,No Controls,Urbana,2011,0,1,2742,-88.2271221332278,40.1127484006515
A-Injury,Pedalcyclist,Clear,Daylight,Dry,Traffic Signal,Champaign,2011,0,1,2754,-88.2451793507843,40.0944799328583
A-Injury,Fixed Object,Clear,Dawn,Dry,No Controls,Unincorporated,2004,0,1,542,-88.1985040292151,40.2353542276178
A-Injury,Pedalcyclist,Clear,"Darkness, Lighted Road",Dry,Stop Sign/flasher,Champaign,2011,0,1,2772,-88.2321094862598,40.1231018202746
A-Injury,Pedalcyclist,Clear,Daylight,Dry,Traffic Signal,Champaign,2011,0,1,2774,-88.2576295460503,40.098149983044
A-Injury,Pedalcyclist,Clear,Daylight,Dry,No Controls,Urbana,2011,0,1,2776,-88.2223906657727,40.1128536578231
A-Injury,Pedalcyclist,Rain,Darkness,Wet,Traffic Signal,Champaign,2011,0,1,2787,-88.2828294336201,40.1128906489453
A-Injury,Pedalcyclist,Clear,Daylight,Dry,Stop Sign/flasher,Champaign,2010,0,1,2794,-88.2452205430016,40.1202116119752
A-Injury,Other Non Collision,Clear,Darkness,Dry,Lane Use Marking,Unincorporated,2004,0,1,543,-88.1916564839616,40.2519139809205
A-Injury,Fixed Object,Snow,Daylight,Ice,No Controls,Unincorporated,2004,0,1,544,-88.1605035739422,40.3472433733676
A-Injury,Pedalcyclist,Clear,Daylight,Dry,No Controls,Urbana,2010,0,1,2821,-88.1906703141254,40.0949729123587
A-Injury,Pedalcyclist,Clear,Daylight,Dry,Stop Sign/flasher,Champaign,2010,0,1,2822,-88.2451672678201,40.1144299014552
A-Injury,Pedalcyclist,Clear,Daylight,Dry,Traffic Signal,Urbana,2010,0,1,2823,-88.2191305958169,40.1006490504101
A-Injury,Pedalcyclist,Clear,Daylight,Dry,Lane Use Marking,Champaign,2010,0,1,2834,-88.233343396156,40.1102842271743
A-Injury,Pedalcyclist,Clear,Daylight,Dry,Stop Sign/flasher,Urbana,2010,0,2,2837,-88.1945610609635,40.1056791167094
A-Injury,Pedalcyclist,Rain,"Darkness, Lighted Road",Dry,Traffic Signal,Rantoul,2010,0,1,2841,-88.1365217326012,40.3121193053789
A-Injury,Pedalcyclist,Clear,Dusk,Dry,No Controls,Unincorporated,2005,0,1,2845,-88.3090279486586,39.9672169276319
A-Injury,Pedalcyclist,Clear,Daylight,Dry,No Controls,Unincorporated,2005,0,1,2856,-88.0833097536787,39.9380197711831
A-Injury,Pedalcyclist,Clear,Daylight,Dry,Stop Sign/flasher,Champaign,2005,0,1,2863,-88.2403080396448,40.1079097123128
A-Injury,Animal,Clear,Daylight,Dry,No Controls,Unincorporated,2004,0,1,545,-88.1297306771485,40.3984399375712
A-Injury,Pedalcyclist,Clear,Daylight,Dry,Stop Sign/flasher,Champaign,2005,0,2,2872,-88.2452015302198,40.1212000109569
A-Injury,Pedalcyclist,Clear,Daylight,Dry,Traffic Signal,Champaign,2005,0,1,2877,-88.25795987083,40.1358411803525
A-Injury,Pedalcyclist,Rain,"Darkness, Lighted Road",Wet,Traffic Signal,Urbana,2005,0,1,2885,-88.2192974816069,40.1090816899573
A-Injury,Pedalcyclist,Clear,Daylight,Dry,No Controls,Urbana,2005,0,1,2907,-88.1957224019947,40.0983651834889
A-Injury,Pedalcyclist,Clear,Daylight,Dry,No Controls,Champaign,2005,0,1,2910,-88.2895555339923,40.0838593334532
A-Injury,Head On,Clear,Darkness,Dry,Lane Use Marking,Mahomet,2004,0,2,546,-88.3938817076562,40.1966022283562
A-Injury,Pedalcyclist,Clear,Daylight,Dry,Traffic Signal,Champaign,2006,0,1,2925,-88.2385192511974,40.0980520458977
A-Injury,Pedalcyclist,Clear,Daylight,Dry,No Controls,Champaign,2006,0,1,2926,-88.2354082155845,40.1160718717565
A-Injury,Pedalcyclist,Clear,Dusk,Dry,No Controls,Champaign,2006,0,1,2928,-88.2321202573035,40.1221311113007
A-Injury,Pedalcyclist,Clear,Daylight,Dry,Traffic Signal,Champaign,2006,0,1,2930,-88.2468799987227,40.0835899709075
A-Injury,Pedalcyclist,Clear,Daylight,Dry,No Controls,Champaign,2006,0,2,2949,-88.2769244718102,40.1219788830574
A-Injury,Pedalcyclist,Clear,Daylight,Dry,Stop Sign/flasher,Champaign,2006,0,1,2953,-88.286009854965,40.1093112266959
A-Injury,Pedalcyclist,Clear,"Darkness, Lighted Road",Dry,Stop Sign/flasher,Champaign,2006,0,1,2959,-88.2337976232451,40.1272304318773
A-Injury,Pedalcyclist,Clear,Daylight,Dry,No Controls,Champaign,2006,0,1,2960,-88.2420113332353,40.1272133866851
A-Injury,Angle,Clear,Daylight,Dry,Lane Use Marking,Unincorporated,2004,0,5,547,-88.332827574519,40.1765904125907
A-Injury,Fixed Object,Clear,"Darkness, Lighted Road",Dry,Lane Use Marking,Champaign,2004,0,1,548,-88.283388797948,40.1457635755584
A-Injury,Sideswipe Same Direction,Clear,Daylight,Dry,Lane Use Marking,Urbana,2004,0,1,549,-88.2283996459945,40.1349336827576
A-Injury,Pedalcyclist,Clear,Daylight,Dry,No Controls,Champaign,2006,0,1,2973,-88.2352592343825,40.1102728847203
A-Injury,Pedalcyclist,Clear,Daylight,Dry,No Controls,Champaign,2006,0,1,2976,-88.2322316285441,40.1102982396598
A-Injury,Pedalcyclist,Other,Daylight,Dry,No Controls,Champaign,2006,0,2,2977,-88.2306496483993,40.1091355036389
A-Injury,Pedalcyclist,Clear,Daylight,Wet,Unknown,Champaign,2007,0,1,2989,-88.2708296515318,40.1183930960718
A-Injury,Pedalcyclist,Clear,Daylight,Dry,Unknown,Champaign,2007,0,1,3010,-88.2577713355649,40.1054334270971
A-Injury,Pedalcyclist,Clear,Daylight,Dry,Unknown,Champaign,2007,0,1,3011,-88.2580042653602,40.1465021316114
A-Injury,Pedalcyclist,Clear,Daylight,Dry,Unknown,Champaign,2007,0,1,3013,-88.2451420548944,40.1102095693657
A-Injury,Rear End,Clear,Daylight,Dry,Traffic Signal,Urbana,2004,0,1,550,-88.2195651366074,40.1350365864752
A-Injury,Fixed Object,Clear,Daylight,Dry,Lane Use Marking,Urbana,2004,0,2,551,-88.2185036466549,40.1350448043447
A-Injury,Pedalcyclist,Clear,Daylight,Dry,Stop Sign/flasher,Champaign,2008,0,1,3033,-88.2578104589552,40.1153308230046
A-Injury,Pedalcyclist,Clear,Daylight,Dry,No Controls,Champaign,2008,0,1,3038,-88.2435300201306,40.1199310733712
A-Injury,Pedalcyclist,Clear,Daylight,Dry,Stop Sign/flasher,Urbana,2008,0,1,3043,-88.2095897689724,40.0983004677986
A-Injury,Pedalcyclist,Clear,Daylight,Dry,No Controls,Urbana,2008,0,1,3045,-88.2191916577329,40.1027691675909
A-Injury,Pedalcyclist,Clear,Daylight,Dry,No Controls,Sidney,2008,0,1,3050,-88.0732927053317,40.0212770604425
A-Injury,Pedalcyclist,Clear,Daylight,Dry,Lane Use Marking,Unincorporated,2008,0,1,3052,-87.9588764649125,40.123531906119
A-Injury,Pedalcyclist,Unknown,"Darkness, Lighted Road",Unknown,Unknown,Champaign,2008,0,1,3055,-88.243718748385,40.1379710246987
A-Injury,Pedalcyclist,Clear,Daylight,Dry,No Controls,Champaign,2008,0,1,3057,-88.2465231903326,40.0861055426087
A-Injury,Pedalcyclist,Clear,Daylight,Dry,No Controls,Champaign,2008,0,1,3063,-88.2687327615422,40.1102509224503
A-Injury,Overturned,Clear,Darkness,Dry,No Controls,Unincorporated,1999,0,3,428,-88.3032752822048,39.9532566243439
A-Injury,Pedalcyclist,Clear,Daylight,Dry,Stop Sign/flasher,Champaign,2008,0,1,3082,-88.2387090408223,40.1102298946413
A-Injury,Pedalcyclist,Clear,"Darkness, Lighted Road",Ice,No Controls,Champaign,2008,0,2,3094,-88.2579443945964,40.1239905992661
A-Injury,Pedalcyclist,Clear,Daylight,Dry,No Controls,Champaign,2008,0,1,3095,-88.2451556029241,40.102278905116
A-Injury,Pedalcyclist,Clear,Daylight,Dry,Stop Sign/flasher,Champaign,2009,0,1,3099,-88.2539690304555,40.1101398853912
A-Injury,Head On,Clear,Daylight,Dry,Other,Unincorporated,2005,0,2,566,-88.2243506801254,40.3116337826358
A-Injury,Pedalcyclist,Clear,Daylight,Wet,Stop Sign/flasher,Urbana,2009,0,1,3116,-88.2192505162804,40.106470328467
A-Injury,Pedalcyclist,Rain,Daylight,Wet,Traffic Signal,Champaign,2009,0,1,3118,-88.2689082271456,40.0982200985688
A-Injury,Pedalcyclist,Clear,Daylight,Dry,No Controls,Champaign,2009,0,1,3120,-88.2384601964276,40.1272310959015
A-Injury,Rear End,Clear,Daylight,Dry,Lane Use Marking,Unincorporated,2004,0,2,552,-88.2056269549977,40.1351197211784
A-Injury,Fixed Object,Clear,"Darkness, Lighted Road",Wet,No Controls,Unincorporated,2001,0,1,267,EMPTY,
A-Injury,Pedalcyclist,Clear,Daylight,Dry,Stop Sign/flasher,Urbana,2009,0,1,3125,-88.2073099058583,40.1092498606577
A-Injury,Pedalcyclist,Clear,Daylight,Dry,No Controls,Urbana,2009,0,1,3134,-88.2036431502207,40.1188225854273
A-Injury,Pedalcyclist,Clear,Daylight,Dry,Lane Use Marking,Unincorporated,2009,0,1,3145,-88.1703056683161,40.1124224849797
A-Injury,Pedalcyclist,Clear,Daylight,Wet,No Controls,Champaign,2009,0,1,3146,-88.2387113515052,40.1103655802046
A-Injury,Pedalcyclist,Clear,Daylight,Dry,No Controls,Champaign,2009,0,1,3150,-88.2290687235089,40.1163957470726
A-Injury,Pedalcyclist,Clear,Daylight,Dry,No Controls,Urbana,2009,0,1,3153,-88.2214698894352,40.1059893569774
A-Injury,Pedalcyclist,Clear,Daylight,Dry,Traffic Signal,Champaign,2009,0,1,3159,-88.2335627605609,40.1163558711113
A-Injury,Pedalcyclist,Rain,Daylight,Wet,Stop Sign/flasher,Champaign,2009,0,1,3160,-88.2353925012987,40.1126505144021
A-Injury,Pedalcyclist,Rain,Daylight,Wet,Stop Sign/flasher,Urbana,2009,0,1,3161,-88.2048612957363,40.0946794861427
A-Injury,Pedalcyclist,Clear,Daylight,Dry,Other Warning Sign,Urbana,2015,0,1,3173,-88.2238781868021,40.1078989868156
A-Injury,Turning,Clear,Daylight,Dry,No Controls,Urbana,2000,0,2,268,-88.2004532741929,40.1253133664189
A-Injury,Overturned,Clear,Darkness,Dry,Other,Urbana,2004,0,1,553,-88.2047652640773,40.1350821313909
A-Injury,Pedalcyclist,Clear,Daylight,Dry,Stop Sign/flasher,Urbana,2015,0,1,3177,-88.2159898117218,40.1055501082369
A-Injury,Pedalcyclist,Rain,Daylight,Dry,No Controls,Urbana,2015,0,2,3181,-88.2255807766883,40.1105586460607
A-Injury,Pedalcyclist,Clear,Daylight,Dry,No Controls,Champaign,2015,0,1,3183,-88.2296420935003,40.1273273049038
A-Injury,Pedalcyclist,Clear,Daylight,Dry,Stop Sign/flasher,Champaign,2015,0,1,3188,-88.2575500004971,40.0896899994802
A-Injury,Pedalcyclist,Clear,"Darkness, Lighted Road",Dry,No Controls,Champaign,2015,0,1,3199,-88.2499931481112,40.1126099997837
A-Injury,Pedalcyclist,Clear,Daylight,Dry,No Controls,Unincorporated,2015,0,1,3208,-88.1364879739463,40.3274306821372
A-Injury,Parked Motor Vehicle,Cloudy/overcast,Daylight,Wet,Lane Use Marking,Unincorporated,2017,0,2,4215,-88.1547400008431,40.3547769993214
A-Injury,Overturned,Sleet/hail,Daylight,Ice,Lane Use Marking,Unincorporated,2017,0,2,4217,-88.3037278308057,40.0440631089145
A-Injury,Turning,Clear,Darkness,Dry,Traffic Signal,Champaign,2017,0,4,4221,-88.2438100020065,40.1027699973246
A-Injury,Fixed Object,Clear,Darkness,Dry,Lane Use Marking,Unincorporated,2017,0,1,4222,-88.3035310014043,39.9904449995333
A-Injury,Rear End,Clear,"Darkness, Lighted Road",Dry,Lane Use Marking,Champaign,2017,0,2,4223,-88.2797698541232,40.1128602288735
A-Injury,Pedestrian,Clear,Daylight,Dry,Traffic Signal,Urbana,2017,0,1,4224,-88.2144299805763,40.116461428262
A-Injury,Overturned,Snow,Darkness,Snow Or Slush,No Controls,St. Joseph,2017,0,1,4225,-88.0333000006917,40.1132999987383