crash_severity,collision_type,weather,light,road_surface,traffic_control,city,year,fatality,injury,id,x,y
A-Injury,Head On,Clear,Daylight,Dry,Lane Use Marking,Unincorporated,2017,0,1,4226,-88.3342750003774,40.1695759994718
A-Injury,Overturned,Clear,Darkness,Dry,No Controls,Unincorporated,2017,0,1,4227,-87.9577198766149,39.9887690043726
A-Injury,Rear End,Clear,Daylight,Dry,No Controls,Urbana,2017,0,1,4228,-88.2043935684856,40.1174467960407
A-Injury,Overturned,Clear,Daylight,Dry,Lane Use Marking,Urbana,2004,0,2,554,-88.1990210087217,40.1344895225517
A-Injury,Fixed Object,Clear,Daylight,Dry,Lane Use Marking,Unincorporated,2004,0,1,555,-88.1092985815934,40.1206411501082
A-Injury,Fixed Object,Severe Cross Wind,Darkness,Dry,Unknown,Unincorporated,2002,0,3,137,-88.16371056183,40.3431806810782
A-Injury,Parked Motor Vehicle,Clear,Darkness,Unknown,No Controls,Savoy,2015,0,1,2542,-88.2535614609265,40.0514405522925
A-Injury,Fixed Object,Clear,Darkness,Dry,Unknown,Mahomet,2016,0,1,4102,-88.3789676309141,40.1915067562153
A-Injury,Rear End,Clear,Darkness,Dry,Lane Use Marking,Unincorporated,2017,0,2,4229,-88.1373700006327,40.3611099990228
A-Injury,Head On,Snow,Daylight,Snow Or Slush,No Controls,Tolono,2017,0,3,4232,-88.2663000010807,40.0246999991579
A-Injury,Angle,Clear,Daylight,Dry,Stop Sign/flasher,Champaign,2017,0,1,4234,-88.2591600018975,40.1326899980798
A-Injury,Angle,Clear,Daylight,Dry,Stop Sign/flasher,Champaign,2017,0,1,4235,-88.2577500024471,40.1090299982779
A-Injury,Turning,Clear,Daylight,Dry,Lane Use Marking,Unincorporated,2017,0,3,4238,-88.4265978733781,40.1105882601382
A-Injury,Head On,Rain,"Darkness, Lighted Road",Wet,No Controls,Champaign,2017,0,2,4240,-88.2591000005158,40.1271999995199
A-Injury,Rear End,Clear,Daylight,Wet,No Controls,Champaign,2017,0,1,4241,-88.2774000012049,40.1933999990285
A-Injury,Angle,Fog/smoke/haze,Daylight,Wet,Stop Sign/flasher,Unincorporated,2017,0,3,4242,-88.1167199969009,40.2391790605105
A-Injury,Angle,Clear,Daylight,Dry,No Controls,Champaign,2017,0,1,4243,-88.2754369567435,40.1128347974391
A-Injury,Other Object,Clear,Daylight,Dry,Stop Sign/flasher,Unincorporated,2017,0,3,4246,-88.2902000008158,40.35499999862
A-Injury,Turning,Clear,Daylight,Ice,Stop Sign/flasher,Unincorporated,2017,0,2,4247,-88.4230545325764,40.3108816795998
A-Injury,Rear End,Clear,Daylight,Dry,No Controls,Urbana,2017,0,1,4248,-88.1905000012864,40.0876999990885
A-Injury,Pedestrian,Clear,Daylight,Dry,Traffic Signal,Champaign,2017,0,1,4249,-88.2289300019827,40.1163999978894
A-Injury,Turning,Clear,"Darkness, Lighted Road",Dry,Stop Sign/flasher,Champaign,2017,0,4,4250,-88.2766000014897,40.1065999993232
A-Injury,Angle,Clear,Daylight,Dry,Stop Sign/flasher,Unincorporated,2017,0,2,4251,-88.2091900315803,40.0691199975197
A-Injury,Other Object,Clear,Daylight,Dry,Stop Sign/flasher,Tolono,2017,0,3,4253,-88.2379000010851,40.0103999988507
A-Injury,Angle,Clear,Daylight,Dry,No Controls,Unincorporated,2017,0,3,4255,-88.0209050120218,40.2396003267284
A-Injury,Turning,Clear,Daylight,Dry,No Controls,Champaign,2017,0,1,4256,-88.2747000011149,40.1162999992762
A-Injury,Fixed Object,Rain,"Darkness, Lighted Road",Wet,No Controls,Champaign,2017,0,2,4257,-88.2783000011695,40.0687999993485
A-Injury,Head On,Clear,Daylight,Dry,Traffic Signal,Champaign,2017,0,3,4258,-88.2769000010503,40.1274999991577
A-Injury,Overturned,Severe Cross Wind,Daylight,Dry,No Controls,Tolono,2017,0,1,4259,-88.2838000008069,39.9668999989661
A-Injury,Rear End,Clear,Daylight,Dry,No Controls,Urbana,2017,0,1,4260,-88.1906600016433,40.1420099980606
A-Injury,Angle,Cloudy/overcast,Daylight,Dry,Stop Sign/flasher,Urbana,2017,0,4,4262,-88.2256900014772,40.1163999974286
A-Injury,Fixed Object,Clear,Darkness,Dry,Stop Sign/flasher,Unincorporated,2017,0,1,4266,-88.1373000006825,40.3590999991705
A-Injury,Angle,Clear,Daylight,Dry,Traffic Signal,Urbana,2017,0,2,4267,-88.2090200022449,40.1165099978658
A-Injury,Rear End,Rain,Daylight,Wet,No Controls,Urbana,2017,0,2,4268,-88.2277000009954,40.1274999991495
A-Injury,Angle,Clear,Daylight,Dry,Stop Sign/flasher,Unincorporated,2017,0,2,4271,-88.2329300007954,40.3115899993534
A-Injury,Fixed Object,Clear,Daylight,Dry,No Controls,Rantoul,2017,0,1,4272,-88.1582290005961,40.3081889991685
A-Injury,Sideswipe Same Direction,Clear,Daylight,Dry,Other Regualtory Sign,Unincorporated,2004,0,3,556,-88.1064875376479,40.1206652719281
A-Injury,Overturned,Severe Cross Wind,Daylight,Dry,No Controls,Champaign,2017,0,1,4273,-88.3594000010832,40.1274999990116
A-Injury,Overturned,Clear,Daylight,Dry,Lane Use Marking,Unincorporated,2017,0,1,4275,-88.1759880013065,40.2697499989853
A-Injury,Rear End,Clear,Daylight,Dry,Lane Use Marking,Unincorporated,2017,0,2,4276,-88.1612410013214,39.9610409991438
A-Injury,Rear End,Clear,Daylight,Dry,Lane Use Marking,Unincorporated,2017,0,1,4277,-88.1588330005604,40.3495919987948
A-Injury,Turning,Clear,Daylight,Dry,Stop Sign/flasher,Unincorporated,2017,0,3,4278,-88.3848400004246,40.3254099990214
A-Injury,Rear End,Clear,Daylight,Dry,Other Warning Sign,Champaign,2017,0,1,4279,-88.2698600004037,40.1371599994992
A-Injury,Angle,Clear,Daylight,Dry,Stop Sign/flasher,Urbana,2017,0,2,4280,-88.1629000012376,40.1493999991251
A-Injury,Turning,Clear,Daylight,Dry,Traffic Signal,Urbana,2017,0,1,4283,-88.1994314804257,40.1273899980592
A-Injury,Rear End,Clear,Daylight,Dry,No Controls,Urbana,2017,0,1,4285,-88.1627000007434,40.1104999989548
A-Injury,Turning,Clear,Daylight,Dry,No Controls,Urbana,2017,0,1,4286,-88.198800001084,40.127499999432
A-Injury,Pedalcyclist,Clear,Daylight,Dry,Lane Use Marking,Unincorporated,2017,0,1,4288,-87.9585560012384,40.0842939992593
A-Injury,Turning,Clear,Daylight,Dry,Traffic Signal,Champaign,2017,0,2,4289,-88.2578000011747,40.1162999992739
A-Injury,Fixed Object,Cloudy/overcast,Daylight,Dry,No Controls,Savoy,2017,0,1,4290,-88.251600001287,40.0514999994851
A-Injury,Head On,Clear,Daylight,Dry,Lane Use Marking,Unincorporated,2017,0,5,4291,-88.1616190012989,40.0356329993982
A-Injury,Fixed Object,Clear,Daylight,Dry,No Controls,Unincorporated,2017,0,1,4293,-88.3806000006737,40.1282999987448
A-Injury,Sideswipe Opposite Direction,Clear,Daylight,Dry,No Controls,Rantoul,2017,0,1,4294,-88.1275280856221,40.3121800079479
A-Injury,Fixed Object,Clear,Daylight,Dry,No Controls,Urbana,2017,0,1,4295,-88.1901000013351,40.0545999991929
A-Injury,Head On,Clear,Daylight,Dry,No Controls,Unincorporated,2017,0,1,4297,-88.0665000006531,40.0103999989023
A-Injury,Turning,Clear,Daylight,Dry,No Controls,Unincorporated,2017,0,1,4299,-88.2698400180198,40.2237510384162
A-Injury,Rear End,Clear,Darkness,Dry,No Controls,Champaign,2017,0,2,4300,-88.2994000008749,40.0985999990457
A-Injury,Fixed Object,Clear,Daylight,Dry,No Controls,Unincorporated,2017,0,2,4301,-88.1450000009711,40.122699999044
A-Injury,Angle,Clear,Daylight,Dry,Stop Sign/flasher,Urbana,2017,0,1,4302,-88.227200000954,40.1221999994161
A-Injury,Pedestrian,Clear,Daylight,Dry,No Controls,Champaign,2017,0,1,4304,-88.2641000014112,40.1280999995
A-Injury,Pedestrian,Clear,"Darkness, Lighted Road",Dry,Traffic Signal,Champaign,2017,0,2,4305,-88.286060001989,40.1129099976613
A-Injury,Rear End,Rain,Daylight,Wet,Lane Use Marking,Unincorporated,2017,0,1,4308,-88.1605300009251,39.8944999994672
A-Injury,Turning,Rain,"Darkness, Lighted Road",Wet,Stop Sign/flasher,Champaign,2017,0,4,4309,-88.2579500017882,40.1258599980425
A-Injury,Sideswipe Same Direction,Clear,Darkness,Dry,Lane Use Marking,Unincorporated,2017,0,2,4310,-88.1453210010961,40.1205089987938
A-Injury,Rear End,Clear,Daylight,Dry,Lane Use Marking,Unincorporated,2017,0,1,4311,-87.963322001469,40.1199589993278
A-Injury,Angle,Clear,Daylight,Dry,Traffic Signal,Champaign,2017,0,1,4312,-88.2438000006458,40.1026999992685
A-Injury,Turning,Clear,"Darkness, Lighted Road",Dry,Traffic Signal,Urbana,2017,0,2,4313,-88.1978064254753,40.1302732568083
A-Injury,Angle,Clear,Daylight,Dry,Traffic Signal,Champaign,2017,0,8,4314,-88.2437000015213,40.1378999988415
A-Injury,Overturned,Clear,Darkness,Dry,Lane Use Marking,Unincorporated,2017,0,2,4316,-88.3025300004091,40.0809999994905
A-Injury,Turning,Clear,"Darkness, Lighted Road",Dry,No Controls,Urbana,2017,0,1,4318,-88.2194000010688,40.1299999993202
A-Injury,Fixed Object,Clear,"Darkness, Lighted Road",Dry,Lane Use Marking,Champaign,2017,0,1,4320,-88.2409340015073,40.1347959993227
A-Injury,Rear End,Clear,Daylight,Dry,Traffic Signal,Champaign,2017,0,1,4321,-88.2469000010192,40.1124999988605
A-Injury,Turning,Clear,"Darkness, Lighted Road",Dry,No Controls,Champaign,2017,0,1,4323,-88.2834000006854,40.1091999988309
A-Injury,Rear End,Clear,Darkness,Dry,Lane Use Marking,Unincorporated,2004,0,1,557,-88.0026967243461,40.1200480276938
A-Injury,Angle,Clear,Daylight,Dry,Traffic Signal,Rantoul,2005,0,1,558,-88.1478055669284,40.3082350946173
A-Injury,Fixed Object,Clear,Darkness,Dry,Lane Use Marking,Unincorporated,2017,0,5,4325,-88.054852000768,40.1203649986545
A-Injury,Turning,Clear,Daylight,Dry,Traffic Signal,Savoy,2017,0,3,4326,-88.251800000753,40.0517999987307
A-Injury,Rear End,Clear,Daylight,Dry,Lane Use Marking,Mahomet,2017,0,3,4327,-88.3641491245681,40.1870343609248
A-Injury,Turning,Clear,Daylight,Dry,Traffic Signal,Urbana,2017,0,2,4329,-88.2050000015343,40.1162999994811
A-Injury,Angle,Clear,Daylight,Dry,No Controls,Rantoul,2017,0,3,4331,-88.2520000004898,40.3259999993287
A-Injury,Rear End,Rain,Daylight,Wet,Lane Use Marking,Unincorporated,2017,0,3,4333,-87.9493130012578,40.1199409993678
A-Injury,Pedalcyclist,Clear,Daylight,Dry,Stop Sign/flasher,Champaign,2017,0,1,4334,-88.3080400013899,40.0840704421074
A-Injury,Turning,Clear,Daylight,Dry,Traffic Signal,Urbana,2017,0,1,4335,-88.2194000008491,40.1199999989199
A-Injury,Overturned,Clear,Darkness,Dry,Lane Use Marking,Unincorporated,2017,0,1,4336,-88.4536490011309,40.1204619989534
A-Injury,Other Non Collision,Clear,Daylight,Dry,No Controls,Unincorporated,2017,0,2,4337,-87.9608000006782,40.2107999990369
A-Injury,Angle,Clear,Dawn,Dry,Stop Sign/flasher,Champaign,2017,0,1,4339,-88.294900000873,40.0547999995807
A-Injury,Rear End,Clear,Daylight,Dry,No Controls,Champaign,2017,0,1,4340,-88.2614000004641,40.0980999994378
A-Injury,Angle,Clear,Daylight,Dry,Stop Sign/flasher,Champaign,2017,0,1,4341,-88.2516700069038,40.1090106022992
A-Injury,Turning,Clear,Daylight,Dry,Traffic Signal,Urbana,2017,0,2,4344,-88.197700001397,40.130199998916
A-Injury,Rear End,Clear,Daylight,Dry,No Controls,Urbana,2017,0,1,4347,-88.1758000012558,40.1129999990458
A-Injury,Pedestrian,Clear,Daylight,Dry,Lane Use Marking,Champaign,2017,0,3,4348,-88.2763000013301,40.0877999988161
A-Injury,Fixed Object,Rain,Daylight,Wet,Lane Use Marking,Unincorporated,2017,0,1,4349,-88.1966550009361,40.2394719990325
A-Injury,Other Non Collision,Clear,Daylight,Dry,Lane Use Marking,Urbana,2017,0,1,4350,-88.1940570005737,40.1335199992634
A-Injury,Angle,Clear,Daylight,Dry,Traffic Signal,Urbana,2017,0,2,4351,-88.2050000015343,40.1162999994811
A-Injury,Head On,Clear,Daylight,Dry,Lane Use Marking,Unincorporated,2017,0,4,4353,-88.3122249546222,40.1589143213951
A-Injury,Sideswipe Same Direction,Clear,Daylight,Dry,Traffic Signal,Urbana,2017,0,1,4354,-88.1908000006638,40.1418999989082
A-Injury,Angle,Clear,Daylight,Dry,Stop Sign/flasher,Urbana,2017,0,3,4355,-88.1955000012782,40.1076999991793
A-Injury,Rear End,Clear,Daylight,Dry,No Controls,Urbana,2017,0,1,4360,-88.197700001397,40.130199998916
A-Injury,Rear End,Cloudy/overcast,Daylight,Wet,No Controls,Urbana,2017,0,1,4362,-88.1994000005041,40.1274999990039
A-Injury,Rear End,Clear,Daylight,Dry,No Controls,Champaign,2017,0,1,4363,-88.2575299478117,40.0864533929505
A-Injury,Rear End,Clear,"Darkness, Lighted Road",Dry,Stop Sign/flasher,Champaign,2017,0,1,4364,-88.2764000014397,40.0895999991173
A-Injury,Angle,Clear,"Darkness, Lighted Road",Dry,Traffic Signal,Champaign,2017,0,1,4367,-88.2770000011894,40.118399999335
A-Injury,Angle,Rain,Daylight,Wet,Stop Sign/flasher,Unincorporated,2017,0,2,4368,-88.0096000009126,40.1861999988771
A-Injury,Angle,Clear,Daylight,Dry,No Controls,Ludlow,2017,0,2,4369,-88.1750000007814,40.3704999987354
A-Injury,Fixed Object,Clear,Dusk,Dry,No Controls,Broadlands,2017,0,3,4370,-87.9949000010716,39.9059999993316
A-Injury,Rear End,Clear,Darkness,Dry,Lane Use Marking,Unincorporated,2017,0,1,4371,-88.3036670010617,39.9756809995108
A-Injury,Head On,Clear,"Darkness, Lighted Road",Dry,No Controls,Champaign,2017,0,2,4372,-88.2680000009154,40.1162999989302
A-Injury,Angle,Clear,Daylight,Dry,Stop Sign/flasher,Champaign,2017,0,1,4373,-88.2468000003876,40.1152999995484
A-Injury,Turning,Clear,Dusk,Dry,No Controls,Rantoul,2017,0,1,4374,-88.1722700006987,40.3083389990812
A-Injury,Fixed Object,Clear,Daylight,Dry,Traffic Signal,Urbana,2017,0,1,4376,-88.1905000011409,40.0859999990966
A-Injury,Sideswipe Same Direction,Clear,Darkness,Dry,Lane Use Marking,Rantoul,2017,0,1,4378,-88.1841810010896,40.3101749991475
A-Injury,Overturned,Clear,Daylight,Dry,No Controls,Unincorporated,2017,0,1,4379,-88.0474000005667,40.1422999990399
A-Injury,Head On,Clear,Daylight,Other,Other Regualtory Sign,Rantoul,2017,0,3,4380,-88.16141100049,40.3024719987248
A-Injury,Rear End,Fog/smoke/haze,Darkness,Wet,No Controls,Unincorporated,2017,0,1,4381,-88.0786000007129,40.3853999993789
A-Injury,Pedestrian,Clear,Dusk,Wet,Other,Champaign,2017,0,1,4383,-88.2418000009351,40.116299999518
A-Injury,Rear End,Clear,"Darkness, Lighted Road",Dry,Traffic Signal,Champaign,2017,0,2,4384,-88.2436000011352,40.1369999991362
A-Injury,Turning,Clear,Daylight,Dry,Traffic Signal,Urbana,2017,0,1,4385,-88.196546650908,40.1323976413597
A-Injury,Fixed Object,Clear,"Darkness, Lighted Road",Dry,No Controls,Urbana,2017,0,1,4386,-88.2047000004746,40.0886999989278
A-Injury,Fixed Object,Clear,Darkness,Wet,Lane Use Marking,Unincorporated,2017,0,1,4387,-88.3040130009148,40.0277379991038
A-Injury,Angle,Clear,"Darkness, Lighted Road",Dry,Stop Sign/flasher,Champaign,2017,0,1,4388,-88.2861104003803,40.1145502405869
A-Injury,Head On,Clear,Daylight,Dry,Traffic Signal,Champaign,2017,0,3,4389,-88.314500001185,40.1131999990939
A-Injury,Turning,Clear,Daylight,Dry,Traffic Signal,Champaign,2017,0,1,4390,-88.276300001216,40.0835999987868
A-Injury,Fixed Object,Clear,"Darkness, Lighted Road",Dry,Lane Use Marking,Rantoul,2017,0,1,4391,-88.1841231717489,40.3060514691572
A-Injury,Pedestrian,Clear,"Darkness, Lighted Road",Dry,Traffic Signal,Champaign,2017,0,1,4392,-88.2506000011391,40.1419999988041
A-Injury,Sideswipe Same Direction,Clear,Dusk,Dry,Lane Use Marking,Urbana,2017,0,1,4394,-88.2097480011802,40.1352169993808
A-Injury,Rear End,Clear,Daylight,Snow Or Slush,Stop Sign/flasher,Champaign,2017,0,2,4395,-88.2860000009772,40.1092999990456
A-Injury,Fixed Object,Clear,"Darkness, Lighted Road",Dry,Traffic Signal,Urbana,2017,0,1,4399,-88.2195500026812,40.1324400592783
A-Injury,Rear End,Clear,Daylight,Dry,Traffic Signal,Unincorporated,2017,0,1,4400,-88.2188500023665,40.0835199979596
A-Injury,Rear End,Clear,Daylight,Dry,Other Regualtory Sign,Champaign,2017,0,1,4401,-88.2682326549885,40.1371357255612
A-Injury,Pedestrian,Cloudy/overcast,"Darkness, Lighted Road",Wet,Stop Sign/flasher,Champaign,2017,0,1,4402,-88.2426197870162,40.1102414466044
A-Injury,Rear End,Clear,Daylight,Dry,Lane Use Marking,St. Joseph,2017,0,1,4407,-88.0569092492125,40.1133296464243
A-Injury,Pedalcyclist,Rain,Daylight,Dry,Stop Sign/flasher,Urbana,2017,0,1,4408,-88.2255000009483,40.1143999992681
A-Injury,Pedalcyclist,Clear,Daylight,Dry,Stop Sign/flasher,Urbana,2017,0,1,4410,-88.1844000014676,40.1088999994331
A-Injury,Pedestrian,Clear,Daylight,Dry,No Controls,Unincorporated,2017,0,1,4411,-88.1762205553182,40.1086999987235
A-Injury,Pedalcyclist,Clear,Daylight,Dry,Traffic Signal,Urbana,2017,0,1,4415,-88.223800001288,40.1104999994935
A-Injury,Pedestrian,Clear,Daylight,Dry,No Controls,Champaign,2017,0,1,4419,-88.2531000008692,40.1287999992049
A-Injury,Pedestrian,Clear,Daylight,Dry,Other Rr Crossing,Champaign,2017,0,1,4421,-88.2579000009776,40.1270999990102
A-Injury,Pedestrian,Clear,Daylight,Dry,No Controls,Champaign,2017,0,1,4424,-88.2769000013547,40.1273999990717
A-Injury,Rear End,Clear,Darkness,Dry,No Controls,Unincorporated,1999,0,2,438,-88.1438656026362,40.1204479244404
A-Injury,Other Object,Clear,Daylight,Dry,No Controls,Urbana,2017,0,1,4432,-88.2050000014075,40.1101999994758
A-Injury,Pedestrian,Rain,Daylight,Wet,No Controls,Champaign,2017,0,1,4433,-88.2452000008732,40.1172999989944
A-Injury,Pedestrian,Clear,"Darkness, Lighted Road",Dry,No Controls,Champaign,2017,0,1,4438,-88.2320000009469,40.1101999987909
A-Injury,Pedestrian,Clear,"Darkness, Lighted Road",Dry,Traffic Signal,Champaign,2017,0,1,4439,-88.2467000007648,40.1100999991803
A-Injury,Overturned,Clear,Daylight,Dry,Lane Use Marking,Unincorporated,2005,0,2,559,-88.2508771565958,40.1757794991498
A-Injury,Overturned,Clear,Daylight,Dry,Lane Use Marking,Unincorporated,2005,0,1,560,-88.3094996141845,40.1677441193152
A-Injury,Rear End,Clear,Darkness,Dry,Lane Use Marking,Unincorporated,2005,0,6,562,-88.212596244616,40.2135869723444
A-Injury,Rear End,Clear,Daylight,Dry,Traffic Signal,Rantoul,2003,0,2,86,-88.128298565546,40.3121620503356
A-Injury,Fixed Object,Rain,Daylight,Wet,Lane Use Marking,Unincorporated,2005,0,1,563,-88.3036112775043,39.9851580517663
A-Injury,Rear End,Fog/smoke/haze,Darkness,Other,Traffic Signal,Savoy,2005,0,1,565,-88.256039340489,40.0247509084422
A-Injury,Overturned,Snow,Daylight,Ice,Lane Use Marking,Champaign,2005,0,1,567,-88.3048813748671,40.1050985836768
A-Injury,Overturned,Clear,Darkness,Dry,Lane Use Marking,Unincorporated,2005,0,2,568,-88.3039118954315,40.0142884273253
A-Injury,Other Non Collision,Clear,Daylight,Dry,No Controls,Homer,2005,0,1,569,-87.9541826382369,40.0362260308369
A-Injury,Pedalcyclist,Clear,Dusk,Dry,No Controls,Unincorporated,2005,0,1,570,-88.3090279486586,39.9672169276319
A-Injury,Overturned,Clear,Daylight,Dry,Lane Use Marking,Champaign,2005,0,1,571,-88.3068483560142,40.1184100721679
A-Injury,Angle,Clear,Daylight,Dry,No Controls,Rantoul,2005,0,4,572,-88.1331167374213,40.3033881844067
A-Injury,Other Object,Clear,Daylight,Dry,Other Warning Sign,Unincorporated,2005,0,1,573,-87.9585017354662,40.0760914438518
A-Injury,Rear End,Clear,Daylight,Dry,Lane Use Marking,Urbana,2005,0,1,574,-88.2234489354209,40.1349902109795
A-Injury,Overturned,Clear,Daylight,Dry,Lane Use Marking,Unincorporated,2005,0,1,575,-88.0689906480804,40.1205707862422
A-Injury,Angle,Clear,Darkness,Dry,Stop Sign/flasher,Savoy,2005,0,1,576,-88.2383950822982,40.0689298556151
A-Injury,Fixed Object,Rain,"Darkness, Lighted Road",Wet,Other Warning Sign,Champaign,2005,0,2,577,-88.281099225403,40.1438210316968
A-Injury,Overturned,Fog/smoke/haze,Daylight,Ice,Lane Use Marking,Unincorporated,2005,0,1,578,-88.2614066921104,40.1657654380808
A-Injury,Head On,Clear,Darkness,Dry,Lane Use Marking,Unincorporated,2005,0,2,579,-88.1767569101482,40.2677653861741
A-Injury,Fixed Object,Snow,Darkness,Snow Or Slush,Lane Use Marking,Unincorporated,2005,0,1,580,-88.0075548152345,40.1201157708666
A-Injury,Rear End,Clear,Daylight,Dry,No Passing,Unincorporated,2005,0,3,581,-88.2930979362182,39.9156447292602
A-Injury,Fixed Object,Clear,Daylight,Dry,Lane Use Marking,Unincorporated,2005,0,2,582,-88.1866665990813,40.2640179807061
A-Injury,Sideswipe Same Direction,Clear,Daylight,Dry,Lane Use Marking,Unincorporated,2005,0,2,583,-88.2952861449893,40.1558995950767
A-Injury,Rear End,Clear,Daylight,Dry,Stop Sign/flasher,Rantoul,2005,0,1,584,-88.1540779025566,40.3037497701703
A-Injury,Parked Motor Vehicle,Clear,Daylight,Dry,No Controls,Rantoul,2005,0,2,585,-88.133233338142,40.3104314596223
A-Injury,Parked Motor Vehicle,Clear,Daylight,Dry,No Controls,Rantoul,2005,0,1,586,-88.1674650069481,40.307238565744
A-Injury,Sideswipe Same Direction,Clear,Daylight,Dry,Lane Use Marking,Rantoul,2005,0,1,588,-88.1839561959939,40.3045967402023
A-Injury,Turning,Clear,Daylight,Dry,Traffic Signal,Savoy,2005,0,4,589,-88.2491725038875,40.0689961111108
A-Injury,Fixed Object,Clear,Daylight,Dry,No Controls,Urbana,2005,0,1,590,-88.1900724484187,40.0769550900169
A-Injury,Head On,Clear,Daylight,Dry,Lane Use Marking,Champaign,2005,0,1,591,-88.263851974469,40.1359109909392
A-Injury,Turning,Clear,Daylight,Dry,Traffic Signal,Urbana,2005,0,1,592,-88.1621496635683,40.0839968072405
A-Injury,Angle,Clear,Daylight,Dry,Lane Use Marking,Mahomet,2005,0,1,593,-88.3726902457682,40.1897544368122
A-Injury,Rear End,Clear,Daylight,Dry,Lane Use Marking,Unincorporated,2005,0,1,594,-88.3431620641319,40.1205124443649
A-Injury,Rear End,Snow,Daylight,Snow Or Slush,Lane Use Marking,Unincorporated,2005,0,1,595,-87.9476044273793,40.1200455549968
A-Injury,Turning,Clear,Daylight,Dry,Traffic Signal,Rantoul,2000,0,2,273,-88.1558227741109,40.3098309113789
A-Injury,Overturned,Clear,Daylight,Dry,No Controls,St. Joseph,2005,0,2,596,-88.0137219350602,40.1129923442078
A-Injury,Rear End,Clear,Darkness,Snow Or Slush,Unknown,Unincorporated,2005,0,1,597,-88.2384077569136,40.1881064078382
A-Injury,Fixed Object,Clear,Daylight,Dry,Lane Use Marking,Unincorporated,2005,0,2,598,-88.4534903982761,40.1072981250147
A-Injury,Sideswipe Same Direction,Clear,"Darkness, Lighted Road",Dry,Lane Use Marking,Mahomet,2005,0,1,599,-88.3640128654579,40.1868862782551
A-Injury,Angle,Clear,Darkness,Dry,Stop Sign/flasher,Mahomet,1999,0,2,412,-88.3652697296889,40.1843177140134
A-Injury,Fixed Object,Clear,Daylight,Dry,No Controls,Unincorporated,1999,0,1,413,-88.3049885463807,40.1140478075084
A-Injury,Turning,Clear,Daylight,Dry,Stop Sign/flasher,Unincorporated,2005,0,4,601,-88.1612342591465,39.9818906159372
A-Injury,Fixed Object,Fog/smoke/haze,Daylight,Dry,No Passing,Unincorporated,2005,0,1,602,-88.2613753308793,40.1657930775165
A-Injury,Overturned,Rain,Daylight,Wet,Other Warning Sign,Unincorporated,2005,0,3,603,-88.0644553912202,40.1205273834538
A-Injury,Sideswipe Same Direction,Clear,Daylight,Dry,Other,Champaign,2005,0,1,604,-88.2419619617239,40.1348249004052
A-Injury,Turning,Clear,Daylight,Dry,Traffic Signal,Savoy,2005,0,2,605,-88.2519244156487,40.0510016378512
A-Injury,Angle,Clear,Daylight,Wet,Traffic Signal,Rantoul,2005,0,3,606,-88.1365106922201,40.3121170864689
A-Injury,Turning,Clear,Daylight,Dry,No Controls,Rantoul,2005,0,1,607,-88.1473878394233,40.3082534938708
A-Injury,Rear End,Clear,Daylight,Dry,Lane Use Marking,Unincorporated,2005,0,2,608,-88.2322766487142,40.1941356481163
A-Injury,Angle,Clear,Daylight,Dry,Traffic Signal,Champaign,1999,0,2,421,-88.2451371508181,40.112631524087
A-Injury,Overturned,Clear,Daylight,Dry,Lane Use Marking,Mahomet,2005,0,1,610,-88.3817727924527,40.1921939079492
A-Injury,Pedestrian,Clear,Daylight,Dry,Traffic Signal,Rantoul,2000,0,1,339,-88.1513848457899,40.3082208714428
A-Injury,Fixed Object,Clear,Darkness,Dry,No Controls,Urbana,2005,0,3,611,-88.2020584568229,40.0965107743088
A-Injury,Angle,Snow,Darkness,Snow Or Slush,Lane Use Marking,Unincorporated,2005,0,2,612,-88.4167906604701,40.1204322705765
A-Injury,Overturned,Snow,Darkness,Ice,Lane Use Marking,Unincorporated,2005,0,1,613,-87.9576948734657,39.988727840124
A-Injury,Fixed Object,Rain,Daylight,Wet,Lane Use Marking,Champaign,2005,0,2,614,-88.2845723432515,40.1440833686705
A-Injury,Turning,Clear,Daylight,Dry,Lane Use Marking,Unincorporated,2005,0,6,615,-88.3130431963583,40.1201135045784