crash_severity,collision_type,weather,light,road_surface,traffic_control,city,year,fatality,injury,id,x,y
A-Injury,Parked Motor Vehicle,Unknown,Daylight,Unknown,Unknown,Savoy,2005,0,1,617,-88.2486912532047,40.072085697536
A-Injury,Overturned,Rain,Daylight,Wet,Lane Use Marking,Champaign,2005,0,1,618,-88.3046933625863,40.1190019660661
A-Injury,Head On,Snow,Darkness,Ice,Lane Use Marking,Unincorporated,2005,0,3,619,-88.1484141698302,40.3625216980686
A-Injury,Fixed Object,Clear,Darkness,Dry,Lane Use Marking,Unincorporated,2005,0,1,620,-87.9774395975804,40.119837312929
A-Injury,Turning,Clear,Daylight,Dry,Lane Use Marking,Champaign,2005,0,1,621,-88.2712518618695,40.1570723479617
A-Injury,Overturned,Clear,Daylight,Dry,Lane Use Marking,Mahomet,2005,0,1,622,-88.3611445687226,40.1857564321674
A-Injury,Overturned,Clear,Daylight,Dry,Lane Use Marking,Unincorporated,2005,0,1,623,-88.2928102798283,39.8798698946108
A-Injury,Rear End,Clear,Daylight,Dry,Traffic Signal,Champaign,2005,0,2,624,-88.2385957116451,40.098040476028
A-Injury,Turning,Clear,Daylight,Dry,No Controls,Mahomet,2005,0,2,626,-88.3652928688063,40.192949086665
A-Injury,Overturned,Clear,Daylight,Unknown,No Controls,Unincorporated,2005,0,1,627,-88.3466484796323,40.2889336935677
A-Injury,Rear End,Snow,Daylight,Snow Or Slush,No Controls,Unincorporated,2005,0,3,628,-88.2895818863985,40.2819713074084
A-Injury,Angle,Clear,Daylight,Dry,Stop Sign/flasher,Unincorporated,2005,0,3,629,-88.2773710500903,40.1857928233762
A-Injury,Angle,Clear,Daylight,Dry,No Controls,Unincorporated,2005,0,1,630,-88.2520611261902,40.3260519834875
A-Injury,Rear End,Clear,Daylight,Dry,Traffic Signal,Unincorporated,2005,0,5,631,-88.2383853431081,40.0833348200939
A-Injury,Angle,Clear,Daylight,Dry,No Controls,Unincorporated,2005,0,2,632,-88.2322054269778,40.2677650565446
A-Injury,Rear End,Rain,Dusk,Wet,No Controls,Unincorporated,2005,0,3,633,-88.2414146143253,40.1779952263375
A-Injury,Angle,Clear,Daylight,Dry,Stop Sign/flasher,Unincorporated,2002,0,4,154,EMPTY,
A-Injury,Turning,Rain,Daylight,Wet,No Controls,Unincorporated,2003,0,7,53,-88.2410071434575,40.1774773785141
A-Injury,Rear End,Clear,Daylight,Dry,No Controls,Champaign,2002,0,1,178,-88.2579506453823,40.134304759746
A-Injury,Rear End,Clear,Daylight,Wet,Lane Use Marking,Unincorporated,2002,0,1,179,-88.0679470519071,40.1205563483459
A-Injury,Angle,Clear,Daylight,Dry,Stop Sign/flasher,Unincorporated,2002,0,4,180,-88.1436404898739,40.1133619603603
A-Injury,Overturned,Clear,Daylight,Dry,No Controls,Champaign,2002,0,1,181,-88.2855342859878,40.1417014773003
A-Injury,Angle,Clear,"Darkness, Lighted Road",Wet,Traffic Signal,Champaign,2001,0,2,204,-88.2579296297565,40.1321592484929
A-Injury,Rear End,Clear,Darkness,Dry,No Controls,Mahomet,2001,0,2,205,-88.4060501614799,40.1919106803159
A-Injury,Pedalcyclist,Clear,Daylight,Dry,Stop Sign/flasher,Urbana,2001,0,1,206,-88.2173925604677,40.1164525697853
A-Injury,Angle,Clear,Daylight,Dry,Traffic Signal,Champaign,2001,0,3,207,-88.2435184667744,40.1126019034444
A-Injury,Angle,Clear,Daylight,Dry,Traffic Signal,Rantoul,2001,0,2,208,-88.155770220666,40.3072851409121
A-Injury,Fixed Object,Clear,Daylight,Dry,No Controls,Champaign,2001,0,1,209,-88.2536433315741,40.1126419128709
A-Injury,Turning,Clear,Daylight,Dry,Stop Sign/flasher,Ludlow,2001,0,1,210,-88.1206458143072,40.384973876269
A-Injury,Angle,Clear,"Darkness, Lighted Road",Dry,Traffic Signal,Urbana,2001,0,3,211,-88.2193700773236,40.1164391840334
A-Injury,Rear End,Clear,Daylight,Dry,No Controls,Champaign,2001,0,1,212,-88.2459779979151,40.0897334391264
A-Injury,Angle,Clear,Darkness,Dry,Lane Use Marking,Urbana,2001,0,3,213,-88.1877531158196,40.1470198248382
A-Injury,Angle,Fog/smoke/haze,Dawn,Dry,Stop Sign/flasher,Unincorporated,2005,0,3,634,-88.2381941017904,40.0397306783739
A-Injury,Fixed Object,Clear,Daylight,Dry,No Controls,Unincorporated,2005,0,1,635,-88.2129008963227,39.9953353774064
A-Injury,Overturned,Clear,Daylight,Dry,No Controls,Unincorporated,2005,0,4,636,-88.1806024664391,40.028503190631
A-Injury,Overturned,Clear,Darkness,Dry,No Controls,Unincorporated,2005,0,1,637,-88.1747486956094,40.3009303527597
A-Injury,Fixed Object,Fog/smoke/haze,Daylight,Wet,No Controls,Unincorporated,2005,0,1,638,-88.1747402345354,40.3001492874775
A-Injury,Sideswipe Same Direction,Clear,Daylight,Dry,No Controls,Unincorporated,2005,0,1,639,-88.0618671329428,40.0477107116665
A-Injury,Angle,Clear,Daylight,Dry,Stop Sign/flasher,Unincorporated,2005,0,2,640,-88.0476478784679,40.0909465135461
A-Injury,Overturned,Snow,Darkness,Ice,No Controls,Unincorporated,2005,0,1,641,-88.0210215386767,40.2600475154172
A-Injury,Angle,Clear,Daylight,Dry,No Controls,Unincorporated,2005,0,2,642,-88.0286885540141,39.9814739247365
A-Injury,Overturned,Clear,Darkness,Dry,No Controls,Unincorporated,2005,0,1,643,-87.9603808238565,40.1818408887469
A-Injury,Overturned,Clear,Daylight,Dry,No Controls,Unincorporated,2000,0,1,274,-88.154414550609,40.1203824195027
A-Injury,Angle,Clear,Daylight,Unknown,Stop Sign/flasher,Unincorporated,2000,0,4,275,-88.0475800229679,40.1279206537813
A-Injury,Fixed Object,Clear,Darkness,Dry,No Controls,Unincorporated,2005,0,1,644,-87.9600960839978,40.1570070428026
A-Injury,Angle,Rain,Daylight,Wet,Stop Sign/flasher,Fisher,1999,0,1,414,-88.3456874360005,40.3108032968844
A-Injury,Rear End,Clear,Daylight,Dry,No Controls,Champaign,1999,0,2,415,-88.2579365864642,40.1326223788852
A-Injury,Pedalcyclist,Clear,Daylight,Dry,No Controls,Unincorporated,2005,0,1,645,-88.0833097536787,39.9380197711831
A-Injury,Overturned,Clear,Darkness,Dry,No Controls,Unincorporated,2005,0,1,646,-88.2287088010513,40.0397725990613
A-Injury,Parked Motor Vehicle,Rain,Darkness,Wet,No Controls,Unincorporated,2005,0,1,647,-87.947227770609,40.0762737559901
A-Injury,Train,Rain,Darkness,Wet,Rr Crossing Gate,Unincorporated,2005,0,2,648,-88.2154449411319,40.1710410564366
A-Injury,Overturned,Clear,Daylight,Dry,No Controls,Unincorporated,2005,0,1,649,-88.2310072507982,40.18558050862
A-Injury,Angle,Clear,Daylight,Dry,Stop Sign/flasher,Unincorporated,2005,0,2,650,-88.2584418466283,40.1856607096301
A-Injury,Fixed Object,Clear,Darkness,Dry,No Controls,Unincorporated,2005,0,4,651,-88.1954608949386,40.2384363937446
A-Injury,Angle,Clear,Daylight,Dry,Stop Sign/flasher,Unincorporated,2005,0,1,652,-88.1550789970174,40.2390584024767
A-Injury,Rear End,Clear,Daylight,Dry,No Controls,Unincorporated,2005,0,1,653,-88.2219934485806,40.2386656429623
A-Injury,Fixed Object,Clear,Darkness,Dry,No Controls,Unincorporated,2005,0,1,654,-88.0610272436159,40.3272105679334
A-Injury,Overturned,Clear,Daylight,Dry,Lane Use Marking,Champaign,2005,0,3,656,-88.3040228497535,40.0789712696148
A-Injury,Animal,Clear,Darkness,Dry,No Controls,Unincorporated,2005,0,1,657,-88.3708228614363,40.2048252067201
A-Injury,Fixed Object,Clear,Daylight,Dry,No Controls,Urbana,2005,0,1,663,-88.190663,40.091114
A-Injury,Angle,Clear,Daylight,Dry,Stop Sign/flasher,Champaign,2005,0,1,658,-88.2431156508192,40.1153511273423
A-Injury,Overturned,Clear,Daylight,Dry,Lane Use Marking,Unincorporated,2003,0,1,87,-88.1450770323244,40.367452475554
A-Injury,Angle,Rain,Daylight,Wet,Traffic Signal,Champaign,2005,0,2,659,-88.242175429205,40.1178259653945
A-Injury,Pedestrian,Clear,"Darkness, Lighted Road",Dry,No Controls,Champaign,2005,0,1,660,-88.2388061320679,40.1241423297854
A-Injury,Turning,Rain,"Darkness, Lighted Road",Wet,Traffic Signal,Champaign,2005,0,2,661,-88.2387965888756,40.1272467301059
A-Injury,Turning,Clear,Daylight,Dry,Stop Sign/flasher,Urbana,2005,0,1,664,-88.1945719385318,40.1056738124593
A-Injury,Sideswipe Opposite Direction,Clear,Dusk,Dry,No Controls,Urbana,2005,0,3,665,-88.1908143224274,40.1027595444626
A-Injury,Overturned,Clear,Darkness,Dry,No Controls,Champaign,2005,0,1,666,-88.2468950863286,40.127764026635
A-Injury,Fixed Object,Clear,Daylight,Wet,Lane Use Marking,Champaign,2005,0,1,667,-88.2406333023011,40.1174594996581
A-Injury,Turning,Clear,Daylight,Dry,Traffic Signal,Champaign,2005,0,1,668,-88.2771912125584,40.1392387502071
A-Injury,Fixed Object,Snow,Darkness,Snow Or Slush,No Controls,Champaign,2005,0,1,669,-88.3133810903904,40.1041994786564
A-Injury,Overturned,Clear,Daylight,Dry,No Controls,Urbana,2005,0,1,670,-88.1690835208639,40.0847514965423
A-Injury,Pedalcyclist,Clear,Daylight,Dry,Stop Sign/flasher,Champaign,2005,0,1,671,-88.2403080396448,40.1079097123128
A-Injury,Angle,Clear,Daylight,Dry,Stop Sign/flasher,Champaign,2005,0,1,672,-88.2386916400037,40.1079348368823
A-Injury,Pedestrian,Clear,Daylight,Dry,No Controls,Champaign,2005,0,1,673,-88.2387058559046,40.1109134033882
A-Injury,Fixed Object,Clear,"Darkness, Lighted Road",Dry,No Controls,Urbana,2005,0,1,674,-88.2049274570446,40.1101037328879
A-Injury,Angle,Clear,Daylight,Dry,Traffic Signal,Champaign,2005,0,1,675,-88.2333912475804,40.1014716446583
A-Injury,Turning,Clear,"Darkness, Lighted Road",Dry,No Controls,Champaign,2005,0,1,676,-88.2334864745911,40.1070436254747
A-Injury,Angle,Clear,Daylight,Unknown,Stop Sign/flasher,Champaign,2005,0,1,677,-88.2334791964094,40.1054187295376
A-Injury,Turning,Clear,Daylight,Dry,No Controls,Champaign,2005,0,2,678,-88.2321227325799,40.1231224031141
A-Injury,Parked Motor Vehicle,Clear,Daylight,Dry,No Controls,Champaign,2005,0,4,679,-88.2288042793323,40.1062981320734
A-Injury,Parked Motor Vehicle,Rain,Darkness,Wet,No Controls,Unincorporated,2005,0,1,680,-88.1946372518286,40.122098016945
A-Injury,Turning,Clear,Daylight,Dry,Stop Sign/flasher,Urbana,2005,0,1,681,-88.1627197334428,40.1058488074822
A-Injury,Turning,Clear,Daylight,Dry,Traffic Signal,Champaign,2005,0,2,682,-88.2436546610806,40.1336173296324
A-Injury,Rear End,Clear,Daylight,Dry,No Controls,Champaign,2005,0,1,683,-88.2435193779539,40.11280805885
A-Injury,Turning,Clear,"Darkness, Lighted Road",Ice,Traffic Signal,Champaign,2005,0,1,685,-88.243655397993,40.1336174723992
A-Injury,Other Non Collision,Clear,Daylight,Dry,Traffic Signal,Champaign,2005,0,2,686,-88.2468736365427,40.0835445642901
A-Injury,Rear End,Clear,Daylight,Dry,No Controls,Champaign,2005,0,1,687,-88.2447161228838,40.0976847235211
A-Injury,Angle,Clear,Daylight,Dry,Traffic Signal,Champaign,2005,0,2,688,-88.2451873798106,40.1163078282572
A-Injury,Angle,Clear,Daylight,Wet,Traffic Signal,Champaign,2005,0,2,689,-88.2451873808843,40.1163078274345
A-Injury,Pedalcyclist,Clear,Daylight,Dry,Stop Sign/flasher,Champaign,2005,0,2,690,-88.2452015302198,40.1212000109569
A-Injury,Fixed Object,Clear,Darkness,Unknown,Lane Use Marking,Unincorporated,2000,0,1,276,-88.188895946388,40.258676317637
A-Injury,Rear End,Clear,Daylight,Snow Or Slush,Traffic Signal,Champaign,2000,0,1,277,-88.2767915047882,40.1128753059218
A-Injury,Overturned,Rain,Daylight,Wet,No Controls,Unincorporated,2002,0,1,175,EMPTY,
A-Injury,Angle,Clear,Daylight,Dry,Stop Sign/flasher,Champaign,2005,0,2,691,-88.2468729974285,40.1212053063892
A-Injury,Rear End,Clear,Daylight,Dry,No Controls,Champaign,2005,0,1,692,-88.2467966607907,40.1126190665207
A-Injury,Fixed Object,Rain,"Darkness, Lighted Road",Wet,No Controls,Urbana,2005,0,1,693,-88.2157718749968,40.1226083038663
A-Injury,Turning,Clear,Daylight,Dry,Stop Sign/flasher,Champaign,2005,0,1,694,-88.2542067349254,40.1126446958958
A-Injury,Turning,Clear,Daylight,Dry,No Controls,Champaign,2005,0,1,695,-88.2531781537485,40.1280051995481
A-Injury,Turning,Clear,Daylight,Dry,No Controls,Urbana,2005,0,2,696,-88.2193543603226,40.1154864290368
A-Injury,Pedalcyclist,Clear,Daylight,Dry,Traffic Signal,Champaign,2005,0,1,697,-88.25795987083,40.1358411803525
A-Injury,Turning,Clear,Daylight,Dry,Traffic Signal,Urbana,2005,0,1,698,-88.2195613492871,40.1341665890618
A-Injury,Angle,Clear,Daylight,Dry,No Controls,Champaign,2005,0,1,699,-88.2578735563424,40.1192104624317
A-Injury,Angle,Clear,Daylight,Dry,Stop Sign/flasher,Urbana,2005,0,1,700,-88.2191277227523,40.1006242992693
A-Injury,Angle,Clear,Daylight,Dry,Traffic Signal,Champaign,2005,0,2,701,-88.257766809712,40.1126589579908
A-Injury,Rear End,Clear,Daylight,Dry,Traffic Signal,Urbana,2005,0,1,702,-88.2193700773236,40.1164391840334
A-Injury,Turning,Clear,Daylight,Dry,No Controls,Champaign,2005,0,1,704,-88.2578455644482,40.1172915290456
A-Injury,Parked Motor Vehicle,Rain,Darkness,Wet,No Controls,Champaign,2005,0,1,725,-88.249404,40.118262
A-Injury,Rear End,Clear,Daylight,Dry,No Controls,Champaign,2005,0,2,705,-88.2579292648432,40.132159362726
A-Injury,Pedalcyclist,Rain,"Darkness, Lighted Road",Wet,Traffic Signal,Urbana,2005,0,1,706,-88.2192974816069,40.1090816899573
A-Injury,Fixed Object,Clear,Daylight,Dry,Lane Use Marking,Rantoul,2003,0,2,88,-88.1840123143073,40.3082134238145
A-Injury,Rear End,Clear,"Darkness, Lighted Road",Dry,Traffic Signal,Champaign,2005,0,1,707,-88.2579452748025,40.1380085089733
A-Injury,Rear End,Clear,Daylight,Dry,Traffic Signal,Champaign,2005,0,2,708,-88.2578791989801,40.1425855141017
A-Injury,Turning,Clear,Darkness,Dry,No Controls,Champaign,2005,0,3,709,-88.2579353490764,40.1258439381313
A-Injury,Rear End,Clear,Daylight,Wet,No Controls,Champaign,2005,0,1,710,-88.2575950127388,40.0974659756665
A-Injury,Turning,Clear,Daylight,Dry,Traffic Signal,Urbana,2005,0,2,711,-88.2193083578608,40.1105832101965
A-Injury,Rear End,Clear,Daylight,Dry,No Controls,Champaign,2005,0,1,713,-88.2770048262154,40.1311021184125
A-Injury,Turning,Clear,Daylight,Dry,Traffic Signal,Champaign,2005,0,1,714,-88.2767861162827,40.1128763148641
A-Injury,Rear End,Clear,Daylight,Wet,No Controls,Champaign,2005,0,2,715,-88.2764949734886,40.098246201741
A-Injury,Turning,Clear,Daylight,Dry,No Controls,Champaign,2005,0,3,716,-88.2769583758299,40.127836673943
A-Injury,Turning,Snow,"Darkness, Lighted Road",Wet,Traffic Signal,Champaign,2005,0,1,717,-88.2764948870334,40.098246142404
A-Injury,Rear End,Clear,Daylight,Dry,Traffic Signal,Champaign,2005,0,1,718,-88.2767877785395,40.1128749178658
A-Injury,Fixed Object,Clear,Darkness,Ice,No Controls,Unincorporated,2005,0,1,719,-88.3077394050491,40.0896301034686
A-Injury,Pedestrian,Rain,Daylight,Wet,No Controls,Urbana,2005,0,1,720,-88.2076181225184,40.1124807618199
A-Injury,Fixed Object,Clear,Daylight,Dry,No Controls,Champaign,2005,0,1,721,-88.2331368802669,40.116370718772
A-Injury,Rear End,Clear,Daylight,Dry,No Controls,Urbana,2005,0,4,722,-88.2239613691299,40.1127749752943
A-Injury,Angle,Clear,Daylight,Dry,Traffic Signal,Champaign,2005,0,2,723,-88.2451873808843,40.1163078274345
A-Injury,Angle,Clear,Daylight,Dry,Stop Sign/flasher,Champaign,2005,0,2,724,-88.27245342159,40.1164057803538
A-Injury,Head On,Other,Dawn,Ice,No Controls,Urbana,2005,0,2,726,-88.221651808658,40.116429885763
A-Injury,Rear End,Clear,Daylight,Dry,No Controls,Urbana,2005,0,1,727,-88.2157968373511,40.1164617677987
A-Injury,Turning,Clear,Daylight,Dry,Traffic Signal,Urbana,2005,0,4,728,-88.2075326842257,40.1164261335155
A-Injury,Pedestrian,Clear,Daylight,Dry,No Controls,Urbana,2005,0,1,729,-88.1678601547572,40.1133309599387
A-Injury,Angle,Clear,Daylight,Dry,Stop Sign/flasher,Champaign,2005,0,1,730,-88.2320864990127,40.1202537199642
A-Injury,Pedestrian,Clear,Daylight,Dry,Traffic Signal,Urbana,2005,0,1,731,-88.20902056614,40.116525243238
A-Injury,Pedestrian,Clear,Daylight,Dry,No Controls,Champaign,2005,0,1,732,-88.2518038041985,40.1255399767328
A-Injury,Fixed Object,Clear,Daylight,Dry,Traffic Signal,Champaign,2005,0,1,733,-88.2452091614293,40.127206068769
A-Injury,Fixed Object,Clear,"Darkness, Lighted Road",Dry,No Controls,Urbana,2005,0,1,734,-88.2217984416691,40.1232804381214
A-Injury,Turning,Clear,Daylight,Dry,No Controls,Champaign,2005,0,2,735,-88.2768509283231,40.1274225714374
A-Injury,Angle,Clear,Daylight,Dry,No Controls,Champaign,2005,0,1,736,-88.2579480281799,40.1271725430435
A-Injury,Turning,Clear,Daylight,Dry,No Controls,Champaign,2005,0,2,737,-88.2772941364519,40.1274276886737
A-Injury,Fixed Object,Clear,Daylight,Dry,Lane Use Marking,Unincorporated,2000,0,1,278,-88.3035283944078,40.0397403103942
A-Injury,Rear End,Clear,Daylight,Dry,Traffic Signal,Champaign,2005,0,1,738,-88.2769606693257,40.127423520908
A-Injury,Angle,Rain,"Darkness, Lighted Road",Wet,Stop Sign/flasher,Champaign,2005,0,2,739,-88.2410721698789,40.1272054633268
A-Injury,Sideswipe Same Direction,Clear,Daylight,Wet,Lane Use Marking,Champaign,1999,0,2,416,-88.2837106497151,40.1462532484607
A-Injury,Fixed Object,Clear,Daylight,Dry,No Controls,Champaign,2005,0,2,740,-88.2514646421729,40.1271978700264
A-Injury,Rear End,Clear,Daylight,Dry,No Controls,Champaign,2005,0,8,741,-88.2707265533316,40.1273435531983
A-Injury,Parked Motor Vehicle,Clear,Daylight,Dry,No Controls,Champaign,2005,0,1,743,-88.249031063703,40.1304201282358
A-Injury,Other Object,Clear,Darkness,Dry,No Controls,Urbana,2005,0,1,744,-88.2078937710214,40.1274985000161
A-Injury,Rear End,Clear,Daylight,Dry,Traffic Signal,Champaign,2005,0,2,745,-88.2767922750928,40.1128759546928
A-Injury,Sideswipe Same Direction,Clear,Daylight,Dry,No Controls,Champaign,2005,0,1,746,-88.2387336864727,40.112645815513
A-Injury,Rear End,Clear,"Darkness, Lighted Road",Dry,Traffic Signal,Champaign,2005,0,2,747,-88.2860458398548,40.1129354097116
A-Injury,Angle,Clear,Daylight,Dry,Traffic Signal,Champaign,2005,0,1,748,-88.2451371529597,40.1126315268338
A-Injury,Sideswipe Opposite Direction,Clear,Daylight,Dry,No Controls,Mahomet,2006,0,2,790,-88.407802,40.191896
A-Injury,Angle,Clear,Daylight,Dry,Traffic Signal,Champaign,2005,0,2,749,-88.2451371283539,40.1126314774031
A-Injury,Turning,Clear,Daylight,Dry,Traffic Signal,Champaign,2005,0,3,750,-88.2435184919634,40.1126023240147
A-Injury,Fixed Object,Rain,"Darkness, Lighted Road",Wet,No Controls,Champaign,2005,0,2,751,-88.2769937214899,40.1128742770459
A-Injury,Angle,Rain,Darkness,Wet,Traffic Signal,Champaign,2005,0,2,753,-88.2828716121879,40.1129008192942
A-Injury,Angle,Clear,Daylight,Dry,No Controls,Champaign,2005,0,1,754,-88.2389567251659,40.1102271336529
A-Injury,Rear End,Clear,Daylight,Dry,Lane Use Marking,Unincorporated,1999,0,4,417,-88.0395745312823,40.3127355873537
A-Injury,Angle,Other,Daylight,Wet,Lane Use Marking,Champaign,2005,0,1,755,-88.2408361515995,40.1102188832512
A-Injury,Fixed Object,Clear,Darkness,Dry,No Controls,Champaign,2005,0,1,756,-88.2726737608662,40.1102943127658
A-Injury,Turning,Clear,Darkness,Dry,Stop Sign/flasher,Champaign,2005,0,1,757,-88.2335846435326,40.1102715905427
A-Injury,Angle,Clear,Daylight,Dry,Stop Sign/flasher,Champaign,2005,0,1,758,-88.2320172690726,40.1090755384314
A-Injury,Unknown,Clear,Daylight,Dry,No Controls,Champaign,2005,0,4,759,-88.2577397654321,40.109038252159
A-Injury,Turning,Clear,Daylight,Dry,No Controls,Urbana,2005,0,1,760,-88.1956653566543,40.105672070413
A-Injury,Parked Motor Vehicle,Clear,"Darkness, Lighted Road",Dry,No Controls,Champaign,2005,0,1,762,-88.2890254936527,40.0984088725491
A-Injury,Fixed Object,Clear,"Darkness, Lighted Road",Dry,Traffic Signal,Champaign,2005,0,1,763,-88.2764958738827,40.0982453899028
A-Injury,Sideswipe Same Direction,Snow,Daylight,Unknown,No Controls,Champaign,2005,0,1,764,-88.2344482980825,40.0980750009965
A-Injury,Pedestrian,Clear,Daylight,Dry,Other,Urbana,2005,0,1,765,-88.2221028814759,40.0981494859246
A-Injury,Angle,Clear,Daylight,Dry,No Controls,Urbana,2005,0,1,766,-88.2287466106807,40.0981193473809
A-Injury,Pedalcyclist,Clear,Daylight,Dry,No Controls,Urbana,2005,0,1,767,-88.1957224019947,40.0983651834889
A-Injury,Pedestrian,Clear,Daylight,Dry,No Controls,Champaign,2005,0,1,768,-88.2534293823804,40.0940785258179
A-Injury,Rear End,Clear,Daylight,Dry,No Controls,Champaign,2005,0,1,769,-88.2818305110476,40.0837798651628
A-Injury,Pedalcyclist,Clear,Daylight,Dry,No Controls,Champaign,2005,0,1,770,-88.2895555339923,40.0838593334532
A-Injury,Rear End,Clear,Daylight,Dry,Stop Sign/flasher,Urbana,2005,0,1,771,-88.2094147722226,40.0837026807257
A-Injury,Turning,Clear,Darkness,Wet,Traffic Signal,Rantoul,2006,0,2,772,-88.1364500299615,40.3121206459182
A-Injury,Turning,Clear,Daylight,Unknown,Stop Sign/flasher,Mahomet,2006,0,2,773,-88.3988800322628,40.1962385492857
A-Injury,Turning,Clear,Darkness,Dry,Traffic Signal,Savoy,2006,0,4,774,-88.2539840074589,40.0394179842104
A-Injury,Angle,Clear,Daylight,Dry,Lane Use Marking,Rantoul,2006,0,1,775,-88.1340977480085,40.3121529795325
A-Injury,Sideswipe Opposite Direction,Clear,Darkness,Dry,No Controls,Savoy,2006,0,2,776,-88.2593822715246,40.0545570687997
A-Injury,Turning,Rain,Daylight,Wet,Traffic Signal,Savoy,2006,0,2,777,-88.2491696186099,40.0690010867595
A-Injury,Angle,Clear,Daylight,Dry,Traffic Signal,Rantoul,2006,0,3,778,-88.1558295795132,40.3119906100924
A-Injury,Angle,Clear,Daylight,Dry,Traffic Signal,Savoy,2006,0,2,779,-88.2514198065387,40.0544697517596
A-Injury,Turning,Clear,Daylight,Dry,No Controls,St. Joseph,2006,0,1,780,-88.034559822623,40.1132312470343
A-Injury,Fixed Object,Clear,Darkness,Dry,Traffic Signal,Rantoul,2006,0,3,781,-88.136450743661,40.3121208508127
A-Injury,Fixed Object,Rain,Darkness,Wet,Lane Use Marking,Thomasboro,2006,0,2,782,-88.1831389304969,40.2433764879171
A-Injury,Rear End,Clear,Daylight,Dry,Traffic Signal,Savoy,2006,0,3,783,-88.2514165223406,40.0544690252705
A-Injury,Turning,Clear,Daylight,Dry,Traffic Signal,Savoy,2006,0,1,784,-88.2562017020055,40.0247799705583
A-Injury,Turning,Clear,Daylight,Dry,No Controls,Mahomet,2006,0,1,785,-88.4125299657165,40.2027133743286
A-Injury,Pedestrian,Clear,Daylight,Dry,No Controls,Mahomet,2006,0,1,786,-88.4009010478584,40.1943320051464
A-Injury,Parked Motor Vehicle,Clear,Daylight,Dry,No Controls,Champaign,2000,0,1,279,-88.2317145548112,40.1126998785107
A-Injury,Pedestrian,Clear,Darkness,Dry,No Controls,Urbana,2000,0,1,280,-88.2042352705419,40.1177043205374
A-Injury,Rear End,Clear,Dusk,Dry,No Controls,Urbana,2005,0,1,662,-88.1982451483339,40.1293354489219
A-Injury,Overturned,Clear,Darkness,Dry,No Controls,Unincorporated,1999,0,1,418,-88.1046130867608,40.1206716516421
A-Injury,Turning,Snow,Daylight,Snow Or Slush,No Controls,Thomasboro,1999,0,5,419,-88.1831311389881,40.240117966673
A-Injury,Fixed Object,Unknown,Daylight,Unknown,Other Warning Sign,Rantoul,2006,0,1,787,-88.1461903373209,40.2831617500046
A-Injury,Fixed Object,Clear,"Darkness, Lighted Road",Dry,Other Regualtory Sign,Philo,2006,0,1,788,-88.1613709450413,40.0110498952183
A-Injury,Overturned,Clear,Daylight,Ice,Lane Use Marking,Rantoul,2006,0,1,789,-88.1861770608796,40.3098804110022
A-Injury,Turning,Clear,Daylight,Dry,No Controls,Rantoul,2006,0,2,791,-88.1364527554203,40.312122415874
A-Injury,Fixed Object,Clear,Darkness,Dry,No Controls,Mahomet,2006,0,1,792,-88.396936,40.196067
A-Injury,Rear End,Clear,Daylight,Dry,Stop Sign/flasher,Pesotum,2006,0,1,793,-88.2785679671536,39.9061080988442
A-Injury,Fixed Object,Clear,Darkness,Dry,No Controls,Unincorporated,2006,0,1,794,-88.3845586185479,40.2815807898722
A-Injury,Overturned,Clear,Daylight,Dry,No Controls,Unincorporated,2006,0,1,795,-88.3500499160574,40.0530632502688
A-Injury,Overturned,Clear,Darkness,Dry,No Controls,Unincorporated,2006,0,3,796,-88.3336376135139,40.1415824116553
A-Injury,Angle,Rain,Daylight,Wet,Stop Sign/flasher,Unincorporated,2006,0,1,797,-88.2892422041555,40.2455637498166
A-Injury,Overturned,Clear,Daylight,Dry,No Controls,Unincorporated,2006,0,1,798,-88.289351048166,40.256558380383
A-Injury,Fixed Object,Clear,"Darkness, Lighted Road",Dry,Stop Sign/flasher,Savoy,2006,0,1,799,-88.2573095138477,40.0690775119307