crash_severity,collision_type,weather,light,road_surface,traffic_control,city,year,fatality,injury,id,x,y
A-Injury,Angle,Clear,Daylight,Snow Or Slush,Stop Sign/flasher,Champaign,2008,0,2,1196,-88.2500116175084,40.1090093964038
A-Injury,Parked Motor Vehicle,Snow,Daylight,Snow Or Slush,No Controls,Champaign,2008,0,1,1197,-88.3223467120599,40.0969953650989
A-Injury,Turning,Clear,Daylight,Dry,No Controls,Champaign,2008,0,2,1198,-88.2531983588283,40.1271896729577
A-Injury,Parked Motor Vehicle,Severe Cross Wind,Darkness,Dry,No Controls,Unincorporated,2008,0,2,1199,-88.0615710642772,40.1204187611536
A-Injury,Turning,Clear,Daylight,Wet,No Controls,Champaign,2008,0,1,1201,-88.2387313544736,40.1156520935822
A-Injury,Turning,Clear,Daylight,Dry,Traffic Signal,Champaign,2008,0,1,1202,-88.2578400091986,40.116319489117
A-Injury,Angle,Clear,Daylight,Dry,Traffic Signal,Urbana,2008,0,3,1203,-88.2193810318502,40.1164311332551
A-Injury,Fixed Object,Clear,"Darkness, Lighted Road",Dry,Traffic Signal,Champaign,2008,0,1,1204,-88.2767707467697,40.1128502620329
A-Injury,Turning,Snow,Daylight,Snow Or Slush,Lane Use Marking,Unincorporated,2008,0,1,1205,-88.3150582382125,40.1606312127145
A-Injury,Angle,Snow,Daylight,Snow Or Slush,Lane Use Marking,Urbana,2008,0,1,1206,-88.1726691205008,40.1210087188572
A-Injury,Pedestrian,Rain,"Darkness, Lighted Road",Wet,Stop Sign/flasher,Urbana,2008,0,1,1207,-88.2144568567194,40.1183410234458
A-Injury,Fixed Object,Rain,Daylight,Ice,No Controls,Unincorporated,2008,0,2,1208,-88.2899595997079,40.3183342745879
A-Injury,Rear End,Clear,"Darkness, Lighted Road",Dry,Traffic Signal,Urbana,1999,0,2,435,-88.2269356648049,40.1164076697114
A-Injury,Turning,Clear,Darkness,Dry,Stop Sign/flasher,Champaign,2008,0,2,1209,-88.2320504653094,40.110299991431
A-Injury,Pedalcyclist,Clear,Daylight,Dry,Stop Sign/flasher,Champaign,2008,0,1,1210,-88.2578104589552,40.1153308230046
A-Injury,Rear End,Clear,Daylight,Dry,Traffic Signal,Rantoul,2008,0,3,1211,-88.155799676328,40.3081906655675
A-Injury,Rear End,Clear,Daylight,Dry,No Controls,Champaign,2010,0,2,1721,-88.2354149370112,40.1163402150074
A-Injury,Pedestrian,Clear,Daylight,Dry,Traffic Signal,Champaign,2008,0,1,1212,-88.2579034539181,40.1182694417485
A-Injury,Rear End,Clear,Daylight,Snow Or Slush,No Controls,Champaign,2008,0,1,1213,-88.2302995138192,40.1068697460735
A-Injury,Turning,Clear,Daylight,Unknown,Stop Sign/flasher,Champaign,2000,0,2,293,-88.3145129624667,40.1132597945671
A-Injury,Angle,Snow,Daylight,Snow Or Slush,Traffic Signal,Champaign,2008,0,2,1214,-88.2451490298286,40.1125905467255
A-Injury,Rear End,Snow,Daylight,Snow Or Slush,Traffic Signal,Champaign,2008,0,1,1215,-88.257790646342,40.1101590277394
A-Injury,Fixed Object,Clear,Darkness,Dry,No Controls,Unincorporated,2008,0,1,1216,-88.1705574110777,40.0110006109141
A-Injury,Fixed Object,Clear,Daylight,Dry,Lane Use Marking,Unincorporated,2008,0,1,1217,-87.987016238915,40.1200126184813
A-Injury,Rear End,Clear,Daylight,Wet,Stop Sign/flasher,Champaign,2008,0,1,1218,-88.2627089998404,40.1272311890865
A-Injury,Rear End,Fog/smoke/haze,Daylight,Wet,Stop Sign/flasher,Unincorporated,2008,0,1,1219,-88.0665285360445,39.9818195432653
A-Injury,Pedestrian,Clear,Daylight,Dry,No Controls,Champaign,2008,0,1,1220,-88.2350448087219,40.1102729055467
A-Injury,Sideswipe Opposite Direction,Clear,Daylight,Dry,Lane Use Marking,Unincorporated,2008,0,1,1221,-88.0112427541642,40.1115880298996
A-Injury,Rear End,Clear,Daylight,Dry,Lane Use Marking,Unincorporated,2008,0,1,1222,-88.3017242626669,39.924464755615
A-Injury,Turning,Clear,Daylight,Dry,Traffic Signal,Champaign,2008,0,2,1223,-88.2581194231064,40.1568090833219
A-Injury,Fixed Object,Clear,Daylight,Dry,No Controls,Unincorporated,2008,0,2,1224,-88.098409946264,40.3234094456989
A-Injury,Fixed Object,Snow,Daylight,Ice,No Controls,Unincorporated,2008,0,1,1225,-88.1019764153491,40.0258394252034
A-Injury,Fixed Object,Clear,Darkness,Dry,No Controls,Unincorporated,2008,0,1,1226,-87.9598155074269,40.141918040663
A-Injury,Angle,Clear,Daylight,Dry,Stop Sign/flasher,Champaign,2008,0,1,1227,-88.2353909059743,40.1126505256805
A-Injury,Fixed Object,Clear,Daylight,Dry,No Controls,Unincorporated,2008,0,1,1228,-88.3518034821907,40.1566490476403
A-Injury,Sideswipe Same Direction,Clear,"Darkness, Lighted Road",Dry,No Controls,Champaign,2008,0,1,1229,-88.2625585333191,40.1163505230516
A-Injury,Parked Motor Vehicle,Clear,Daylight,Dry,No Controls,Champaign,2008,0,4,1230,-88.288852099379,40.0935268410522
A-Injury,Angle,Clear,Daylight,Dry,Stop Sign/flasher,Thomasboro,2008,0,1,1231,-88.1830090836122,40.2388013413109
A-Injury,Fixed Object,Clear,Daylight,Dry,Lane Use Marking,Unincorporated,2008,0,1,1232,-88.3233451204385,40.1203908241576
A-Injury,Angle,Rain,Daylight,Wet,Stop Sign/flasher,Champaign,2008,0,1,1233,-88.2815120657355,40.0870573426647
A-Injury,Fixed Object,Clear,Daylight,Dry,No Controls,Champaign,2008,0,1,1235,-88.2816320233082,40.1110757570861
A-Injury,Turning,Clear,Daylight,Dry,Lane Use Marking,Unincorporated,2003,0,5,95,-88.1611959509165,39.9526789861119
A-Injury,Rear End,Rain,Daylight,Wet,Lane Use Marking,Unincorporated,2008,0,1,1236,-87.9451103028431,40.1199894526119
A-Injury,Fixed Object,Rain,Daylight,Wet,Lane Use Marking,Urbana,2008,0,1,1237,-88.196988011614,40.1342496577002
A-Injury,Pedalcyclist,Clear,Daylight,Dry,No Controls,Champaign,2008,0,1,1239,-88.2435300201306,40.1199310733712
A-Injury,Turning,Clear,Daylight,Dry,Traffic Signal,Champaign,2008,0,1,1240,-88.2437286798959,40.1359702589919
A-Injury,Angle,Rain,Daylight,Wet,No Controls,Unincorporated,2008,0,2,1241,-88.1037608406865,39.8946302091581
A-Injury,Overturned,Clear,Daylight,Dry,No Controls,Unincorporated,2008,0,2,1242,-87.9951896400807,40.1867790815039
A-Injury,Fixed Object,Clear,"Darkness, Lighted Road",Dry,No Controls,Champaign,2008,0,1,1243,-88.2433690203954,40.1348681628906
A-Injury,Sideswipe Same Direction,Clear,Daylight,Dry,Lane Use Marking,Unincorporated,2008,0,2,1244,-88.3036288532877,40.0010125876101
A-Injury,Rear End,Clear,Daylight,Dry,Lane Use Marking,Unincorporated,2008,0,2,1245,-88.1606039685631,39.9017157065198
A-Injury,Rear End,Clear,Daylight,Dry,Lane Use Marking,Champaign,2008,0,3,1246,-88.2697656889859,40.1587230341984
A-Injury,Sideswipe Opposite Direction,Clear,Daylight,Dry,No Controls,Urbana,2008,0,2,1247,-88.1679417548738,40.1133199771964
A-Injury,Angle,Clear,Daylight,Dry,Stop Sign/flasher,Urbana,2008,0,1,1250,-88.2049505325442,40.1007802374263
A-Injury,Sideswipe Same Direction,Clear,Daylight,Wet,No Controls,Urbana,2008,0,1,1251,-88.2074525847692,40.1164051817504
A-Injury,Head On,Clear,Daylight,Snow Or Slush,No Controls,Urbana,2008,0,1,1252,-88.2194866730592,40.1241076605652
A-Injury,Angle,Clear,Daylight,Snow Or Slush,Stop Sign/flasher,Urbana,2008,0,1,1253,-88.1945100021361,40.1394200011428
A-Injury,Fixed Object,Clear,"Darkness, Lighted Road",Dry,Stop Sign/flasher,Urbana,2008,0,2,1254,-88.1955510588758,40.0983807414333
A-Injury,Rear End,Clear,"Darkness, Lighted Road",Dry,Traffic Signal,Champaign,2008,0,1,1255,-88.2451489490525,40.1125869277862
A-Injury,Fixed Object,Clear,Daylight,Dry,No Controls,Unincorporated,2008,0,1,1256,-88.1801965159177,40.1143604480735
A-Injury,Fixed Object,Clear,"Darkness, Lighted Road",Dry,Stop Sign/flasher,Urbana,2008,0,1,1257,-88.1877807419806,40.1274706357345
A-Injury,Turning,Rain,"Darkness, Lighted Road",Wet,Traffic Signal,Champaign,1999,0,6,436,-88.2769570957819,40.1274234623449
A-Injury,Turning,Clear,Daylight,Dry,No Controls,Rantoul,1999,0,2,437,-88.1327221498801,40.3121521288532
A-Injury,Angle,Clear,Daylight,Dry,No Controls,Unincorporated,2008,0,3,1258,-88.1045816203969,40.0549089824834
A-Injury,Overturned,Clear,Daylight,Dry,No Controls,Unincorporated,2008,0,1,1259,-88.4410690653363,40.1825982313747
A-Injury,Rear End,Clear,Daylight,Dry,No Controls,Unincorporated,2008,0,2,1260,-88.0812317643962,40.0259000124822
A-Injury,Overturned,Clear,Daylight,Dry,No Controls,Unincorporated,2008,0,1,1261,-88.071654937919,40.1495348570162
A-Injury,Angle,Clear,Daylight,Dry,Stop Sign/flasher,Unincorporated,2008,0,4,1262,-88.2378607252645,40.0104687411648
A-Injury,Fixed Object,Clear,Daylight,Dry,Lane Use Marking,Urbana,2000,0,1,294,-88.2202504060083,40.1350292565106
A-Injury,Rear End,Clear,Daylight,Wet,No Controls,Champaign,2008,0,1,1263,-88.27726184028,40.1400601144227
A-Injury,Pedestrian,Clear,Daylight,Dry,Stop Sign/flasher,Champaign,2008,0,1,1264,-88.2468687766537,40.1202113312187
A-Injury,Rear End,Clear,Daylight,Dry,Police/flagman,Unincorporated,2008,0,1,1265,-88.2869070498407,40.1426430560173
A-Injury,Rear End,Clear,Daylight,Wet,No Controls,Urbana,2008,0,1,1266,-88.2228113986695,40.0981690916987
A-Injury,Fixed Object,Clear,Daylight,Dry,Traffic Signal,Urbana,2008,0,1,1267,-88.1836568058261,40.1159400412944
A-Injury,Pedalcyclist,Clear,Daylight,Dry,Stop Sign/flasher,Urbana,2008,0,1,1268,-88.2095897689724,40.0983004677986
A-Injury,Pedestrian,Clear,Daylight,Dry,Traffic Signal,Urbana,2008,0,1,1269,-88.2239889413726,40.1128111217479
A-Injury,Turning,Clear,Daylight,Dry,Traffic Signal,Urbana,2008,0,2,1270,-88.2050012736326,40.1124497905026
A-Injury,Rear End,Clear,Daylight,Dry,Traffic Signal,Urbana,2008,0,1,1271,-88.1965555794772,40.1323984622316
A-Injury,Turning,Clear,Dusk,Dry,Traffic Signal,Champaign,2008,0,2,1272,-88.2579793650931,40.1321710482866
A-Injury,Pedalcyclist,Clear,Daylight,Dry,No Controls,Urbana,2008,0,1,1273,-88.2191916577329,40.1027691675909
A-Injury,Parked Motor Vehicle,Clear,Daylight,Dry,No Controls,Champaign,2008,0,1,1274,-88.290832420248,40.1003702189692
A-Injury,Fixed Object,Rain,Daylight,Wet,Lane Use Marking,Champaign,2008,0,4,1275,-88.2982501109759,40.1198065527188
A-Injury,Rear End,Clear,Daylight,Dry,Lane Use Marking,Champaign,2008,0,1,1276,-88.2680045133087,40.1368940031897
A-Injury,Rear End,Clear,Daylight,Dry,Lane Use Marking,Champaign,2008,0,1,1277,-88.3009785412851,40.1309905701445
A-Injury,Sideswipe Opposite Direction,Clear,Darkness,Dry,Lane Use Marking,Unincorporated,2008,0,2,1278,-88.3939768740301,40.2464998552818
A-Injury,Rear End,Clear,Daylight,Dry,Lane Use Marking,Unincorporated,2008,0,3,1279,-88.0594453065269,40.120589787305
A-Injury,Overturned,Rain,Daylight,Wet,Lane Use Marking,Unincorporated,2008,0,1,1280,-88.3037077626121,40.0703080311917
A-Injury,Parked Motor Vehicle,Clear,Daylight,Dry,No Controls,Rantoul,2008,0,1,1281,-88.140570670247,40.308135523233
A-Injury,Fixed Object,Clear,Daylight,Dry,No Controls,Unincorporated,2008,0,1,1282,-88.1428981020315,40.0476488497912
A-Injury,Pedalcyclist,Clear,Daylight,Dry,No Controls,Sidney,2008,0,1,1284,-88.0732927053317,40.0212770604425
A-Injury,Other Non Collision,Clear,Daylight,Dry,No Controls,Unincorporated,2008,0,1,1285,-88.1468041518964,39.9674630073438
A-Injury,Fixed Object,Unknown,Unknown,Unknown,No Controls,Unincorporated,2008,0,1,1286,-88.3106496361604,39.9517770479202
A-Injury,Fixed Object,Clear,Daylight,Dry,No Controls,Unincorporated,2008,0,1,1287,-88.1627192003914,40.1227684459759
A-Injury,Angle,Clear,Daylight,Dry,Stop Sign/flasher,Unincorporated,2008,0,2,1288,-88.3335190372968,40.1278799730235
A-Injury,Pedalcyclist,Clear,Daylight,Dry,Lane Use Marking,Unincorporated,2008,0,1,1289,-87.9588764649125,40.123531906119
A-Injury,Rear End,Clear,Daylight,Dry,Traffic Signal,Champaign,2008,0,2,1290,-88.2769896425109,40.1274100732977
A-Injury,Other Object,Clear,Daylight,Dry,No Controls,Champaign,2008,0,1,1291,-88.2368211640313,40.1303404851055
A-Injury,Parked Motor Vehicle,Clear,Daylight,Dry,No Controls,Tolono,2008,0,1,1292,-88.2655760896548,39.9716140691581
A-Injury,Overturned,Clear,Daylight,Dry,Lane Use Marking,Unincorporated,2008,0,1,1293,-88.2898019177651,40.1453060814773
A-Injury,Pedalcyclist,Unknown,"Darkness, Lighted Road",Unknown,Unknown,Champaign,2008,0,1,1294,-88.243718748385,40.1379710246987
A-Injury,Angle,Clear,Darkness,Dry,Traffic Signal,Rantoul,2008,0,2,1295,-88.1589016194943,40.3081704510612
A-Injury,Angle,Clear,Daylight,Dry,Stop Sign/flasher,Champaign,2008,0,2,1297,-88.2451490288687,40.1125904594303
A-Injury,Turning,Clear,Daylight,Dry,No Controls,Rantoul,2008,0,1,1298,-88.1562460237649,40.3051668338403
A-Injury,Fixed Object,Clear,"Darkness, Lighted Road",Dry,No Controls,Champaign,2008,0,1,1299,-88.2579584086592,40.1380311319108
A-Injury,Overturned,Clear,Daylight,Dry,Lane Use Marking,Unincorporated,2008,0,1,1300,-88.2629918572444,40.1642218122834
A-Injury,Turning,Clear,Daylight,Dry,No Controls,Urbana,2008,0,1,1301,-88.2194884884146,40.1242445175697
A-Injury,Turning,Clear,Daylight,Dry,No Controls,Urbana,2008,0,2,1302,-88.2073096781141,40.1092498648021
A-Injury,Overturned,Clear,Daylight,Dry,No Controls,Urbana,2008,0,1,1303,-88.1907913595926,40.1024067194525
A-Injury,Angle,Clear,Daylight,Dry,Stop Sign/flasher,Urbana,2008,0,1,1304,-88.1955495852224,40.1000403720116
A-Injury,Pedestrian,Clear,Darkness,Dry,No Controls,Urbana,2008,0,1,1305,-88.2182456893914,40.110603905649
A-Injury,Pedalcyclist,Clear,Daylight,Dry,No Controls,Champaign,2008,0,1,1306,-88.2687327615422,40.1102509224503
A-Injury,Parked Motor Vehicle,Clear,"Darkness, Lighted Road",Dry,No Controls,Champaign,2008,0,1,1307,-88.2468434259747,40.1156173101139
A-Injury,Head On,Clear,Daylight,Dry,Traffic Signal,Savoy,2008,0,1,1308,-88.2514188593605,40.0544904793465
A-Injury,Angle,Clear,Daylight,Dry,Stop Sign/flasher,Unincorporated,2008,0,3,1309,-88.2091702595767,40.039850721922
A-Injury,Angle,Clear,Dusk,Dry,Stop Sign/flasher,Unincorporated,2008,0,3,1310,-88.1550504342136,40.2390404750451
A-Injury,Angle,Clear,Daylight,Dry,Stop Sign/flasher,Unincorporated,2008,0,1,1311,-88.0595188314318,40.2979207133809
A-Injury,Overturned,Clear,Daylight,Dry,No Controls,Unincorporated,2000,0,1,296,-88.3941565822324,40.2744436800426
A-Injury,Turning,Clear,"Darkness, Lighted Road",Wet,Traffic Signal,Rantoul,2000,0,2,297,-88.155770220666,40.3072851409121
A-Injury,Overturned,Clear,Darkness,"Sand, Mud, Dirt",Stop Sign/flasher,Ogden,2008,0,1,1312,-87.9561198413073,40.1139791700884
A-Injury,Overturned,Clear,Daylight,Dry,No Controls,Unincorporated,2008,0,1,1313,-88.3464052123328,40.2447287410011
A-Injury,Angle,Clear,Daylight,Dry,Stop Sign/flasher,Unincorporated,2008,0,3,1314,-88.048070402864,40.1862387383237
A-Injury,Fixed Object,Clear,Daylight,Dry,No Controls,Unincorporated,2008,0,1,1315,-88.2756292891339,40.3112873284276
A-Injury,Turning,Clear,Daylight,Dry,Traffic Signal,Savoy,2008,0,2,1316,-88.2539781913084,40.0394299767829
A-Injury,Fixed Object,Clear,Daylight,Dry,Traffic Signal,Champaign,2008,0,1,1317,-88.2452112352491,40.1163493977333
A-Injury,Angle,Clear,Daylight,Dry,No Controls,Unincorporated,2008,0,2,1318,-88.3083401919827,40.2453812450497
A-Injury,Overturned,Clear,Daylight,Dry,Other Warning Sign,Unincorporated,2008,0,1,1319,-88.4373523620534,39.8938893473673
A-Injury,Other Non Collision,Clear,Daylight,Dry,No Controls,Champaign,2008,0,1,1320,-88.2606528785615,40.1387988737586
A-Injury,Turning,Rain,Daylight,Wet,No Controls,Champaign,2008,0,2,1321,-88.2501589007447,40.1271888053437
A-Injury,Overturned,Clear,Daylight,Dry,No Controls,Champaign,2008,0,1,1322,-88.2770790681681,40.1597391093176
A-Injury,Angle,Rain,Daylight,Wet,Traffic Signal,Urbana,2008,0,1,1323,-88.2195498745535,40.1324396336256
A-Injury,Overturned,Clear,Dusk,Dry,Stop Sign/flasher,Urbana,2008,0,1,1324,-88.2242093823358,40.1221896705215
A-Injury,Fixed Object,Rain,Daylight,Wet,No Controls,Champaign,2008,0,1,1325,-88.2531891111174,40.1300689548928
A-Injury,Angle,Clear,Daylight,Dry,Stop Sign/flasher,Champaign,2008,0,1,1326,-88.2435091115842,40.1163595658114
A-Injury,Turning,Clear,Daylight,Dry,Stop Sign/flasher,Rantoul,2008,0,3,1327,-88.1747792070596,40.3071412223173
A-Injury,Angle,Clear,Daylight,Dry,Traffic Signal,Rantoul,2008,0,4,1328,-88.170585536093,40.2827047276551
A-Injury,Head On,Clear,Daylight,Dry,No Controls,Champaign,2008,0,2,1329,-88.2764590518524,40.0942810769534
A-Injury,Pedalcyclist,Clear,Daylight,Dry,Stop Sign/flasher,Champaign,2008,0,1,1330,-88.2387090408223,40.1102298946413
A-Injury,Angle,Clear,Daylight,Dry,Traffic Signal,Champaign,2008,0,1,1333,-88.2767707457629,40.1128501826988
A-Injury,Turning,Rain,Darkness,Wet,Lane Use Marking,Mahomet,2008,0,1,1334,-88.364799764548,40.1841467286657
A-Injury,Overturned,Rain,Daylight,Wet,No Controls,Unincorporated,2008,0,2,1335,-88.2321705604159,40.0105132707813
A-Injury,Rear End,Clear,Daylight,Dry,Lane Use Marking,Unincorporated,2008,0,2,1336,-88.2815910371638,40.1444050740571
A-Injury,Fixed Object,Clear,Daylight,Dry,Lane Use Marking,Unincorporated,2008,0,1,1337,-88.3938056383561,40.2755790244287
A-Injury,Rear End,Clear,Daylight,Dry,Lane Use Marking,Unincorporated,2008,0,1,1338,-88.182290954358,40.1892901904393
A-Injury,Fixed Object,Clear,Dusk,Dry,No Controls,Unincorporated,2008,0,1,1339,-88.1557188453649,40.3414980654164
A-Injury,Rear End,Clear,Daylight,Dry,No Controls,Champaign,2008,0,1,1340,-88.2435608734313,40.1235301931185
A-Injury,Turning,Clear,Darkness,Wet,Stop Sign/flasher,Champaign,2008,0,1,1341,-88.2591086452196,40.1380802852024
A-Injury,Turning,Clear,Daylight,Dry,Traffic Signal,Champaign,2008,0,2,1342,-88.2768888232007,40.1196900092729
A-Injury,Rear End,Clear,Daylight,Dry,No Controls,Champaign,2008,0,1,1343,-88.2725071424705,40.0982419184367
A-Injury,Turning,Clear,Daylight,Dry,Traffic Signal,Champaign,2008,0,6,1344,-88.2468767239015,40.0835694629413
A-Injury,Rear End,Clear,Daylight,Dry,Lane Use Marking,Unincorporated,2008,0,2,1345,-88.0789936114377,40.120561179823
A-Injury,Angle,Clear,Darkness,Dry,Stop Sign/flasher,Unincorporated,2008,0,1,1347,-88.1605691357877,39.9090609852465
A-Injury,Rear End,Clear,Daylight,Snow Or Slush,Lane Use Marking,Unincorporated,2008,0,1,1348,-88.18283036653,40.227214509773
A-Injury,Overturned,Snow,Daylight,Ice,Lane Use Marking,Champaign,2008,0,2,1349,-88.2921764078434,40.1386811750139
A-Injury,Rear End,Clear,Daylight,Dry,Lane Use Marking,Unincorporated,2008,0,1,1350,-88.3034929738205,39.9870894363124
A-Injury,Overturned,Snow,Dawn,Snow Or Slush,Lane Use Marking,Unincorporated,2008,0,2,1351,-88.1406395390972,40.3767363316658
A-Injury,Rear End,Clear,Darkness,Dry,Lane Use Marking,Unincorporated,2008,0,1,1352,-88.3468156914655,40.1810422847558
A-Injury,Fixed Object,Clear,Darkness,Wet,No Controls,Rantoul,2008,0,1,1353,-88.1458139337242,40.2831444371227
A-Injury,Fixed Object,Clear,"Darkness, Lighted Road",Dry,No Controls,Rantoul,2008,0,1,1354,-88.1462717481082,40.3047926823597
A-Injury,Sideswipe Same Direction,Clear,Daylight,Dry,No Controls,Champaign,2008,0,1,1355,-88.2760963068939,40.11644590362
A-Injury,Angle,Clear,Daylight,Dry,Stop Sign/flasher,Champaign,2008,0,5,1356,-88.2353909059743,40.1126505256805
A-Injury,Turning,Clear,Daylight,Dry,Traffic Signal,Champaign,2008,0,3,1357,-88.2466687457606,40.0980895304398
A-Injury,Angle,Clear,Daylight,Dry,Traffic Signal,Champaign,2008,0,2,1358,-88.2579034539181,40.1182694417485
A-Injury,Overturned,Clear,Darkness,Dry,Lane Use Marking,Unincorporated,2000,0,1,299,-88.1573908360096,40.3511810026863
A-Injury,Fixed Object,Clear,Darkness,Dry,No Controls,Rantoul,2008,0,5,1238,-88.1416126237609,40.3046910882602
A-Injury,Rear End,Clear,Daylight,Dry,Traffic Signal,Savoy,2008,0,2,1359,-88.2514188593605,40.0544904793465
A-Injury,Rear End,Clear,Daylight,Dry,No Controls,Champaign,2008,0,1,1360,-88.2764124611044,40.1128462191979
A-Injury,Overturned,Snow,Darkness,Ice,Lane Use Marking,Unincorporated,2008,0,5,1361,-88.3040634990882,40.0194102365954
A-Injury,Rear End,Clear,Daylight,Dry,Traffic Signal,Champaign,2008,0,1,1362,-88.2580194433672,40.1341892339031
A-Injury,Sideswipe Same Direction,Snow,Daylight,Snow Or Slush,Lane Use Marking,Unincorporated,2008,0,2,1363,-88.4610110800678,40.2123598332346
A-Injury,Overturned,Other,Daylight,Ice,Lane Use Marking,Unincorporated,2008,0,2,1364,-88.3231224594769,40.1735213451592
A-Injury,Parked Motor Vehicle,Clear,Daylight,Ice,Lane Use Marking,Unincorporated,2008,0,6,1365,-88.3051506505793,40.1136751633265
A-Injury,Fixed Object,Clear,Darkness,Dry,No Controls,Unincorporated,2008,0,1,1366,-88.0695191923297,40.385535194999
A-Injury,Angle,Rain,Daylight,Wet,Stop Sign/flasher,Unincorporated,2008,0,1,1367,-88.048070402864,40.1862387383237
A-Injury,Pedestrian,Clear,"Darkness, Lighted Road",Dry,No Controls,Champaign,2008,0,1,1368,-88.2320504653094,40.110299991431
A-Injury,Overturned,Clear,Darkness,Dry,Lane Use Marking,St. Joseph,2008,0,1,1369,-88.0358863567161,40.1202225432278
A-Injury,Turning,Clear,Daylight,Dry,No Controls,Champaign,2008,0,1,1370,-88.2769106944275,40.1206501686017
A-Injury,Turning,Clear,Daylight,Dry,No Controls,Champaign,2008,0,2,1371,-88.2626402339304,40.0981693527801
A-Injury,Turning,Clear,Daylight,Dry,Traffic Signal,Champaign,2008,0,3,1372,-88.2387294870562,40.1163404613301
A-Injury,Sideswipe Same Direction,Clear,Darkness,Dry,Traffic Signal,Champaign,2008,0,1,1373,-88.314531202973,40.1132463618646
A-Injury,Turning,Clear,Darkness,Wet,No Controls,Urbana,2008,0,1,1374,-88.1805279536526,40.1032150051975
A-Injury,Angle,Clear,Daylight,Dry,Traffic Signal,Urbana,2008,0,2,1375,-88.1906610713237,40.1420085240767
A-Injury,Pedestrian,Clear,Daylight,Dry,Traffic Signal,Urbana,2008,0,1,1376,-88.2156192888248,40.1164501497193
A-Injury,Angle,Snow,"Darkness, Lighted Road",Snow Or Slush,Traffic Signal,Champaign,2008,0,1,1377,-88.2426400253038,40.1163698302578
A-Injury,Pedestrian,Clear,Daylight,Wet,No Controls,Champaign,2008,0,1,1380,-88.2951587696771,40.088680234933
A-Injury,Angle,Clear,Daylight,Ice,Stop Sign/flasher,Unincorporated,2008,0,3,1381,-88.369671394252,40.1276191559494
A-Injury,Angle,Clear,Dusk,Dry,Stop Sign/flasher,Champaign,2008,0,1,1382,-88.2627396798724,40.131000490131
A-Injury,Overturned,Clear,Darkness,Dry,No Controls,Unincorporated,2008,0,1,1383,-88.2943752035619,40.0104194283062
A-Injury,Pedalcyclist,Clear,"Darkness, Lighted Road",Ice,No Controls,Champaign,2008,0,2,1384,-88.2579443945964,40.1239905992661
A-Injury,Head On,Other,Darkness,Ice,No Controls,St. Joseph,2008,0,2,1385,-88.0219668642716,40.1132295030017
A-Injury,Rear End,Rain,Daylight,Ice,No Controls,Unincorporated,2008,0,1,1386,-88.2496092726062,40.0823580134332
A-Injury,Fixed Object,Clear,Darkness,Wet,Stop Sign/flasher,Unincorporated,2008,0,1,1387,-88.4126884984797,40.2220204310854
A-Injury,Pedalcyclist,Clear,Daylight,Dry,No Controls,Champaign,2008,0,1,1388,-88.2451556029241,40.102278905116
A-Injury,Sideswipe Same Direction,Rain,Daylight,Ice,No Controls,Unincorporated,2008,0,1,1389,-88.0714589527998,40.1133775942192
A-Injury,Fixed Object,Clear,Daylight,Ice,No Controls,Unincorporated,2008,0,1,1390,-88.0646395042668,40.3272024052584
A-Injury,Head On,Sleet/hail,"Darkness, Lighted Road",Ice,No Controls,Unincorporated,2008,0,3,1391,-88.2190487414194,40.0835199980508
A-Injury,Fixed Object,Rain,Daylight,Ice,Stop Sign/flasher,Unincorporated,2008,0,1,1392,-88.3335178256903,40.1133209818819
A-Injury,Rear End,Rain,Darkness,Wet,Stop Sign/flasher,Urbana,2008,0,1,1393,-88.2156416291386,40.1174194850806
A-Injury,Rear End,Clear,Daylight,Ice,Lane Use Marking,Mahomet,2009,0,2,1395,-88.3850286797502,40.1928726594877
A-Injury,Rear End,Clear,Darkness,Dry,Lane Use Marking,Mahomet,2009,0,1,1396,-88.3385458717341,40.1785787960172
A-Injury,Fixed Object,Clear,Daylight,Ice,Lane Use Marking,Mahomet,2009,0,1,1397,-88.368078884438,40.1880637706973