crash_severity,collision_type,weather,light,road_surface,traffic_control,city,year,fatality,injury,id,x,y
A-Injury,Rear End,Clear,Darkness,Dry,Lane Use Marking,Unincorporated,2009,0,2,1398,-87.9665529769675,40.1197705876945
A-Injury,Overturned,Clear,Darkness,Dry,Lane Use Marking,Unincorporated,2009,0,1,1399,-88.3346527737752,40.1772913753962
A-Injury,Fixed Object,Clear,Darkness,Dry,Lane Use Marking,Unincorporated,2009,0,1,1400,-88.1827993417988,40.1557585674446
A-Injury,Angle,Clear,Daylight,Snow Or Slush,Stop Sign/flasher,Champaign,2009,0,2,1401,-88.2877117147578,40.0838460086933
A-Injury,Angle,Clear,Daylight,Dry,Stop Sign/flasher,Champaign,2009,0,2,1402,-88.2436116373199,40.1297208565718
A-Injury,Parked Motor Vehicle,Clear,Daylight,Dry,Lane Use Marking,Champaign,2009,0,2,1403,-88.3038308241167,40.0779843510126
A-Injury,Pedestrian,Clear,Darkness,Dry,No Controls,Champaign,2009,0,1,1404,-88.2961372098039,40.1093545339774
A-Injury,Rear End,Clear,Darkness,Dry,No Controls,Champaign,1999,0,1,440,-88.2579416402569,40.1329311285209
A-Injury,Angle,Clear,Daylight,Wet,Traffic Signal,Champaign,2009,0,1,1405,-88.2426398979592,40.1163701417278
A-Injury,Overturned,Clear,Daylight,Dry,Lane Use Marking,Unincorporated,2009,0,1,1406,-87.9579612457414,40.0240331014137
A-Injury,Angle,Clear,Daylight,Dry,Traffic Signal,Champaign,2009,0,1,1408,-88.2468109054203,40.1126098810458
A-Injury,Rear End,Clear,Dusk,Wet,No Controls,Urbana,2009,0,1,1409,-88.2129680277059,40.116487929368
A-Injury,Angle,Clear,Darkness,Wet,Stop Sign/flasher,Urbana,2009,0,1,1410,-88.2049100974708,40.0983315422663
A-Injury,Rear End,Clear,Daylight,Dry,Traffic Signal,Champaign,2009,0,4,1411,-88.2445883723397,40.0980934446604
A-Injury,Fixed Object,Clear,Darkness,Dry,No Controls,Unincorporated,2009,0,1,1412,-88.2892969982078,40.2513445146658
A-Injury,Fixed Object,Clear,Daylight,Dry,No Controls,Unincorporated,2009,0,1,1413,-88.2380253054777,40.0252539766977
A-Injury,Fixed Object,Clear,Daylight,Ice,No Controls,Unincorporated,2009,0,2,1414,-88.3466788796399,40.3033737811627
A-Injury,Angle,Clear,Daylight,Wet,Stop Sign/flasher,Unincorporated,2009,0,2,1415,-88.3331986600013,40.113321132108
A-Injury,Angle,Sleet/hail,Daylight,Ice,Stop Sign/flasher,Unincorporated,2009,0,3,1416,-88.1174483193597,40.312180144872
A-Injury,Rear End,Clear,Daylight,Dry,Traffic Signal,Champaign,2009,0,1,1417,-88.2769896444952,40.12741026875
A-Injury,Turning,Clear,Daylight,Wet,Traffic Signal,Champaign,2009,0,3,1418,-88.243718745723,40.1379711452064
A-Injury,Rear End,Clear,Darkness,Dry,Lane Use Marking,Pesotum,2009,0,1,1419,-88.2788098815092,39.9047577144863
A-Injury,Overturned,Clear,Daylight,Dry,Lane Use Marking,Champaign,2009,0,1,1420,-88.2603305023552,40.1353550775228
A-Injury,Fixed Object,Clear,Darkness,Wet,Lane Use Marking,Unincorporated,2009,0,1,1421,-88.3029879507436,39.9394199697757
A-Injury,Rear End,Clear,Daylight,Wet,No Controls,Champaign,2009,0,3,1422,-88.2484911880009,40.1126102818677
A-Injury,Rear End,Clear,Daylight,Dry,Stop Sign/flasher,Unincorporated,2009,0,2,1423,-88.4076591938385,40.1567104094454
A-Injury,Rear End,Clear,Daylight,Dry,Police/flagman,Unincorporated,2009,0,2,1424,-87.9403512578475,40.1123246803121
A-Injury,Rear End,Clear,Darkness,Dry,Lane Use Marking,Unincorporated,2009,0,2,1425,-88.1836224951564,40.2924433504031
A-Injury,Other Non Collision,Clear,Daylight,Dry,Lane Use Marking,Unincorporated,2009,0,6,1426,-88.2560935923346,40.1707639418186
A-Injury,Pedestrian,Clear,Darkness,Dry,No Controls,Champaign,2009,0,1,1427,-88.2541137366633,40.1126498233272
A-Injury,Rear End,Rain,Daylight,Wet,Traffic Signal,Champaign,2009,0,2,1429,-88.2766696935174,40.1090111767968
A-Injury,Angle,Clear,Daylight,Dry,No Controls,Champaign,2009,0,4,1430,-88.2765011823183,40.097713210991
A-Injury,Overturned,Clear,Daylight,Dry,Lane Use Marking,Unincorporated,2009,0,1,1431,-88.1780898037431,40.3252162499309
A-Injury,Parked Motor Vehicle,Clear,Daylight,Dry,Other Warning Sign,Champaign,2009,0,2,1432,-88.2378760289686,40.1349234820398
A-Injury,Angle,Clear,Daylight,Dry,Traffic Signal,Champaign,2009,0,2,1433,-88.2768102093063,40.116460509293
A-Injury,Angle,Clear,Daylight,Dry,Stop Sign/flasher,Champaign,2009,0,1,1434,-88.2412117116476,40.1211185789644
A-Injury,Other Non Collision,Clear,Dawn,Wet,Lane Use Marking,Unincorporated,2009,0,2,1435,-88.1518851976398,40.120311117126
A-Injury,Rear End,Clear,Darkness,Dry,Lane Use Marking,Unincorporated,2009,0,2,1436,-88.3049373424404,40.0947297843619
A-Injury,Head On,Rain,Daylight,Wet,No Controls,Champaign,2009,0,2,1437,-88.3004144243597,40.1276528049345
A-Injury,Fixed Object,Clear,Daylight,Dry,No Controls,Unincorporated,2009,0,1,1438,-88.1820964114315,40.1747004904734
A-Injury,Fixed Object,Clear,Daylight,Dry,No Controls,Unincorporated,2009,0,2,1439,-88.2423920395628,39.9958368941542
A-Injury,Pedalcyclist,Clear,Daylight,Dry,Stop Sign/flasher,Champaign,2009,0,1,1440,-88.2539690304555,40.1101398853912
A-Injury,Turning,Clear,Daylight,Dry,Stop Sign/flasher,Champaign,2009,0,1,1441,-88.2954789462724,40.1175591072916
A-Injury,Angle,Clear,Daylight,Dry,Traffic Signal,Champaign,2003,0,1,98,-88.2467999536647,40.1126179344272
A-Injury,Overturned,Clear,Daylight,Dry,Lane Use Marking,Mahomet,2009,0,1,1442,-88.3619058955841,40.1859502695142
A-Injury,Fixed Object,Clear,Daylight,Dry,No Controls,Unincorporated,2009,0,1,1443,-87.9631821233158,40.2987729719281
A-Injury,Turning,Rain,Daylight,Wet,No Controls,Champaign,2009,0,1,1444,-88.2673987399395,40.1272944975156
A-Injury,Rear End,Rain,Daylight,Wet,Traffic Signal,Champaign,2009,0,2,1445,-88.2766696935174,40.1090111767968
A-Injury,Fixed Object,Clear,Daylight,Dry,Lane Use Marking,Ogden,2009,0,1,1446,-87.9587565510839,40.1093256027009
A-Injury,Angle,Clear,Daylight,Dry,Stop Sign/flasher,Unincorporated,2009,0,3,1447,-88.1820898266952,40.189289964095
A-Injury,Parked Motor Vehicle,Clear,"Darkness, Lighted Road",Dry,Lane Use Marking,Champaign,2009,0,1,1448,-88.2670975940637,40.1367798096659
A-Injury,Angle,Clear,Daylight,Dry,Yield,Urbana,2009,0,2,1449,-88.1944787823772,40.1093703818887
A-Injury,Angle,Clear,Darkness,Dry,Stop Sign/flasher,Unincorporated,2009,0,2,1450,-87.9492514353823,40.3132609444267
A-Injury,Parked Motor Vehicle,Clear,"Darkness, Lighted Road",Dry,No Controls,Urbana,2009,0,1,1451,-88.1760068305107,40.100483752218
A-Injury,Parked Motor Vehicle,Clear,"Darkness, Lighted Road",Dry,No Controls,Urbana,2009,0,1,1452,-88.2018724216402,40.1221484838102
A-Injury,Fixed Object,Clear,Dusk,Wet,No Controls,Urbana,2009,0,2,1454,-88.1890051530383,40.1274709621705
A-Injury,Angle,Clear,Daylight,Dry,Stop Sign/flasher,Champaign,2000,0,3,300,-88.2389683114994,40.1380046789629
A-Injury,Angle,Clear,"Darkness, Lighted Road",Dry,Traffic Signal,Champaign,1999,0,1,441,-88.2579296297565,40.1321592484929
A-Injury,Fixed Object,Clear,"Darkness, Lighted Road",Ice,No Controls,Rantoul,1999,0,2,442,-88.1644135647348,40.3083808612771
A-Injury,Pedestrian,Clear,Darkness,Dry,No Controls,Champaign,2000,0,1,301,-88.2542068124424,40.1126444455948
A-Injury,Angle,Clear,Darkness,Dry,Traffic Signal,Champaign,2008,0,1,1332,-88.3142898565332,40.0986887272057
A-Injury,Turning,Clear,Daylight,Dry,No Controls,Urbana,2009,0,1,1455,-88.2063293339601,40.1135088613223
A-Injury,Fixed Object,Clear,Daylight,Dry,No Controls,Urbana,2009,0,1,1456,-88.2140642608729,40.0982476562213
A-Injury,Sideswipe Opposite Direction,Clear,Daylight,Dry,No Controls,Urbana,2009,0,1,1457,-88.2003776002341,40.1255030172253
A-Injury,Turning,Clear,Daylight,Dry,Traffic Signal,Urbana,2009,0,1,1458,-88.2049692426273,40.1163173379906
A-Injury,Turning,Rain,Daylight,Wet,Traffic Signal,Urbana,2009,0,1,1459,-88.2049686952829,40.1163195845287
A-Injury,Turning,Clear,Daylight,Dry,Traffic Signal,Urbana,2009,0,1,1460,-88.2195408352587,40.1273696092058
A-Injury,Turning,Clear,Daylight,Dry,Other,Unincorporated,2009,0,2,1461,-88.1584631712597,40.1202739547377
A-Injury,Sideswipe Same Direction,Rain,Daylight,Wet,No Controls,Champaign,2009,0,4,1462,-88.2769652063397,40.125124074953
A-Injury,Turning,Rain,Daylight,Wet,Traffic Signal,Champaign,2009,0,1,1463,-88.2768094513089,40.1164604935505
A-Injury,Angle,Clear,Daylight,Dry,Stop Sign/flasher,Unincorporated,2009,0,4,1464,-88.2378607324278,40.0104694930694
A-Injury,Fixed Object,Clear,Darkness,Dry,No Controls,Unincorporated,2009,0,2,1465,-88.2775627155291,40.0249710890115
A-Injury,Angle,Clear,Daylight,Dry,Traffic Signal,Champaign,2009,0,1,1466,-88.2468767239029,40.0835694618433
A-Injury,Fixed Object,Clear,"Darkness, Lighted Road",Wet,No Controls,Urbana,2009,0,1,1467,-88.1925653171254,40.1056694585873
A-Injury,Rear End,Rain,"Darkness, Lighted Road",Wet,Lane Use Marking,Champaign,2009,0,4,1468,-88.2580309073629,40.135371267311
A-Injury,Angle,Rain,"Darkness, Lighted Road",Wet,Traffic Signal,Champaign,2009,0,3,1469,-88.2466687457606,40.0980895304398
A-Injury,Turning,Clear,Darkness,Dry,Lane Use Marking,Unincorporated,2009,0,1,1470,-88.4075043599489,40.1220886212648
A-Injury,Rear End,Clear,Darkness,Dry,Lane Use Marking,Unincorporated,2009,0,1,1471,-88.1217744549423,40.1204876270967
A-Injury,Parked Motor Vehicle,Clear,Daylight,Dry,No Controls,Urbana,2009,0,1,1472,-88.2012364765563,40.0983510352717
A-Injury,Angle,Clear,Daylight,Dry,Other Regualtory Sign,Unincorporated,2009,0,2,1473,-88.3331986600013,40.113321132108
A-Injury,Pedalcyclist,Clear,Daylight,Wet,Stop Sign/flasher,Urbana,2009,0,1,1474,-88.2192505162804,40.106470328467
A-Injury,Rear End,Clear,Daylight,Dry,No Controls,Champaign,2009,0,2,1476,-88.276440537447,40.0927558548177
A-Injury,Angle,Clear,"Darkness, Lighted Road",Dry,Traffic Signal,Champaign,2009,0,1,1477,-88.2387090408223,40.1102298946413
A-Injury,Fixed Object,Clear,Daylight,Dry,No Controls,Unincorporated,2009,0,1,1478,-88.3840681690842,40.142231314055
A-Injury,Fixed Object,Clear,Daylight,Dry,No Controls,Unincorporated,2009,0,1,1479,-88.3390915369309,40.215050924959
A-Injury,Angle,Clear,Daylight,Dry,Stop Sign/flasher,Unincorporated,2009,0,3,1480,-88.1048111154339,40.1205905684552
A-Injury,Rear End,Rain,Daylight,Wet,Traffic Signal,Champaign,2009,0,1,1481,-88.2304518874188,40.110319932892
A-Injury,Pedalcyclist,Rain,Daylight,Wet,Traffic Signal,Champaign,2009,0,1,1482,-88.2689082271456,40.0982200985688
A-Injury,Turning,Clear,Daylight,Dry,Traffic Signal,Champaign,2009,0,1,1483,-88.257799358496,40.1126598131864
A-Injury,Other Non Collision,Clear,Daylight,Dry,Stop Sign/flasher,Urbana,2009,0,1,1484,-88.2159894340316,40.1106398740126
A-Injury,Pedestrian,Clear,Daylight,Dry,No Controls,Fisher,2009,0,1,1485,-88.3496486201198,40.3157155872327
A-Injury,Rear End,Rain,Daylight,Wet,Traffic Signal,Champaign,2009,0,4,1486,-88.257790646342,40.1101590277394
A-Injury,Pedalcyclist,Clear,Daylight,Dry,No Controls,Champaign,2009,0,1,1487,-88.2384601964276,40.1272310959015
A-Injury,Fixed Object,Clear,Darkness,Dry,Other Warning Sign,Unincorporated,2009,0,2,1488,-88.3470669778066,40.3621872687671
A-Injury,Turning,Rain,Daylight,Wet,Stop Sign/flasher,Unincorporated,2009,0,2,1489,-88.192339100694,40.1274606544892
A-Injury,Rear End,Clear,Daylight,Dry,No Controls,Unincorporated,2009,0,1,1490,-88.2415886303107,40.1781899574735
A-Injury,Angle,Clear,Daylight,Dry,Stop Sign/flasher,Unincorporated,2009,0,1,1491,-88.2378607324278,40.0104694930694
A-Injury,Angle,Clear,"Darkness, Lighted Road",Dry,Traffic Signal,Savoy,2009,0,1,1492,-88.2539799991713,40.0394300005311
A-Injury,Angle,Clear,Daylight,Dry,Stop Sign/flasher,Champaign,2009,0,1,1493,-88.2423704972236,40.1297304147468
A-Injury,Sideswipe Same Direction,Clear,Daylight,Dry,Lane Use Marking,Champaign,2009,0,1,1494,-88.2452133243588,40.1217031395364
A-Injury,Rear End,Clear,Daylight,Dry,Lane Use Marking,Unincorporated,2009,0,1,1496,-88.2596041266621,40.0032030140071
A-Injury,Head On,Rain,Daylight,Wet,No Controls,Unincorporated,2009,0,1,1497,-88.2842653636592,40.1408672369714
A-Injury,Pedestrian,Clear,Daylight,Dry,Stop Sign/flasher,Champaign,2009,0,1,1498,-88.276599634314,40.1045673248563
A-Injury,Turning,Clear,Daylight,Dry,No Controls,Champaign,2009,0,8,1499,-88.2531983588283,40.1271896729577
A-Injury,Rear End,Clear,Daylight,Dry,Stop Sign/flasher,Champaign,2009,0,2,1500,-88.2627089998404,40.1272311890865
A-Injury,Turning,Clear,Daylight,Dry,Traffic Signal,Urbana,1999,0,2,443,-88.1987421000729,40.1285049229397
A-Injury,Pedalcyclist,Clear,Daylight,Dry,No Controls,Champaign,2006,0,1,977,-88.2322316285441,40.1102982396598
A-Injury,Fixed Object,Rain,Daylight,Wet,Lane Use Marking,Champaign,1999,0,1,444,-88.2509170369976,40.134708626308
A-Injury,Angle,Clear,Daylight,Dry,Stop Sign/flasher,Urbana,2000,0,5,298,-88.162212379578,40.0859675712632
A-Injury,Rear End,Rain,Daylight,Wet,No Controls,Urbana,2009,0,1,1501,-88.2193608010496,40.1145087753203
A-Injury,Rear End,Clear,Daylight,Dry,No Controls,Unincorporated,2009,0,1,1502,-88.2165372440557,40.0835317897119
A-Injury,Angle,Clear,Daylight,Dry,Stop Sign/flasher,Urbana,2009,0,2,1503,-88.207708318539,40.1257508665441
A-Injury,Rear End,Clear,Daylight,Dry,No Controls,Urbana,2009,0,2,1504,-88.1622970842456,40.0913984493648
A-Injury,Pedalcyclist,Clear,Daylight,Dry,Stop Sign/flasher,Urbana,2009,0,1,1505,-88.2073099058583,40.1092498606577
A-Injury,Head On,Rain,Daylight,Wet,No Controls,Urbana,2009,0,3,1506,-88.2194848551495,40.1239708381432
A-Injury,Turning,Clear,Daylight,Dry,Traffic Signal,Champaign,2009,0,1,1507,-88.2445883723397,40.0980934446604
A-Injury,Turning,Clear,Dusk,Dry,Traffic Signal,Champaign,2009,0,3,1508,-88.2769884407887,40.1274102602036
A-Injury,Rear End,Rain,"Darkness, Lighted Road",Wet,No Controls,Champaign,2009,0,2,1509,-88.276458934653,40.094978349042
A-Injury,Fixed Object,Clear,Daylight,Dry,No Controls,Unincorporated,2009,0,1,1510,-88.1062664126215,40.0257511587966
A-Injury,Angle,Clear,Daylight,Dry,Traffic Signal,Urbana,2009,0,2,1511,-88.1621601216246,40.083989534671
A-Injury,Fixed Object,Clear,Daylight,Dry,No Controls,Champaign,2009,0,1,1512,-88.249332553923,40.0863597972364
A-Injury,Angle,Rain,"Darkness, Lighted Road",Wet,Traffic Signal,Champaign,2009,0,1,1513,-88.2452112454034,40.11635067202
A-Injury,Sideswipe Same Direction,Clear,Daylight,Dry,Traffic Signal,Unincorporated,2009,0,1,1514,-88.2760758556775,40.0837003373512
A-Injury,Angle,Clear,Daylight,Dry,No Controls,Unincorporated,2009,0,1,1515,-88.4072910272364,40.0841605637415
A-Injury,Angle,Clear,Daylight,Dry,No Controls,Unincorporated,2009,0,2,1516,-88.3873397711576,39.9233707323181
A-Injury,Other Object,Clear,Darkness,Dry,Stop Sign/flasher,Unincorporated,2009,0,1,1517,-88.3496323771018,40.0113596024182
A-Injury,Angle,Clear,Daylight,Dry,No Controls,Unincorporated,2009,0,1,1518,-88.4034402184996,40.296440056663
A-Injury,Angle,Clear,Daylight,Dry,No Controls,Unincorporated,2009,0,3,1519,-88.3083402033621,40.2453824473826
A-Injury,Turning,Clear,Daylight,Dry,Lane Use Marking,Unincorporated,2009,0,3,1520,-88.426598348295,40.1105887001374
A-Injury,Angle,Clear,Daylight,Dry,Stop Sign/flasher,Champaign,2009,0,1,1521,-88.248518411173,40.1153315990796
A-Injury,Pedalcyclist,Clear,Daylight,Dry,No Controls,Urbana,2009,0,1,1522,-88.2036431502207,40.1188225854273
A-Injury,Rear End,Clear,Daylight,Dry,Lane Use Marking,Unincorporated,2009,0,1,1523,-88.1616475443797,40.0401687785057
A-Injury,Overturned,Clear,Daylight,Dry,Lane Use Marking,Unincorporated,2009,0,1,1524,-87.9937110381332,40.1921103544779
A-Injury,Turning,Clear,Daylight,Dry,Traffic Signal,Urbana,2009,0,3,1526,-88.1963893173081,40.1323690307135
A-Injury,Rear End,Rain,Daylight,Wet,No Controls,Unincorporated,2009,0,1,1527,-88.2773910392569,40.1857602388392
A-Injury,Fixed Object,Clear,Daylight,Dry,No Controls,Champaign,2009,0,1,1528,-88.2425502982375,40.1163664916369
A-Injury,Other Non Collision,Clear,Daylight,Dry,No Controls,Urbana,2009,0,1,1529,-88.1956297097827,40.1066688203929
A-Injury,Overturned,Other,Darkness,Wet,Lane Use Marking,Unincorporated,2006,0,1,834,-88.3033854530664,39.9478684901256
A-Injury,Turning,Clear,Daylight,Wet,Traffic Signal,Champaign,2009,0,3,1530,-88.2435083971861,40.1163595734927
A-Injury,Turning,Rain,"Darkness, Lighted Road",Dry,No Controls,Champaign,2009,0,1,1531,-88.2579012999034,40.1212855668128
A-Injury,Sideswipe Same Direction,Rain,Daylight,Wet,No Controls,Urbana,2009,0,1,1532,-88.2252645340212,40.1105614893607
A-Injury,Angle,Clear,Darkness,Dry,Traffic Signal,Champaign,2009,0,2,1533,-88.2768095617902,40.1164604963495
A-Injury,Rear End,Clear,Daylight,Dry,No Controls,Champaign,2009,0,1,1534,-88.2653410410642,40.1365797240159
A-Injury,Turning,Clear,Daylight,Dry,Traffic Signal,Champaign,2009,0,1,1535,-88.2689081084708,40.0982200976792
A-Injury,Angle,Clear,Daylight,Dry,Stop Sign/flasher,Urbana,2009,0,1,1536,-88.2049685063977,40.1056301226627
A-Injury,Turning,Clear,Daylight,Dry,Traffic Signal,Unincorporated,2009,0,1,1537,-88.3145312017204,40.1132470157495
A-Injury,Turning,Clear,Daylight,Dry,Stop Sign/flasher,Thomasboro,2009,0,1,1538,-88.1830078990477,40.2388013480075
A-Injury,Overturned,Clear,Dusk,Dry,No Controls,Unincorporated,2009,0,1,1539,-88.0963185381616,40.0840225555409
A-Injury,Overturned,Clear,Darkness,Dry,Lane Use Marking,Unincorporated,2009,0,1,1540,-87.9933176460297,40.120041461334
A-Injury,Pedalcyclist,Clear,Daylight,Dry,Lane Use Marking,Unincorporated,2009,0,1,1541,-88.1703056683161,40.1124224849797
A-Injury,Angle,Clear,Daylight,Dry,Other Warning Sign,Unincorporated,2009,0,1,1542,-88.2384394288533,40.0833190815993
A-Injury,Pedalcyclist,Clear,Daylight,Wet,No Controls,Champaign,2009,0,1,1544,-88.2387113515052,40.1103655802046
A-Injury,Overturned,Clear,Darkness,Dry,No Controls,Unincorporated,2009,0,1,1545,-87.9535757063218,40.2988659786832
A-Injury,Angle,Rain,Daylight,Wet,No Controls,Unincorporated,2009,0,2,1546,-88.0790792080835,40.3563912575567
A-Injury,Rear End,Clear,Daylight,Dry,No Controls,Champaign,2009,0,2,1547,-88.2388210689595,40.1286588844238
A-Injury,Pedalcyclist,Clear,Daylight,Dry,No Controls,Champaign,2009,0,1,1548,-88.2290687235089,40.1163957470726
A-Injury,Fixed Object,Clear,Daylight,Dry,No Controls,Rantoul,2009,0,1,1549,-88.1637694888389,40.2981571103865
A-Injury,Angle,Clear,Darkness,Dry,Stop Sign/flasher,Unincorporated,2009,0,3,1550,-88.2173114755257,39.9084399695433
A-Injury,Angle,Clear,Daylight,Dry,Stop Sign/flasher,Unincorporated,2009,0,3,1551,-88.0404794566715,40.297940883793
A-Injury,Angle,Clear,Daylight,Dry,No Controls,Unincorporated,2009,0,3,1552,-88.1427902170715,40.040348602257
A-Injury,Turning,Clear,Daylight,Dry,Stop Sign/flasher,Champaign,2009,0,2,1553,-88.3080626952285,40.1277293772276
A-Injury,Fixed Object,Clear,Darkness,Wet,No Controls,Unincorporated,2009,0,1,1554,-88.2134464106127,40.3885034626663
A-Injury,Pedalcyclist,Clear,Daylight,Dry,No Controls,Urbana,2009,0,1,1555,-88.2214698894352,40.1059893569774
A-Injury,Turning,Rain,Daylight,Wet,Traffic Signal,Urbana,2009,0,1,1556,-88.2049686952829,40.1163195845287
A-Injury,Angle,Clear,Daylight,Dry,No Controls,Unincorporated,2009,0,4,1557,-88.0790792080835,40.3563912575567
A-Injury,Fixed Object,Rain,Daylight,Wet,Lane Use Marking,Champaign,2009,0,1,1558,-88.2606790467045,40.1354073588864
A-Injury,Turning,Rain,Daylight,Wet,Lane Use Marking,Champaign,2009,0,1,1559,-88.2467213289483,40.1058805272024
A-Injury,Turning,Clear,Daylight,Dry,Stop Sign/flasher,Champaign,2009,0,1,1560,-88.2468413012359,40.1153400322893
A-Injury,Angle,Rain,Darkness,Wet,Traffic Signal,Champaign,2009,0,5,1561,-88.2816993592703,40.1184699093583
A-Injury,Fixed Object,Rain,Daylight,Wet,No Controls,Urbana,2009,0,2,1562,-88.204870120569,40.0951195415257
A-Injury,Angle,Rain,Darkness,Wet,Stop Sign/flasher,Champaign,2009,0,1,1563,-88.2817404383998,40.0983391186349
A-Injury,Turning,Clear,Daylight,Dry,Traffic Signal,Champaign,2009,0,1,1564,-88.2579793640202,40.1321710482859
A-Injury,Rear End,Clear,"Darkness, Lighted Road",Dry,Traffic Signal,Champaign,2009,0,4,1565,-88.2787260717356,40.1128491885283
A-Injury,Parked Motor Vehicle,Clear,"Darkness, Lighted Road",Dry,No Controls,Champaign,2009,0,1,1566,-88.2605987334634,40.119212347291
A-Injury,Pedestrian,Rain,Daylight,Wet,No Controls,Urbana,2009,0,1,1567,-88.2045987190108,40.11248019111
A-Injury,Rear End,Clear,Daylight,Dry,Traffic Signal,Champaign,2009,0,1,1569,-88.2435611177968,40.1272001712059
A-Injury,Pedestrian,Clear,Daylight,Dry,Other Warning Sign,Champaign,2009,0,1,1570,-88.2386912386381,40.1079468779865
A-Injury,Rear End,Clear,Daylight,Dry,Traffic Signal,Urbana,2009,0,1,1571,-88.2194809957241,40.120069843808
A-Injury,Angle,Rain,"Darkness, Lighted Road",Wet,Traffic Signal,Champaign,2009,0,1,1572,-88.2387090289841,40.1102291496086
A-Injury,Sideswipe Same Direction,Clear,Daylight,Dry,Lane Use Marking,Unincorporated,2009,0,1,1573,-88.1777858300355,40.2654725154564
A-Injury,Fixed Object,Clear,Daylight,Wet,No Controls,Unincorporated,2009,0,2,1574,-87.9504723049619,40.3311055094164
A-Injury,Rear End,Clear,Daylight,Dry,No Controls,Champaign,2009,0,2,1575,-88.2937905419077,40.1275789839681
A-Injury,Turning,Clear,Daylight,Dry,Other Regualtory Sign,Urbana,2009,0,1,1576,-88.2022086305572,40.1273705025191
A-Injury,Rear End,Clear,"Darkness, Lighted Road",Dry,No Controls,Urbana,2009,0,2,1577,-88.1784485457116,40.114069264869
A-Injury,Fixed Object,Clear,Darkness,Dry,Lane Use Marking,Unincorporated,2003,0,1,97,-88.3034671755194,39.9712225364832
A-Injury,Turning,Rain,Darkness,Wet,No Controls,Champaign,2009,0,1,1578,-88.2772209716285,40.1386851279154
A-Injury,Pedalcyclist,Clear,Daylight,Dry,Traffic Signal,Champaign,2009,0,1,1579,-88.2335627605609,40.1163558711113
A-Injury,Angle,Clear,Daylight,Dry,No Controls,Champaign,2009,0,1,1580,-88.2370583667849,40.1102600803275
A-Injury,Angle,Clear,Daylight,Dry,Stop Sign/flasher,Unincorporated,2009,0,1,1581,-88.3331986600013,40.113321132108
A-Injury,Turning,Rain,Dusk,Wet,Traffic Signal,Urbana,2009,0,1,1582,-88.1621603328049,40.0839895476106
A-Injury,Pedalcyclist,Rain,Daylight,Wet,Stop Sign/flasher,Champaign,2009,0,1,1583,-88.2353925012987,40.1126505144021
A-Injury,Angle,Clear,Daylight,Dry,Stop Sign/flasher,Champaign,2009,0,2,1584,-88.2500711878885,40.1163091752351
A-Injury,Rear End,Fog/smoke/haze,Daylight,Wet,No Controls,Champaign,2009,0,3,1585,-88.3044954268058,40.0985875637939
A-Injury,Rear End,Clear,Darkness,Dry,Traffic Signal,Champaign,2009,0,1,1586,-88.2334887778673,40.1040699289545
A-Injury,Other Non Collision,Rain,Dawn,Wet,No Controls,Unincorporated,2009,0,1,1587,-88.3148209421938,40.1420894421985
A-Injury,Rear End,Clear,Darkness,Dry,Lane Use Marking,Unincorporated,2009,0,1,1588,-88.4207351562756,40.1202735891778
A-Injury,Turning,Rain,Darkness,Wet,Traffic Signal,Champaign,2009,0,1,1589,-88.2445882869078,40.0980934445949
A-Injury,Parked Motor Vehicle,Clear,Darkness,Dry,No Controls,Champaign,2009,0,2,1590,-88.2878870866918,40.0949933510805
A-Injury,Rear End,Clear,Daylight,Dry,Lane Use Marking,Unincorporated,2009,0,1,1592,-88.2975933875485,40.113055744739
A-Injury,Angle,Rain,Daylight,Wet,Stop Sign/flasher,Unincorporated,2009,0,4,1593,-88.1557405012096,40.3852887377146
A-Injury,Fixed Object,Clear,Daylight,Dry,No Controls,Unincorporated,2009,0,1,1594,-88.2585128455868,40.1891251537974
A-Injury,Pedestrian,Clear,"Darkness, Lighted Road",Dry,No Controls,Urbana,2009,0,2,1595,-88.2287612428903,40.1173598488223