crash_severity,collision_type,weather,light,road_surface,traffic_control,city,year,fatality,injury,id,x,y
A-Injury,Fixed Object,Clear,Daylight,Ice,No Controls,Unincorporated,2013,0,1,2192,-88.2701344273521,40.2458809907403
A-Injury,Turning,Clear,"Darkness, Lighted Road",Dry,Traffic Signal,Champaign,2013,0,1,2193,-88.2438100007773,40.1027699994551
A-Injury,Head On,Clear,Daylight,Dry,Lane Use Marking,Unincorporated,2013,0,2,2194,-88.2577963763781,40.3114039619001
A-Injury,Fixed Object,Clear,Daylight,Dry,No Controls,Urbana,2013,0,1,2195,-88.1909407981884,40.141559245734
A-Injury,Pedestrian,Clear,Daylight,Dry,No Controls,Urbana,2013,0,1,2196,-88.2094589963622,40.1045189611262
A-Injury,Angle,Clear,Daylight,Dry,Stop Sign/flasher,Champaign,2013,0,2,2197,-88.2626000002923,40.118299999623
A-Injury,Rear End,Clear,Daylight,Dry,Traffic Signal,Champaign,2013,0,2,2198,-88.2438096165573,40.102771581442
A-Injury,Head On,Clear,Darkness,Wet,No Controls,Unincorporated,2013,0,3,2199,-88.0468602227795,40.1228963087168
A-Injury,Pedestrian,Clear,Daylight,Snow Or Slush,Lane Use Marking,Unincorporated,2013,0,1,2200,-88.138874016939,40.3803089178262
A-Injury,Overturned,Clear,Darkness,Dry,Lane Use Marking,Unincorporated,2013,0,2,2201,-88.3035454949206,40.0553805734451
A-Injury,Angle,Rain,Daylight,Wet,Lane Use Marking,Champaign,2013,0,1,2202,-88.2832605389362,40.1457704685517
A-Injury,Pedestrian,Clear,Darkness,Dry,No Controls,Champaign,2013,0,1,2203,-88.2754900015208,40.1100463883892
A-Injury,Head On,Snow,Daylight,Snow Or Slush,Lane Use Marking,Unincorporated,2013,0,1,2204,-88.0868510380849,40.1133200003915
A-Injury,Rear End,Clear,Daylight,Wet,Lane Use Marking,Champaign,2013,0,2,2206,-88.2828360612171,40.1454141024903
A-Injury,Fixed Object,Clear,Darkness,Dry,No Controls,Unincorporated,2013,0,2,2207,-88.2936310882822,39.9376937341266
A-Injury,Overturned,Clear,Daylight,Dry,Lane Use Marking,Unincorporated,2013,0,8,2208,-88.3029495180258,39.9358094481895
A-Injury,Fixed Object,Clear,Daylight,Ice,No Controls,Unincorporated,2013,0,2,2209,-88.3245614999588,40.1861742620417
A-Injury,Head On,Fog/smoke/haze,Daylight,Dry,Lane Use Marking,Unincorporated,2013,0,2,2210,-88.161028638605,39.9370861268673
A-Injury,Angle,Clear,Daylight,Dry,Traffic Signal,Unincorporated,2013,0,2,2211,-88.2954499999422,40.1130399994474
A-Injury,Turning,Clear,Daylight,Dry,No Controls,Unincorporated,2013,0,1,2212,-88.4634240906104,40.196574410472
A-Injury,Turning,Clear,Darkness,Dry,No Controls,Champaign,2013,0,2,2213,-88.3141600010922,40.0897199991791
A-Injury,Animal,Clear,Darkness,Dry,Lane Use Marking,St. Joseph,2013,0,1,2214,-88.0579073120957,40.1203892632697
A-Injury,Rear End,Clear,Daylight,Dry,Other Warning Sign,Unincorporated,2013,0,2,2215,-88.3497700015587,40.0257799996951
A-Injury,Fixed Object,Clear,Daylight,Dry,No Controls,Unincorporated,2013,0,1,2216,-88.3148149983509,40.1415406825276
A-Injury,Sideswipe Same Direction,Clear,Daylight,Dry,Lane Use Marking,Urbana,2013,0,3,2218,-88.18781958071,40.1467790018269
A-Injury,Angle,Snow,Daylight,Ice,No Controls,Champaign,2013,0,3,2219,-88.2954999993238,40.1200300009197
A-Injury,Angle,Rain,Daylight,Wet,Traffic Signal,Champaign,2000,0,2,314,-88.246877418792,40.0835447688794
A-Injury,Rear End,Clear,Daylight,Dry,Traffic Signal,Urbana,2013,0,2,2220,-88.2240206952321,40.1163999997419
A-Injury,Overturned,Clear,Daylight,Dry,Lane Use Marking,Unincorporated,2013,0,6,2221,-88.3040865241609,40.0142048686017
A-Injury,Angle,Clear,Darkness,Dry,No Controls,Champaign,2013,0,1,2222,-88.2765440838291,40.1004046447706
A-Injury,Overturned,Clear,Darkness,Dry,No Controls,Unincorporated,2013,0,2,2223,-88.0595212734892,40.2981922295809
A-Injury,Angle,Rain,Daylight,Wet,Stop Sign/flasher,Urbana,2013,0,1,2225,-88.2206897782963,40.1145199976497
A-Injury,Fixed Object,Clear,Daylight,Other,No Controls,Unincorporated,2013,0,1,2226,-88.3113431704322,39.9372811129501
A-Injury,Turning,Clear,Daylight,Dry,Traffic Signal,Urbana,2013,0,4,2227,-88.1925562039257,40.1390911243158
A-Injury,Pedalcyclist,Clear,Daylight,Dry,No Controls,Urbana,2013,0,1,2228,-88.2050401690877,40.1140673380323
A-Injury,Fixed Object,Severe Cross Wind,Daylight,Ice,Lane Use Marking,Mahomet,2000,0,1,317,-88.3937934838254,40.1965526191713
A-Injury,Rear End,Clear,Darkness,Dry,No Controls,Unincorporated,2013,0,2,2229,-88.3469009473587,40.338624949115
A-Injury,Angle,Clear,Dusk,Dry,Stop Sign/flasher,Unincorporated,2013,0,4,2230,-88.0476500001796,40.0909499995839
A-Injury,Fixed Object,Rain,Darkness,Wet,No Controls,Unincorporated,2013,0,1,2231,-88.2542054095569,40.1710091400247
A-Injury,Pedestrian,Clear,Daylight,Dry,No Controls,Champaign,2013,0,1,2232,-88.2574098269763,40.0981499995507
A-Injury,Turning,Clear,Daylight,Dry,Traffic Signal,Champaign,2013,0,2,2233,-88.295030050438,40.0693930934051
A-Injury,Pedestrian,Clear,Daylight,Dry,Traffic Signal,Champaign,2013,0,1,2234,-88.2304004486867,40.1091401141153
A-Injury,Turning,Clear,Daylight,Dry,No Controls,Unincorporated,2013,0,2,2235,-88.2171435430012,39.9084418685478
A-Injury,Fixed Object,Rain,"Darkness, Lighted Road",Wet,No Controls,Champaign,2013,0,3,2236,-88.2438844743649,40.1391118419886
A-Injury,Angle,Clear,Darkness,Dry,Stop Sign/flasher,Unincorporated,2013,0,2,2237,-88.3135399925517,40.0254692682021
A-Injury,Turning,Clear,Daylight,Dry,Traffic Signal,Urbana,2013,0,3,2238,-88.219377527547,40.1164300246271
A-Injury,Overturned,Clear,Daylight,Dry,No Controls,Unincorporated,2013,0,1,2239,-88.2714600020635,40.3698299998215
A-Injury,Turning,Clear,Daylight,Dry,Stop Sign/flasher,Champaign,2013,0,1,2240,-88.2579051127785,40.12022999981
A-Injury,Overturned,Clear,Darkness,Dry,No Controls,Unincorporated,2013,0,1,2241,-88.432085626201,40.2249560239966
A-Injury,Angle,Clear,Daylight,Dry,Stop Sign/flasher,Champaign,2013,0,1,2242,-88.2542800017404,40.1162705824443
A-Injury,Rear End,Clear,Daylight,Dry,Lane Use Marking,Unincorporated,2013,0,1,2243,-88.2954499999422,40.1130399994474
A-Injury,Fixed Object,Snow,"Darkness, Lighted Road",Ice,Lane Use Marking,Champaign,2013,0,1,2244,-88.2380743620285,40.1347795350735
A-Injury,Rear End,Fog/smoke/haze,Daylight,Wet,Lane Use Marking,Unincorporated,2013,0,2,2245,-88.3031420597194,39.9539552677261
A-Injury,Turning,Clear,Daylight,Dry,No Controls,Champaign,2013,0,2,2247,-88.2767246966819,40.1119099303995
A-Injury,Angle,Clear,Dusk,Dry,Stop Sign/flasher,Unincorporated,2013,0,3,2248,-88.1436307020689,40.1133599980485
A-Injury,Sideswipe Same Direction,Clear,Daylight,Dry,No Controls,Champaign,2013,0,1,2249,-88.2436357790764,40.1310954330016
A-Injury,Sideswipe Opposite Direction,Clear,Daylight,Dry,No Controls,Unincorporated,2013,0,1,2250,-88.1886899274259,40.010829884184
A-Injury,Overturned,Clear,Daylight,Other,No Controls,Unincorporated,2013,0,2,2251,-88.1421397970693,39.9688800661664
A-Injury,Angle,Fog/smoke/haze,Daylight,Wet,Stop Sign/flasher,Thomasboro,2013,0,3,2252,-88.1832001142336,40.2388040812254
A-Injury,Animal,Clear,Daylight,Dry,No Controls,Unincorporated,2013,0,1,2253,-88.3466030289605,40.2748410729478
A-Injury,Overturned,Rain,Daylight,Wet,Traffic Signal,Champaign,2013,0,1,2254,-88.2769800485237,40.1486919249991
A-Injury,Fixed Object,Snow,Daylight,Snow Or Slush,Lane Use Marking,St. Joseph,2013,0,2,2255,-88.0423765132525,40.120239478295
A-Injury,Head On,Clear,Daylight,Dry,No Controls,Tolono,2013,0,4,2257,-88.2557773977502,39.985988517698
A-Injury,Fixed Object,Clear,Darkness,Dry,No Controls,Unincorporated,2013,0,1,2258,-88.0677137359678,40.2247600003022
A-Injury,Other Non Collision,Rain,"Darkness, Lighted Road",Wet,Traffic Signal,Mahomet,2013,0,1,2259,-88.3652600008876,40.1842799999028
A-Injury,Angle,Clear,Daylight,Dry,Traffic Signal,Champaign,2003,0,1,28,-88.2451371508181,40.112631524087
A-Injury,Head On,Clear,Daylight,Dry,Lane Use Marking,Unincorporated,2013,0,2,2260,-88.3109700606521,40.113229411537
A-Injury,Angle,Clear,Dawn,Wet,Stop Sign/flasher,Champaign,2013,0,4,2261,-88.2436100005389,40.1297200004792
A-Injury,Parked Motor Vehicle,Clear,Daylight,Dry,No Controls,Urbana,2013,0,1,2262,-88.2015530116115,40.1128655284096
A-Injury,Rear End,Snow,Darkness,Ice,Lane Use Marking,Unincorporated,2013,0,3,2263,-88.2740112473086,39.9011709954379
A-Injury,Rear End,Clear,Darkness,Dry,Lane Use Marking,Champaign,2013,0,1,2264,-88.2716786458571,40.1569817569298
A-Injury,Fixed Object,Clear,"Darkness, Lighted Road",Dry,No Controls,Champaign,2013,0,1,2265,-88.2719346886291,40.0691391936269
A-Injury,Angle,Clear,Daylight,Dry,No Controls,Unincorporated,2013,0,1,2266,-88.3670385603301,40.3800955865256
A-Injury,Fixed Object,Clear,Daylight,Dry,No Controls,Savoy,2013,0,2,2267,-88.2487384115071,40.0718356356429
A-Injury,Angle,Clear,Daylight,Dry,Stop Sign/flasher,Unincorporated,2013,0,3,2268,-88.3696700002883,40.1276205036832
A-Injury,Pedestrian,Clear,"Darkness, Lighted Road",Dry,No Controls,Urbana,1999,0,1,456,-88.1996424824718,40.1269794842813
A-Injury,Fixed Object,Clear,Dawn,Dry,No Controls,Unincorporated,1999,0,1,457,-88.0476565162129,40.0800039525258
A-Injury,Angle,Rain,Daylight,Wet,Stop Sign/flasher,Tolono,2013,0,3,2269,-88.2616546971934,39.9900693639938
A-Injury,Angle,Clear,Dusk,Dry,Stop Sign/flasher,Mahomet,2013,0,1,2270,-88.4027483769395,40.1948544018706
A-Injury,Angle,Clear,Daylight,Dry,Stop Sign/flasher,Champaign,2013,0,1,2271,-88.2410788148226,40.1249299997195
A-Injury,Fixed Object,Snow,Darkness,Snow Or Slush,Lane Use Marking,Unincorporated,2013,0,1,2272,-88.1611642256097,39.9689542635099
A-Injury,Angle,Clear,Daylight,Other,No Controls,Unincorporated,2013,0,2,2274,-88.4631203881637,40.0986207658757
A-Injury,Rear End,Sleet/hail,Darkness,Ice,Lane Use Marking,Unincorporated,2013,0,1,2275,-88.0693837451992,40.1206460750321
A-Injury,Overturned,Clear,Darkness,Dry,No Controls,Unincorporated,2013,0,1,2276,-88.3243800495085,40.0550836639975
A-Injury,Fixed Object,Rain,Darkness,Wet,Lane Use Marking,Unincorporated,2013,0,2,2277,-88.3856509173335,40.2796028795598
A-Injury,Fixed Object,Clear,Darkness,Wet,Other Warning Sign,Unincorporated,2013,0,1,2278,-87.9361240952311,40.3781825313307
A-Injury,Fixed Object,Snow,Dusk,Snow Or Slush,Lane Use Marking,Unincorporated,2013,0,3,2279,-88.3027246784714,39.9263088673621
A-Injury,Rear End,Snow,Darkness,Ice,Lane Use Marking,Unincorporated,2013,0,1,2280,-88.1831519345114,40.2373206632397
A-Injury,Pedalcyclist,Rain,Darkness,Wet,No Controls,Champaign,2013,0,1,2281,-88.2963954343719,40.0839512504984
A-Injury,Turning,Clear,Darkness,Dry,Traffic Signal,Champaign,2013,0,2,2282,-88.2437200004438,40.1379708480598
A-Injury,Fixed Object,Clear,"Darkness, Lighted Road",Wet,No Controls,Champaign,2013,0,1,2283,-88.2766358339762,40.1061491594801
A-Injury,Turning,Fog/smoke/haze,Daylight,Dry,No Controls,Champaign,2013,0,1,2284,-88.2392700016365,40.1567299997201
A-Injury,Angle,Clear,Daylight,Dry,Traffic Signal,Champaign,2013,0,3,2285,-88.2817001300733,40.1184776080803
A-Injury,Rear End,Clear,Daylight,Dry,No Controls,Urbana,2013,0,1,2286,-88.1627414559238,40.1106489896772
A-Injury,Angle,Clear,Darkness,Dry,Traffic Signal,Champaign,2013,0,2,2287,-88.2468100010723,40.1126099992334
A-Injury,Rear End,Clear,Daylight,Dry,Traffic Signal,Champaign,2013,0,1,2288,-88.2689100431802,40.0982206922495
A-Injury,Turning,Clear,Daylight,Dry,Traffic Signal,Champaign,2013,0,2,2289,-88.242639532962,40.1163711708574
A-Injury,Fixed Object,Clear,Darkness,Dry,No Controls,Unincorporated,2013,0,1,2290,-88.1204930986132,40.1860245998263
A-Injury,Fixed Object,Clear,Darkness,Dry,Lane Use Marking,Unincorporated,2013,0,1,2291,-87.9686053316243,40.1123722599565
A-Injury,Angle,Clear,Daylight,Dry,Stop Sign/flasher,Urbana,2013,0,2,2292,-88.1955479064344,40.0983800450908
A-Injury,Pedestrian,Clear,Darkness,Dry,Lane Use Marking,Champaign,2013,0,1,2293,-88.2725709900718,40.1128020697852
A-Injury,Pedalcyclist,Clear,Daylight,Dry,Traffic Signal,Urbana,2013,0,2,2294,-88.1904499067453,40.0838081334924
A-Injury,Pedestrian,Clear,Daylight,Dry,Traffic Signal,Urbana,2013,0,1,2295,-88.224020000866,40.1164000001846
A-Injury,Pedalcyclist,Clear,Daylight,Dry,No Controls,Urbana,2013,0,1,2296,-88.1945582724899,40.1056800005887
A-Injury,Pedalcyclist,Rain,"Darkness, Lighted Road",Wet,No Controls,Champaign,2013,0,1,2297,-88.2654438017509,40.0981925834337
A-Injury,Rear End,Clear,Darkness,Dry,Lane Use Marking,Unincorporated,2014,0,2,2298,-88.2484059824454,40.1783740243989
A-Injury,Fixed Object,Clear,Dusk,Dry,Lane Use Marking,Unincorporated,2014,0,1,2299,-87.9682582999066,40.3132000048084
A-Injury,Fixed Object,Clear,Dawn,Dry,No Controls,Unincorporated,2014,0,1,2300,-87.9498084133981,40.3306637775566
A-Injury,Overturned,Clear,Dusk,Dry,Lane Use Marking,Unincorporated,2014,0,5,2301,-88.1821947744908,40.1971036536476
A-Injury,Turning,Clear,Daylight,Dry,Traffic Signal,Unincorporated,2014,0,3,2302,-88.1832000195998,40.2388007074381
A-Injury,Sideswipe Opposite Direction,Clear,Daylight,Dry,Lane Use Marking,Unincorporated,2014,0,3,2303,-88.0736571037462,40.3125513509105
A-Injury,Fixed Object,Clear,Daylight,Wet,No Controls,Unincorporated,2014,0,1,2304,-88.4250800056408,39.8860176758882
A-Injury,Fixed Object,Clear,Darkness,Ice,No Controls,Unincorporated,2014,0,2,2306,-88.3466564521131,40.2952697651738
A-Injury,Angle,Clear,Daylight,Dry,No Controls,Unincorporated,2002,0,3,149,-88.3332847957248,40.1133087720451
A-Injury,Rear End,Clear,Daylight,Dry,Lane Use Marking,Unincorporated,2014,0,1,2307,-88.4076600012214,40.1567100001834
A-Injury,Rear End,Clear,Daylight,Dry,No Controls,Unincorporated,2014,0,1,2308,-88.365320001583,40.1964855241457
A-Injury,Head On,Rain,Darkness,Wet,Lane Use Marking,Unincorporated,2014,0,1,2309,-88.4075499931614,40.1348901907327
A-Injury,Rear End,Clear,Daylight,Dry,Lane Use Marking,Mahomet,2014,0,2,2310,-88.3454975337205,40.1806195293124
A-Injury,Rear End,Rain,Daylight,Wet,Lane Use Marking,Unincorporated,2014,0,1,2311,-88.394829019642,40.12055900891
A-Injury,Fixed Object,Clear,Daylight,Dry,No Controls,Unincorporated,2014,0,2,2312,-88.3653400048421,40.2094404034448
A-Injury,Rear End,Clear,Darkness,Dry,Lane Use Marking,Unincorporated,2014,0,1,2313,-88.3983373339049,40.1205504363559
A-Injury,Head On,Clear,Darkness,Dry,No Controls,Unincorporated,2014,0,2,2314,-88.3466247599823,40.2782876657311
A-Injury,Rear End,Clear,Darkness,Dry,No Controls,Mahomet,2014,0,1,2315,-88.3968600012807,40.1998299996558
A-Injury,Other Object,Clear,Darkness,Wet,No Controls,Champaign,2014,0,1,2316,-88.2543895140893,40.0981200006134
A-Injury,Angle,Clear,Daylight,Ice,Traffic Signal,Champaign,2014,0,1,2317,-88.2817000355781,40.1184720656669
A-Injury,Angle,Clear,Daylight,Dry,Traffic Signal,Champaign,2014,0,2,2318,-88.276810000017,40.1164623832761
A-Injury,Rear End,Clear,Daylight,Dry,No Controls,Champaign,2014,0,1,2319,-88.2467064322788,40.0848789935594
A-Injury,Parked Motor Vehicle,Clear,Daylight,Dry,No Controls,Champaign,2014,0,1,2320,-88.2630975055913,40.1163500037343
A-Injury,Parked Motor Vehicle,Clear,Darkness,Dry,No Controls,Champaign,2014,0,1,2322,-88.2387371610022,40.1170272385878
A-Injury,Pedestrian,Clear,Daylight,Dry,Stop Sign/flasher,Champaign,2014,0,1,2323,-88.2817423097205,40.0983400228863
A-Injury,Head On,Clear,Darkness,Dry,Other Warning Sign,Champaign,2014,0,2,2324,-88.2977180365101,40.1338360380242
A-Injury,Turning,Clear,Daylight,Dry,No Controls,Champaign,2014,0,3,2325,-88.2454341487765,40.0930259595468
A-Injury,Overturned,Clear,"Darkness, Lighted Road",Wet,No Controls,Champaign,2014,0,1,2326,-88.2317432101095,40.1163521380717
A-Injury,Sideswipe Same Direction,Clear,Daylight,Dry,No Controls,Urbana,2014,0,2,2327,-88.2195500011928,40.1284423933127
A-Injury,Pedestrian,Clear,Daylight,Dry,Lane Use Marking,Champaign,2014,0,1,2328,-88.2364062266332,40.1274013257951
A-Injury,Fixed Object,Rain,"Darkness, Lighted Road",Wet,Stop Sign/flasher,Champaign,2014,0,1,2329,-88.2398695348516,40.1210574310982
A-Injury,Turning,Clear,Daylight,Dry,No Controls,Champaign,2014,0,2,2330,-88.2581332151795,40.1322375187771
A-Injury,Rear End,Snow,"Darkness, Lighted Road",Snow Or Slush,No Controls,Champaign,2014,0,1,2331,-88.2766323831681,40.1274074456395
A-Injury,Angle,Clear,Daylight,Snow Or Slush,Traffic Signal,Champaign,2014,0,1,2332,-88.2445877380963,40.0980943599453
A-Injury,Parked Motor Vehicle,Snow,Daylight,Snow Or Slush,Lane Use Marking,Champaign,2014,0,1,2333,-88.2289369578559,40.1142845401456
A-Injury,Other Object,Clear,Daylight,Wet,No Controls,Champaign,2014,0,1,2334,-88.2579800008157,40.1310759737121
A-Injury,Fixed Object,Clear,Daylight,Dry,Lane Use Marking,Champaign,2014,0,1,2335,-88.2870469884152,40.127521792807
A-Injury,Pedestrian,Clear,Daylight,Dry,No Controls,Champaign,2014,0,1,2336,-88.2810781305,40.1032142712093
A-Injury,Rear End,Clear,Daylight,Dry,Stop Sign/flasher,Urbana,2014,0,1,2337,-88.2255807981723,40.1105590784355
A-Injury,Angle,Clear,Daylight,Dry,Traffic Signal,Champaign,2014,0,1,2338,-88.2578900011902,40.1407499996309
A-Injury,Pedestrian,Clear,Daylight,Dry,No Controls,Champaign,2014,0,1,2339,-88.2665041629917,40.1272840491356
A-Injury,Pedestrian,Clear,"Darkness, Lighted Road",Wet,Lane Use Marking,Champaign,2014,0,1,2340,-88.2723295936388,40.0982399951714
A-Injury,Angle,Clear,Daylight,Dry,Stop Sign/flasher,Champaign,2014,0,1,2341,-88.2527501250677,40.1425288256459
A-Injury,Angle,Clear,Daylight,Dry,Traffic Signal,Champaign,2014,0,2,2342,-88.2772300596124,40.1392317964868
A-Injury,Turning,Clear,Daylight,Dry,No Controls,Champaign,2014,0,1,2343,-88.243450000772,40.1090099994554
A-Injury,Fixed Object,Clear,"Darkness, Lighted Road",Dry,No Controls,Champaign,2014,0,1,2344,-88.2412757736131,40.1272064269165
A-Injury,Pedalcyclist,Clear,Daylight,Dry,Traffic Signal,Champaign,2014,0,1,2345,-88.2579800152708,40.1271708248376
A-Injury,Pedalcyclist,Clear,Daylight,Dry,Traffic Signal,Champaign,2014,0,1,2346,-88.2772300013583,40.139230000616
A-Injury,Pedestrian,Clear,Daylight,Dry,No Controls,Champaign,2014,0,1,2347,-88.2591100298971,40.1380791567567
A-Injury,Turning,Clear,"Darkness, Lighted Road",Dry,Traffic Signal,Champaign,2014,0,1,2348,-88.2765102407828,40.0982600034427
A-Injury,Pedalcyclist,Clear,Daylight,Dry,Stop Sign/flasher,Unincorporated,2014,0,1,2349,-88.2981100000837,40.0985200000883
A-Injury,Rear End,Clear,Daylight,Dry,Lane Use Marking,Champaign,2014,0,1,2350,-88.2580130094288,40.1358594569295
A-Injury,Other Object,Clear,Daylight,Dry,Lane Use Marking,Champaign,2014,0,2,2351,-88.2966603710809,40.1572141875403
A-Injury,Fixed Object,Clear,Daylight,Dry,Lane Use Marking,Champaign,2014,0,1,2352,-88.2804795691339,40.143517232781
A-Injury,Fixed Object,Clear,Darkness,Dry,Lane Use Marking,Urbana,2014,0,1,2353,-88.2241184538674,40.1349278808158
A-Injury,Other Non Collision,Clear,Daylight,Dry,No Controls,Champaign,2014,0,1,2354,-88.276352940595,40.085948522484
A-Injury,Turning,Clear,Daylight,Dry,No Controls,Champaign,2014,0,1,2355,-88.258606811888,40.1324462245642
A-Injury,Pedestrian,Clear,Daylight,Dry,Traffic Signal,Champaign,2014,0,1,2356,-88.2468700014912,40.1271923425195
A-Injury,Angle,Rain,Daylight,Wet,Stop Sign/flasher,Champaign,2014,0,1,2357,-88.2387204200333,40.1143700070849
A-Injury,Parked Motor Vehicle,Rain,Daylight,Unknown,Stop Sign/flasher,Champaign,2014,0,1,2358,-88.2303709363587,40.1005874155287
A-Injury,Overturned,Clear,Daylight,Dry,No Controls,Champaign,2014,0,1,2359,-88.2860600004075,40.11290999907
A-Injury,Rear End,Clear,"Darkness, Lighted Road",Wet,Traffic Signal,Champaign,2014,0,1,2360,-88.2435317259487,40.1211186645263
A-Injury,Turning,Clear,Daylight,Dry,Traffic Signal,Champaign,2014,0,1,2361,-88.2464997090524,40.0862418343213
A-Injury,Angle,Clear,Daylight,Dry,Stop Sign/flasher,Champaign,2014,0,1,2362,-88.2627100009444,40.1272299999694
A-Injury,Fixed Object,Clear,Darkness,Dry,No Controls,Champaign,2014,0,1,2363,-88.2955200466705,40.1060154567915
A-Injury,Pedestrian,Clear,Daylight,Dry,No Controls,Unincorporated,2014,0,1,2364,-88.2747173122704,40.1416162683971
A-Injury,Pedalcyclist,Clear,Daylight,Dry,No Controls,Urbana,2014,0,1,2365,-88.2214592818402,40.1090807738953
A-Injury,Other Non Collision,Clear,Darkness,Dry,No Controls,Unincorporated,1999,0,2,458,EMPTY,
A-Injury,Rear End,Clear,Dusk,Ice,Police/flagman,Unincorporated,1999,0,4,459,-88.2617900169682,40.1654278506449
A-Injury,Turning,Rain,Daylight,Wet,No Controls,Unincorporated,2014,0,2,2366,-88.219948779817,40.1435347799496
A-Injury,Overturned,Clear,Darkness,Wet,Lane Use Marking,Champaign,2014,0,1,2367,-88.3077003069218,40.1209211632301
A-Injury,Rear End,Clear,Daylight,Dry,Traffic Signal,Champaign,2014,0,3,2368,-88.2464357983659,40.0866446799853
A-Injury,Pedestrian,Rain,"Darkness, Lighted Road",Wet,Traffic Signal,Unincorporated,2014,0,1,2369,-88.2384395116347,40.0833209774493
A-Injury,Head On,Clear,Daylight,Dry,No Controls,Urbana,2014,0,3,2370,-88.2236599955926,40.1164044736659
A-Injury,Turning,Clear,"Darkness, Lighted Road",Dry,Traffic Signal,Urbana,2014,0,3,2371,-88.2195399278096,40.1273684391752
A-Injury,Turning,Clear,"Darkness, Lighted Road",Dry,Traffic Signal,Champaign,2014,0,2,2372,-88.2689102381468,40.0982239417524
A-Injury,Pedestrian,Clear,Daylight,Dry,Traffic Signal,Champaign,2014,0,1,2373,-88.2385191270673,40.0980400081864
A-Injury,Fixed Object,Clear,Daylight,Dry,No Controls,Champaign,2014,0,1,2374,-88.243052917949,40.0834795217726
A-Injury,Turning,Rain,"Darkness, Lighted Road",Wet,No Controls,Champaign,2000,0,2,318,-88.2579195445405,40.1239572177179
A-Injury,Angle,Clear,Daylight,Wet,Stop Sign/flasher,Champaign,2000,0,1,319,-88.3145129624667,40.1132597945671
A-Injury,Angle,Clear,Daylight,Dry,Stop Sign/flasher,Champaign,2014,0,1,2375,-88.262740000814,40.1310000003261
A-Injury,Turning,Clear,Daylight,Dry,Stop Sign/flasher,Champaign,2014,0,1,2376,-88.2767100013924,40.1103300001003
A-Injury,Rear End,Clear,"Darkness, Lighted Road",Dry,Stop Sign/flasher,Champaign,2014,0,1,2377,-88.2812059717767,40.0983312962357
A-Injury,Angle,Clear,Daylight,Dry,No Controls,Urbana,2014,0,2,2378,-88.2209183000759,40.1164289329268
A-Injury,Rear End,Clear,Daylight,Dry,No Controls,Champaign,2014,0,1,2379,-88.2336844188804,40.0980900001149
A-Injury,Fixed Object,Clear,"Darkness, Lighted Road",Dry,No Controls,Champaign,2014,0,1,2380,-88.2579403064317,40.1253752764308
A-Injury,Fixed Object,Clear,Darkness,Ice,Lane Use Marking,Unincorporated,2014,0,1,2381,-88.1232096456928,40.1206397982467
A-Injury,Fixed Object,Clear,Darkness,Dry,No Controls,Urbana,2014,0,2,2382,-88.1989733586936,40.134001038768
A-Injury,Pedestrian,Clear,Daylight,Dry,Other,Urbana,2014,0,1,2383,-88.2192200017682,40.1046400001537
A-Injury,Parked Motor Vehicle,Clear,Daylight,Snow Or Slush,No Controls,Urbana,2014,0,1,2384,-88.2000705943395,40.0985034304056
A-Injury,Rear End,Fog/smoke/haze,Daylight,Dry,Stop Sign/flasher,Urbana,2014,0,1,2385,-88.2049610798982,40.1107993793602
A-Injury,Overturned,Clear,Darkness,Ice,No Controls,Unincorporated,2014,0,3,2386,-88.1438871799962,40.1383397936252
A-Injury,Rear End,Clear,Daylight,Dry,Traffic Signal,Urbana,2014,0,1,2387,-88.2049700013527,40.1163199993893
A-Injury,Rear End,Clear,Daylight,Dry,Traffic Signal,Unincorporated,2014,0,1,2388,-88.218850055919,40.0835227298157
A-Injury,Turning,Clear,Daylight,Dry,Stop Sign/flasher,Unincorporated,2014,0,1,2389,-88.1822700014631,40.1565999996202
A-Injury,Fixed Object,Clear,Daylight,Dry,Lane Use Marking,Unincorporated,2014,0,1,2390,-88.2073939139442,40.1351000006758