crash_severity,collision_type,weather,light,road_surface,traffic_control,city,year,fatality,injury,id,x,y
A-Injury,Fixed Object,Fog/smoke/haze,Daylight,Wet,Lane Use Marking,Champaign,2015,0,1,2584,-88.305309295943,40.1207995252054
A-Injury,Overturned,Clear,Darkness,Dry,No Controls,Unincorporated,2015,0,1,2585,-88.3360220300212,40.2234515430472
A-Injury,Fixed Object,Cloudy/overcast,Daylight,Dry,No Controls,Unincorporated,2015,0,1,2586,-88.3445905140936,40.1277804758135
A-Injury,Pedestrian,Clear,Daylight,Dry,No Controls,Champaign,2015,0,1,2587,-88.2771801939068,40.1369617840347
A-Injury,Pedestrian,Clear,Daylight,Dry,No Controls,Champaign,2015,0,1,2588,-88.2772405791414,40.1274145304489
A-Injury,Overturned,Clear,Darkness,Dry,Lane Use Marking,Unincorporated,2015,0,1,2589,-88.3753395730153,40.3757036054301
A-Injury,Overturned,Clear,Dawn,Dry,Lane Use Marking,Unincorporated,2015,0,3,2591,-88.3849989989051,40.2803168191383
A-Injury,Pedalcyclist,Clear,Daylight,Dry,No Controls,Unincorporated,2015,0,1,2592,-88.1364879739463,40.3274306821372
A-Injury,Pedestrian,Clear,"Darkness, Lighted Road",Dry,Traffic Signal,Urbana,2003,0,1,31,-88.2019300852411,40.1220186704026
A-Injury,Rear End,Clear,Daylight,Dry,No Controls,Unincorporated,2015,0,1,2593,-88.2896894279539,40.2969593225812
A-Injury,Overturned,Clear,Daylight,Dry,No Controls,Unincorporated,2015,0,1,2594,-88.1940461702663,40.3571708656686
A-Injury,Head On,Fog/smoke/haze,Darkness,Wet,Yield,Mahomet,1999,0,3,464,-88.3402676750804,40.1726413947316
A-Injury,Turning,Clear,Darkness,Dry,Lane Use Marking,Philo,1999,0,3,465,-88.1613868168925,39.9982715148381
A-Injury,Rear End,Unknown,Daylight,Dry,No Controls,Champaign,1999,0,4,466,-88.2304267451287,40.1127185850452
A-Injury,Rear End,Clear,Daylight,Dry,Traffic Signal,Rantoul,2015,0,1,2595,-88.1751627421631,40.3081845183219
A-Injury,Fixed Object,Rain,"Darkness, Lighted Road",Wet,No Controls,Rantoul,2015,0,2,2596,-88.1558500005596,40.3163158308489
A-Injury,Fixed Object,Clear,Darkness,Dry,No Controls,Unincorporated,2015,0,2,2597,-88.3092500148309,40.3547103891263
A-Injury,Fixed Object,Clear,Daylight,Ice,Lane Use Marking,Unincorporated,2015,0,1,2598,-88.1055570004544,40.3123090010937
A-Injury,Other Object,Clear,Darkness,Dry,Rr Crossing Gate,Rantoul,2015,0,1,2599,-88.1707236060446,40.2827251287418
A-Injury,Angle,Clear,Daylight,Dry,No Controls,Unincorporated,2015,0,5,2600,-88.0019000014317,40.2837099994216
A-Injury,Angle,Clear,Daylight,Dry,Stop Sign/flasher,Champaign,2000,0,1,327,-88.3145129624667,40.1132597945671
A-Injury,Rear End,Clear,Daylight,Dry,Other,Mahomet,1999,0,1,467,-88.3888534952148,40.1876453895257
A-Injury,Turning,Clear,Daylight,Dry,Traffic Signal,Urbana,2001,0,4,261,-88.2195613721625,40.1341663829274
A-Injury,Fixed Object,Rain,Daylight,Wet,No Controls,Champaign,2003,0,1,32,-88.2906447656786,40.1129732579896
A-Injury,Turning,Rain,Dawn,Dry,No Controls,Unincorporated,2000,0,2,328,-87.958502434789,40.0762224458529
A-Injury,Rear End,Clear,Daylight,Wet,Traffic Signal,Savoy,2004,0,2,469,-88.2519127109396,40.0510767028603
A-Injury,Rear End,Clear,Dawn,Dry,No Controls,Unincorporated,2003,0,1,33,-88.1770750715549,40.3262745832272
A-Injury,Angle,Clear,Daylight,Dry,Stop Sign/flasher,Champaign,2000,0,2,329,-88.3145129624667,40.1132597945671
A-Injury,Turning,Clear,Daylight,Dry,Traffic Signal,Champaign,2000,0,3,330,-88.2578328618776,40.1163193710851
A-Injury,Pedalcyclist,Clear,Daylight,Dry,Stop Sign/flasher,Urbana,2012,0,2,2711,-88.2159897681505,40.1074605183598
A-Injury,Rear End,Severe Cross Wind,Darkness,Ice,Traffic Signal,Savoy,2004,0,1,470,-88.2491725096057,40.0689961100169
A-Injury,Rear End,Clear,Daylight,Dry,No Controls,Urbana,2003,0,1,34,-88.2149462555,40.1164701708931
A-Injury,Angle,Clear,Daylight,Dry,Traffic Signal,Urbana,2000,0,1,331,-88.1627749750589,40.1133433836615
A-Injury,Angle,Snow,Daylight,Snow Or Slush,No Controls,St. Joseph,2000,0,1,332,-88.0201667906035,40.1201835625498
A-Injury,Rear End,Rain,"Darkness, Lighted Road",Wet,Stop Sign/flasher,Savoy,2004,0,1,471,-88.248757886681,40.0716765570111
A-Injury,Turning,Clear,Daylight,Dry,Traffic Signal,Urbana,2003,0,3,35,-88.2050046678331,40.1163119581311
A-Injury,Overturned,Clear,Daylight,Dry,Lane Use Marking,Unincorporated,2000,0,3,333,-88.1055512266676,40.120671268753
A-Injury,Fixed Object,Clear,Daylight,Dry,Lane Use Marking,Unincorporated,2000,0,2,334,-88.2501840298419,40.1764650737197
A-Injury,Pedalcyclist,Clear,Dusk,Dry,No Controls,Champaign,2010,0,1,2803,-88.2299337896495,40.125154549452
A-Injury,Turning,Clear,Darkness,Wet,Traffic Signal,Champaign,2004,0,1,472,-88.2446384669096,40.0980915312516
A-Injury,Rear End,Clear,Daylight,Wet,Traffic Signal,Champaign,2004,0,1,473,-88.2446384669096,40.0980915312516
A-Injury,Rear End,Clear,Daylight,Dry,No Controls,Champaign,2004,0,1,474,-88.2443059601382,40.1000311461071
A-Injury,Angle,Clear,Daylight,Dry,No Controls,Champaign,2003,0,2,36,-88.2816950349486,40.112897959128
A-Injury,Turning,Clear,Dusk,Wet,Yield,Unincorporated,2000,0,1,335,-88.2584031962917,40.0102661808612
A-Injury,Overturned,Clear,Daylight,Dry,Lane Use Marking,Unincorporated,2000,0,1,336,EMPTY,
A-Injury,Rear End,Clear,Daylight,Dry,No Controls,Champaign,2004,0,3,475,-88.2435184667744,40.1126019034444
A-Injury,Turning,Rain,Daylight,Wet,Traffic Signal,Champaign,2004,0,3,476,-88.2435184667744,40.1126019034444
A-Injury,Overturned,Rain,Darkness,Wet,Lane Use Marking,Champaign,2003,0,1,37,-88.2701755726744,40.1376598859336
A-Injury,Fixed Object,Clear,Daylight,Dry,Lane Use Marking,Unincorporated,2000,0,2,337,-88.1760798495346,40.3275406938434
A-Injury,Angle,Snow,Darkness,Ice,Stop Sign/flasher,Unincorporated,2000,0,3,338,-88.0465327470314,40.1862478496605
A-Injury,Fixed Object,Clear,"Darkness, Lighted Road",Dry,No Controls,Champaign,2004,0,1,477,-88.2415409932109,40.1126177620677
A-Injury,Rear End,Clear,"Darkness, Lighted Road",Dry,Traffic Signal,Champaign,2004,0,1,478,-88.2387337511384,40.1126458498797
A-Injury,Parked Motor Vehicle,Clear,Daylight,Dry,Police/flagman,Unincorporated,2000,0,1,340,EMPTY,
A-Injury,Sideswipe Same Direction,Clear,Daylight,Dry,No Controls,Champaign,2000,0,2,341,-88.2830888930562,40.1467983980933
A-Injury,Angle,Clear,Daylight,Dry,Traffic Signal,Champaign,2004,0,1,479,-88.2387337511384,40.1126458498797
A-Injury,Rear End,Clear,Daylight,Dry,No Controls,Champaign,2004,0,2,480,-88.2304267451287,40.1127185850452
A-Injury,Rear End,Clear,Daylight,Dry,No Controls,Champaign,2000,0,1,342,-88.2452229073556,40.0944696690598
A-Injury,Turning,Rain,"Darkness, Lighted Road",Wet,Traffic Signal,Urbana,2000,0,1,343,-88.2050046678331,40.1163119581311
A-Injury,Angle,Clear,"Darkness, Lighted Road",Dry,Traffic Signal,Champaign,2004,0,1,481,-88.2289391994858,40.1127293825505
A-Injury,Rear End,Clear,Daylight,Dry,No Controls,Urbana,2004,0,1,482,-88.2271150592042,40.1164072406053
A-Injury,Rear End,Clear,Daylight,Dry,Traffic Signal,Champaign,2003,0,2,38,-88.2579447238729,40.1380089461832
A-Injury,Rear End,Clear,"Darkness, Lighted Road",Dry,Traffic Signal,Urbana,2004,0,3,483,-88.2193700773236,40.1164391840334
A-Injury,Rear End,Clear,"Darkness, Lighted Road",Dry,Traffic Signal,Urbana,2004,0,5,484,-88.2191501550909,40.1164406306891
A-Injury,Pedestrian,Clear,"Darkness, Lighted Road",Dry,No Controls,Urbana,2003,0,1,39,-88.201552478683,40.1228664670112
A-Injury,Turning,Clear,Daylight,Dry,Traffic Signal,Urbana,2004,0,2,485,-88.2050046678331,40.1163119581311
A-Injury,Fixed Object,Clear,"Darkness, Lighted Road",Dry,Traffic Signal,Urbana,2004,0,2,486,-88.1994081291613,40.127391570635
A-Injury,Angle,Clear,Daylight,Dry,Stop Sign/flasher,Urbana,2000,0,3,344,-88.1907147565022,40.1419727195052
A-Injury,Pedalcyclist,Clear,Daylight,Dry,Stop Sign/flasher,Champaign,2000,0,1,345,-88.2484692855978,40.1126263889481
A-Injury,Turning,Clear,"Darkness, Lighted Road",Dry,Traffic Signal,Champaign,2003,0,2,40,-88.2446384669096,40.0980915312516
A-Injury,Parked Motor Vehicle,Snow,Daylight,Snow Or Slush,No Controls,Unincorporated,2000,0,1,346,-88.1621378109447,40.1203205383604
A-Injury,Rear End,Clear,Daylight,Dry,Lane Use Marking,Urbana,2000,0,1,347,-88.2038383265606,40.118433439079
A-Injury,Overturned,Snow,Daylight,Snow Or Slush,No Controls,Urbana,2000,0,1,348,-88.189799989904,40.1435722274013
A-Injury,Pedestrian,Snow,"Darkness, Lighted Road",Snow Or Slush,No Controls,Unincorporated,2000,0,1,349,-88.18077378993,40.1145126750446
A-Injury,Pedalcyclist,Clear,Daylight,Dry,Traffic Signal,Urbana,2004,0,1,487,-88.1994081291613,40.127391570635
A-Injury,Rear End,Clear,Daylight,Snow Or Slush,No Controls,Urbana,2004,0,1,488,-88.1945929381125,40.1355032178927
A-Injury,Rear End,Clear,"Darkness, Lighted Road",Dry,No Controls,Champaign,2000,0,2,350,-88.2579156342044,40.1232022949806
A-Injury,Angle,Rain,Daylight,Wet,Traffic Signal,Champaign,2000,0,2,351,-88.2467999536647,40.1126179344272
A-Injury,Rear End,Clear,Daylight,Dry,Lane Use Marking,Unincorporated,2004,0,1,489,-88.1818386511653,40.159502164173
A-Injury,Rear End,Clear,Daylight,Dry,No Controls,Unincorporated,2004,0,1,490,-88.1819688009922,40.1711221762088
A-Injury,Overturned,Clear,Darkness,Dry,No Controls,Unincorporated,2000,0,1,352,-88.1771759607068,40.2667010134229
A-Injury,Angle,Snow,Daylight,Ice,No Controls,Champaign,2000,0,1,353,-88.2690859604027,40.1590590593922
A-Injury,Turning,Clear,Daylight,Dry,Stop Sign/flasher,Unincorporated,2004,0,1,491,-88.1822013661942,40.1892946028907
A-Injury,Fixed Object,Clear,"Darkness, Lighted Road",Dry,No Controls,Rantoul,2004,0,1,492,-88.1687857512704,40.2870567795549
A-Injury,Sideswipe Same Direction,Clear,Daylight,Dry,No Controls,Rantoul,2004,0,2,493,-88.1681801082118,40.3083376863135
A-Injury,Fixed Object,Clear,Daylight,Dry,No Controls,Unincorporated,2004,0,2,494,-88.0613664956469,40.3126186065272
A-Injury,Pedestrian,Clear,Daylight,Wet,No Controls,Unincorporated,2010,0,2,3447,-88.2734519647289,40.143943179759
A-Injury,Pedestrian,Clear,"Darkness, Lighted Road",Wet,No Controls,Champaign,2010,0,1,3450,-88.2337636039307,40.1214450558028
A-Injury,Pedestrian,Clear,Daylight,Dry,No Controls,Champaign,2010,0,1,3453,-88.2354879465929,40.1079628421227
A-Injury,Pedestrian,Rain,Daylight,Wet,No Controls,Champaign,2010,0,1,3455,-88.2539429206728,40.1126495235437
A-Injury,Pedestrian,Clear,Darkness,Dry,No Controls,Unincorporated,2010,0,1,3459,-88.2283150119767,40.0835001766927
A-Injury,Pedestrian,Clear,Daylight,Dry,No Controls,Champaign,2010,0,1,3464,-88.2511423237451,40.1288032649433
A-Injury,Pedestrian,Clear,"Darkness, Lighted Road",Dry,No Controls,Urbana,2010,0,1,3467,-88.2222074647494,40.1164201568227
A-Injury,Pedestrian,Clear,"Darkness, Lighted Road",Dry,No Controls,Champaign,2010,0,1,3470,-88.2764162169815,40.1128462301025
A-Injury,Pedestrian,Clear,Daylight,Dry,No Controls,Champaign,2010,0,1,3471,-88.2859157243488,40.0983813394834
A-Injury,Head On,Snow,Daylight,Ice,Lane Use Marking,Unincorporated,2004,0,2,495,-88.0604008497035,40.3126260686799
A-Injury,Overturned,Clear,Daylight,Ice,Lane Use Marking,Unincorporated,2004,0,1,496,-88.0503116539144,40.3126933506721
A-Injury,Pedestrian,Clear,Daylight,Dry,Traffic Signal,Champaign,2010,0,1,3478,-88.2445883723397,40.0980934446604
A-Injury,Rear End,Clear,Darkness,Dry,No Controls,Unincorporated,2002,0,2,43,-88.0650363070632,40.3126095141166
A-Injury,Pedestrian,Clear,Daylight,Snow Or Slush,Traffic Signal,Champaign,2010,0,1,3485,-88.2860601406215,40.112910943994
A-Injury,Pedestrian,Snow,Darkness,Snow Or Slush,No Controls,Unincorporated,2010,0,1,3486,-88.1715224575134,40.1077304067223
A-Injury,Pedestrian,Clear,Darkness,Dry,No Controls,Champaign,2010,0,1,3487,-88.26845498276,40.1273118204988
A-Injury,Pedestrian,Clear,Darkness,Dry,Other,Champaign,2011,0,1,3492,-88.2435091115853,40.1163595649879
A-Injury,Pedestrian,Rain,"Darkness, Lighted Road",Wet,Traffic Signal,Urbana,2011,0,1,3493,-88.1906998147208,40.0984098714558
A-Injury,Pedestrian,Clear,Daylight,Dry,No Controls,Urbana,2011,0,1,3498,-88.2035990490459,40.105640562549
A-Injury,Pedestrian,Rain,Darkness,Wet,No Controls,Urbana,2011,0,1,3500,-88.1956617695502,40.1056896247093
A-Injury,Pedestrian,Clear,Daylight,Dry,No Controls,Champaign,2011,0,1,3501,-88.235392504874,40.1126505144051
A-Injury,Pedestrian,Clear,Daylight,Dry,No Controls,Champaign,2011,0,1,3502,-88.235601661912,40.1163411416249
A-Injury,Pedestrian,Clear,"Darkness, Lighted Road",Dry,No Controls,Champaign,2011,0,1,3505,-88.2452174378777,40.1212965769275
A-Injury,Pedestrian,Clear,Darkness,Dry,Stop Sign/flasher,Champaign,2011,0,1,3506,-88.2320800272746,40.1126803308579
A-Injury,Pedestrian,Clear,"Darkness, Lighted Road",Dry,Traffic Signal,Champaign,2011,0,2,3510,-88.2335492036491,40.1126691988351
A-Injury,Pedestrian,Clear,Darkness,Dry,School Zone,Urbana,2011,0,1,3512,-88.2049991586243,40.1036900070834
A-Injury,Pedestrian,Rain,Darkness,Wet,No Controls,Urbana,2011,0,2,3514,-88.2074239992347,40.1129908430836
A-Injury,Pedestrian,Rain,Darkness,Wet,Traffic Signal,Champaign,2011,0,1,3516,-88.2579100794734,40.1182694965733
A-Injury,Pedestrian,Rain,"Darkness, Lighted Road",Wet,Traffic Signal,Champaign,2011,0,1,3518,-88.2468109054203,40.1126098810458
A-Injury,Pedestrian,Clear,Daylight,Snow Or Slush,No Controls,Champaign,2011,0,1,3520,-88.2484902741488,40.1126102822963
A-Injury,Pedestrian,Rain,"Darkness, Lighted Road",Wet,No Controls,Champaign,2011,0,1,3523,-88.2335713617701,40.1101435427583
A-Injury,Rear End,Clear,Daylight,Dry,No Controls,Urbana,2003,0,1,44,-88.1887775078619,40.1452964781826
A-Injury,Pedestrian,Clear,Daylight,Dry,No Controls,Urbana,2011,0,1,3526,-88.2194715180836,40.1211951643367
A-Injury,Pedestrian,Rain,Darkness,Wet,Stop Sign/flasher,Champaign,2011,0,1,3532,-88.2335494232931,40.1144290680257
A-Injury,Pedestrian,Other,Dusk,Dry,No Controls,Rantoul,2011,0,1,3535,-88.1412232019493,40.3215817900836
A-Injury,Pedestrian,Clear,Daylight,Dry,Traffic Signal,Urbana,2012,0,1,3537,-88.2126408536794,40.1164908841194
A-Injury,Pedestrian,Rain,"Darkness, Lighted Road",Wet,Lane Use Marking,Urbana,2012,0,1,3538,-88.2239400191976,40.1113730104384
A-Injury,Pedestrian,Clear,Darkness,Dry,No Controls,Urbana,2012,0,1,3542,-88.1735300120003,40.1058093910238
A-Injury,Pedestrian,Clear,Daylight,Dry,Lane Use Marking,Mahomet,2012,0,1,3543,-88.3888229634812,40.1876164441801
A-Injury,Pedestrian,Clear,Daylight,Wet,Traffic Signal,Champaign,2012,0,1,3551,-88.2681887109867,40.1273085314534
A-Injury,Pedestrian,Clear,Daylight,Dry,Traffic Signal,Urbana,2012,0,1,3552,-88.190699842529,40.0984099066275
A-Injury,Pedestrian,Clear,"Darkness, Lighted Road",Dry,Traffic Signal,Champaign,2012,0,1,3553,-88.2387099288848,40.1102299060727
A-Injury,Pedestrian,Clear,"Darkness, Lighted Road",Dry,Traffic Signal,Urbana,2012,0,1,3555,-88.2193802116011,40.1128301566526
A-Injury,Pedestrian,Clear,"Darkness, Lighted Road",Dry,Other Warning Sign,Urbana,2012,0,1,3557,-88.2279844500816,40.1041933366927
A-Injury,Pedestrian,Rain,Daylight,Wet,Other,Urbana,2012,0,3,3563,-88.2191999584708,40.1037001637469
A-Injury,Pedalcyclist,Clear,"Darkness, Lighted Road",Dry,No Controls,Champaign,2000,0,1,354,-88.2579473002304,40.1300628698443
A-Injury,Fixed Object,Clear,Daylight,Dry,No Controls,Unincorporated,2000,0,3,355,-88.3030887947702,39.9371272928748
A-Injury,Overturned,Clear,Daylight,Dry,Lane Use Marking,Unincorporated,2000,0,1,356,-88.2580735977242,40.16868743215
A-Injury,Pedestrian,Clear,"Darkness, Lighted Road",Dry,No Controls,Champaign,2012,0,1,3566,-88.2467002287022,40.1221500013215
A-Injury,Turning,Clear,Daylight,Dry,No Controls,Champaign,2003,0,1,45,-88.2578328618776,40.1163193710851
A-Injury,Pedestrian,Clear,Daylight,Dry,No Controls,Champaign,2012,0,1,3573,-88.2611211617437,40.1490807114509
A-Injury,Pedestrian,Clear,Darkness,Dry,No Controls,Champaign,2012,0,1,3578,-88.2759080652741,40.1293906950236
A-Injury,Pedestrian,Clear,Daylight,Dry,Stop Sign/flasher,Champaign,2012,0,1,3585,-88.2386306632774,40.1026998943827
A-Injury,Pedestrian,Clear,Daylight,Wet,No Controls,Champaign,2013,0,1,3587,-88.2763309331188,40.0982563461419
A-Injury,Pedestrian,Rain,Darkness,Wet,Traffic Signal,Champaign,2013,0,1,3588,-88.2426396190591,40.1163709565319
A-Injury,Pedestrian,Rain,"Darkness, Lighted Road",Wet,Traffic Signal,Champaign,2013,0,1,3593,-88.2420810256713,40.117780249258
A-Injury,Pedestrian,Clear,Daylight,Dry,No Controls,Urbana,2013,0,1,3594,-88.2094589963622,40.1045189611262
A-Injury,Pedestrian,Clear,Daylight,Snow Or Slush,Lane Use Marking,Unincorporated,2013,0,1,3595,-88.138874016939,40.3803089178262
A-Injury,Pedestrian,Clear,Darkness,Dry,No Controls,Champaign,2013,0,1,3596,-88.2754900015208,40.1100463883892
A-Injury,Pedestrian,Clear,Daylight,Dry,No Controls,Champaign,2013,0,1,3605,-88.2574098269763,40.0981499995507
A-Injury,Angle,Clear,Daylight,Wet,Stop Sign/flasher,Unincorporated,2000,0,2,357,-88.3065265325992,40.0254024320214
A-Injury,Pedestrian,Clear,"Darkness, Lighted Road",Dry,No Passing,Rantoul,2000,0,1,358,-88.1557692938791,40.3075933272871
A-Injury,Pedestrian,Clear,Daylight,Dry,Traffic Signal,Champaign,2013,0,1,3607,-88.2304004486867,40.1091401141153
A-Injury,Rear End,Clear,Daylight,Dry,No Controls,Unincorporated,2003,0,2,46,-88.3035283944078,40.0397403103942
A-Injury,Pedestrian,Clear,Darkness,Dry,Lane Use Marking,Champaign,2013,0,1,3620,-88.2725709900718,40.1128020697852
A-Injury,Pedestrian,Clear,Daylight,Dry,Traffic Signal,Urbana,2013,0,1,3624,-88.224020000866,40.1164000001846
A-Injury,Pedestrian,Clear,Daylight,Dry,Stop Sign/flasher,Champaign,2014,0,1,3635,-88.2817423097205,40.0983400228863
A-Injury,Pedestrian,Clear,Daylight,Dry,Lane Use Marking,Champaign,2014,0,1,3638,-88.2364062266332,40.1274013257951
A-Injury,Pedestrian,Clear,Daylight,Dry,No Controls,Champaign,2014,0,1,3639,-88.2810781305,40.1032142712093
A-Injury,Pedestrian,Clear,Daylight,Dry,No Controls,Champaign,2014,0,1,3642,-88.2665041629917,40.1272840491356
A-Injury,Pedestrian,Clear,"Darkness, Lighted Road",Wet,Lane Use Marking,Champaign,2014,0,1,3643,-88.2723295936388,40.0982399951714
A-Injury,Pedestrian,Clear,Daylight,Dry,No Controls,Champaign,2014,0,1,3644,-88.2591100298971,40.1380791567567
A-Injury,Pedestrian,Clear,Daylight,Dry,Traffic Signal,Champaign,2014,0,1,3646,-88.2468700014912,40.1271923425195
A-Injury,Angle,Clear,Darkness,Dry,No Controls,Champaign,2000,0,1,359,-88.2769584873616,40.1277172488567
A-Injury,Overturned,Clear,Darkness,Dry,No Controls,Unincorporated,2000,0,1,360,EMPTY,
A-Injury,Pedestrian,Clear,Daylight,Dry,No Controls,Unincorporated,2014,0,1,3650,-88.2747173122704,40.1416162683971
A-Injury,Pedestrian,Rain,"Darkness, Lighted Road",Wet,Traffic Signal,Unincorporated,2014,0,1,3651,-88.2384395116347,40.0833209774493
A-Injury,Pedestrian,Clear,Daylight,Dry,Traffic Signal,Champaign,2014,0,1,3653,-88.2385191270673,40.0980400081864
A-Injury,Pedestrian,Clear,Daylight,Dry,Other,Urbana,2014,0,1,3658,-88.2192200017682,40.1046400001537
A-Injury,Pedestrian,Clear,Darkness,Wet,No Controls,Urbana,2014,0,1,3659,-88.1673017196158,40.1112616747752
A-Injury,Turning,Clear,Dawn,Dry,No Controls,Unincorporated,2004,0,2,497,-88.4258329562566,40.195340440625
A-Injury,Pedalcyclist,Clear,Daylight,Dry,Stop Sign/flasher,Mahomet,2004,0,1,498,-88.4066175099537,40.1919068426359
A-Injury,Fixed Object,Clear,Darkness,Dry,Stop Sign/flasher,Unincorporated,2004,0,2,499,-88.3339329642852,40.1694230522497
A-Injury,Pedestrian,Clear,Daylight,Dry,No Controls,Urbana,2014,0,1,3662,-88.2004125221565,40.1254302061287
A-Injury,Overturned,Clear,Daylight,Dry,Lane Use Marking,Unincorporated,2003,0,1,47,-88.1064878216408,40.1206652480529
A-Injury,Pedestrian,Clear,Daylight,Dry,Traffic Signal,Urbana,2014,0,1,3666,-88.2128186612493,40.116489818325
A-Injury,Pedestrian,Clear,Daylight,Dry,Traffic Signal,Urbana,2014,0,1,3667,-88.2156798712409,40.1164539514851
A-Injury,Pedestrian,Clear,Daylight,Ice,Lane Use Marking,Unincorporated,2014,0,2,3670,-88.1394980734616,40.379045388431
A-Injury,Pedestrian,Fog/smoke/haze,Darkness,Ice,Other Warning Sign,Unincorporated,2014,0,1,3672,-88.033639058355,40.2395730369882
A-Injury,Pedestrian,Clear,Daylight,Dry,Lane Use Marking,Champaign,2005,0,1,3676,-88.2469754516474,40.1347511311834
A-Injury,Pedestrian,Clear,"Darkness, Lighted Road",Dry,No Controls,Champaign,2005,0,1,3678,-88.2388061320679,40.1241423297854
A-Injury,Pedestrian,Clear,Daylight,Dry,No Controls,Champaign,2005,0,1,3682,-88.2387058559046,40.1109134033882
A-Injury,Pedestrian,Clear,Daylight,Dry,Traffic Signal,Urbana,2005,0,1,3694,-88.2239613691299,40.1127749752943
A-Injury,Turning,Clear,Daylight,Dry,Stop Sign/flasher,St. Joseph,2000,0,2,361,-88.0431137523001,40.119307737179
A-Injury,Rear End,Clear,Daylight,Dry,No Controls,Champaign,2000,0,1,362,-88.2534556006848,40.1126410684527
A-Injury,Pedestrian,Rain,Daylight,Wet,No Controls,Urbana,2005,0,1,3696,-88.2076181225184,40.1124807618199
A-Injury,Rear End,Clear,Daylight,Dry,No Controls,Champaign,2000,0,1,271,-88.2446131461347,40.0982302725513
A-Injury,Other Object,Clear,Darkness,Dry,Lane Use Marking,Unincorporated,2000,0,1,272,-88.1051763954933,40.1206705902442
A-Injury,Pedestrian,Clear,Daylight,Dry,No Controls,Urbana,2005,0,1,3701,-88.1678601547572,40.1133309599387
A-Injury,Pedestrian,Clear,Daylight,Dry,Traffic Signal,Urbana,2005,0,1,3703,-88.20902056614,40.116525243238
A-Injury,Pedestrian,Clear,Daylight,Dry,No Controls,Champaign,2005,0,1,3705,-88.2518038041985,40.1255399767328
A-Injury,Turning,Clear,Daylight,Unknown,Traffic Signal,Unincorporated,2003,0,2,48,-88.2954350365736,40.1130326373836
A-Injury,Pedestrian,Clear,Daylight,Dry,Other,Urbana,2005,0,1,3721,-88.2221028814759,40.0981494859246
A-Injury,Pedestrian,Clear,Daylight,Dry,No Controls,Champaign,2005,0,1,3722,-88.2534293823804,40.0940785258179
A-Injury,Pedestrian,Fog/smoke/haze,Darkness,Ice,Unknown,Champaign,2007,0,1,3726,-88.2320601041925,40.1079798715944
A-Injury,Pedestrian,Clear,Daylight,Dry,Unknown,Urbana,2007,0,1,3728,-88.20192908635,40.1220232148876
A-Injury,Pedestrian,Clear,Daylight,Dry,Unknown,Urbana,2007,0,1,3729,-88.2049952037702,40.1162792649482
A-Injury,Pedestrian,Clear,Daylight,Dry,Unknown,Champaign,2007,0,1,3731,-88.2689011771719,40.1273122038326
A-Injury,Pedestrian,Clear,Darkness,Dry,Unknown,Champaign,2007,0,1,3735,-88.2625590073809,40.1163505727532
A-Injury,Pedestrian,Clear,Daylight,Dry,Unknown,Urbana,2007,0,1,3739,-88.2089190150263,40.1124915473748
A-Injury,Overturned,Rain,Daylight,Wet,No Controls,Champaign,2000,0,1,363,-88.3041807320783,40.0805651713848
A-Injury,Fixed Object,Severe Cross Wind,Daylight,Ice,No Controls,Unincorporated,2000,0,2,364,-88.3034989982409,39.9746998540861
A-Injury,Pedestrian,Clear,Daylight,Dry,Unknown,Urbana,2007,0,1,3744,-88.2194976560578,40.1206386616805
A-Injury,Pedestrian,Clear,Daylight,Dry,Unknown,Urbana,2007,0,1,3745,-88.2192508406763,40.1059790852007
A-Injury,Turning,Clear,Daylight,Dry,Stop Sign/flasher,Champaign,2004,0,6,500,-88.2627419354162,40.1342505295401
A-Injury,Pedestrian,Clear,Daylight,Dry,Traffic Signal,Champaign,2004,0,1,501,-88.2579296297565,40.1321592484929
A-Injury,Fixed Object,Clear,Daylight,Dry,No Controls,Urbana,1999,0,1,395,-88.20129892268,40.1234313451369
A-Injury,Pedestrian,Clear,Daylight,Unknown,Unknown,Urbana,2007,0,1,3757,-88.2217103711647,40.1090800166519