crash_severity,collision_type,weather,light,road_surface,traffic_control,city,year,fatality,injury,id,x,y
A-Injury,Pedestrian,Clear,Daylight,Dry,Traffic Signal,Champaign,2008,0,1,3776,-88.2579034539181,40.1182694417485
A-Injury,Pedestrian,Clear,Daylight,Dry,No Controls,Champaign,2008,0,1,3778,-88.2350448087219,40.1102729055467
A-Injury,Pedestrian,Clear,Daylight,Ice,No Controls,Urbana,2008,0,1,3787,-88.2284266289458,40.1103735713161
A-Injury,Pedestrian,Clear,Daylight,Dry,Stop Sign/flasher,Champaign,2008,0,1,3791,-88.2468687766537,40.1202113312187
A-Injury,Pedestrian,Clear,Daylight,Dry,Traffic Signal,Urbana,2008,0,1,3793,-88.2239889413726,40.1128111217479
A-Injury,Pedestrian,Clear,Darkness,Dry,No Controls,Urbana,2008,0,1,3795,-88.2182456893914,40.110603905649
A-Injury,Rear End,Clear,Darkness,Dry,Traffic Signal,Rantoul,2000,0,2,365,-88.1355440970237,40.3121331328579
A-Injury,Turning,Clear,Daylight,Dry,Stop Sign/flasher,Unincorporated,2000,0,1,366,-88.3149345750782,40.1605537267694
A-Injury,Turning,Clear,Daylight,Dry,Lane Use Marking,Champaign,2000,0,2,367,-88.239012114526,40.1417687000452
A-Injury,Angle,Rain,Daylight,Wet,Traffic Signal,Champaign,2004,0,2,502,-88.2579296297565,40.1321592484929
A-Injury,Rear End,Clear,Daylight,Dry,No Controls,Champaign,2004,0,2,503,-88.2579578754618,40.1308942995155
A-Injury,Pedestrian,Clear,"Darkness, Lighted Road",Dry,No Controls,Champaign,2008,0,1,3804,-88.2320504653094,40.110299991431
A-Injury,Pedestrian,Clear,Daylight,Dry,Traffic Signal,Urbana,2008,0,1,3806,-88.2156192888248,40.1164501497193
A-Injury,Pedestrian,Clear,Daylight,Wet,No Controls,Champaign,2008,0,1,3809,-88.2951587696771,40.088680234933
A-Injury,Pedestrian,Clear,Darkness,Dry,No Controls,Champaign,2009,0,1,3816,-88.2961372098039,40.1093545339774
A-Injury,Pedestrian,Clear,Darkness,Dry,No Controls,Champaign,2009,0,1,3822,-88.2541137366633,40.1126498233272
A-Injury,Pedestrian,Clear,Daylight,Dry,No Controls,Fisher,2009,0,1,3836,-88.3496486201198,40.3157155872327
A-Injury,Pedestrian,Clear,Daylight,Dry,Stop Sign/flasher,Champaign,2009,0,1,3838,-88.276599634314,40.1045673248563
A-Injury,Turning,Clear,Dawn,Dry,Traffic Signal,Champaign,2000,0,2,368,-88.246877418792,40.0835447688794
A-Injury,Turning,Clear,Darkness,Dry,Lane Use Marking,Champaign,2004,0,1,504,-88.2579578754618,40.1308942995155
A-Injury,Turning,Clear,Daylight,Dry,Other Regualtory Sign,Champaign,2004,0,1,505,-88.2579522249559,40.1294349316295
A-Injury,Pedestrian,Rain,Daylight,Wet,No Controls,Urbana,2009,0,1,3848,-88.2045987190108,40.11248019111
A-Injury,Pedestrian,Clear,Daylight,Dry,Other Warning Sign,Champaign,2009,0,1,3849,-88.2386912386381,40.1079468779865
A-Injury,Pedestrian,Rain,Darkness,Wet,Traffic Signal,Champaign,2009,0,1,3851,-88.2335626825195,40.1163554469249
A-Injury,Turning,Clear,Daylight,Dry,Stop Sign/flasher,Rantoul,2005,0,2,587,-88.1365136631982,40.3125273621717
A-Injury,Pedestrian,Clear,"Darkness, Lighted Road",Dry,No Controls,Urbana,2009,0,2,3854,-88.2287612428903,40.1173598488223
A-Injury,Pedestrian,Clear,Daylight,Dry,No Controls,Mahomet,2006,0,1,3860,-88.4009010478584,40.1943320051464
A-Injury,Pedestrian,Clear,"Darkness, Lighted Road",Dry,No Controls,Champaign,2006,0,1,3876,-88.2436208197678,40.1284417108248
A-Injury,Pedestrian,Clear,Daylight,Dry,No Controls,Champaign,2006,0,1,3877,-88.2435309210844,40.1212132168621
A-Injury,Pedestrian,Clear,Darkness,Dry,No Controls,Champaign,2006,0,1,3878,-88.2484154609834,40.1437322537124
A-Injury,Pedestrian,Rain,Daylight,Wet,Traffic Signal,Champaign,2006,0,1,3881,-88.2468468828576,40.1163417351464
A-Injury,Pedestrian,Clear,Daylight,Dry,Stop Sign/flasher,Urbana,2006,0,2,3882,-88.2192523166444,40.1059768134269
A-Injury,Pedestrian,Clear,Dusk,Dry,No Controls,Champaign,2006,0,1,3886,-88.2724605431086,40.1200340923848
A-Injury,Pedestrian,Clear,"Darkness, Lighted Road",Dry,No Controls,Urbana,2006,0,3,3888,-88.2160501768253,40.1127805312967
A-Injury,Pedestrian,Clear,"Darkness, Lighted Road",Wet,No Controls,Champaign,2006,0,1,3890,-88.2368854626155,40.1193188022904
A-Injury,Pedestrian,Clear,Daylight,Dry,No Controls,Champaign,2006,0,1,3893,-88.2652437285152,40.1273192121104
A-Injury,Pedestrian,Clear,Daylight,Dry,No Controls,Champaign,2006,0,1,3894,-88.2370248123614,40.1303739513409
A-Injury,Pedestrian,Clear,Daylight,Dry,No Controls,Urbana,2015,0,1,3920,-88.2230394116088,40.1350852322437
A-Injury,Pedestrian,Clear,"Darkness, Lighted Road",Dry,Traffic Signal,Champaign,2015,0,1,3921,-88.2302882304196,40.1041700176493
A-Injury,Pedestrian,Clear,Daylight,Dry,No Controls,Champaign,2015,0,2,3923,-88.2517106451795,40.1135560700215
A-Injury,Pedestrian,Clear,Daylight,Dry,No Controls,Champaign,2015,0,1,3925,-88.2424889495578,40.1232922458676
A-Injury,Rear End,Clear,Daylight,Dry,No Controls,Champaign,2004,0,3,506,-88.2579347161796,40.1258432388159
A-Injury,Angle,Clear,Daylight,Dry,Stop Sign/flasher,Champaign,2004,0,3,507,-88.2578881601207,40.1212447022993
A-Injury,Pedestrian,Clear,"Darkness, Lighted Road",Dry,Traffic Signal,Champaign,2004,0,1,508,-88.2578465808394,40.1182575235972
A-Injury,Pedestrian,Clear,Daylight,Dry,Stop Sign/flasher,Champaign,2015,0,1,3926,-88.2430802527852,40.1153193932154
A-Injury,Pedestrian,Clear,"Darkness, Lighted Road",Dry,No Controls,Champaign,2015,0,1,3929,-88.2516999976742,40.1126296959937
A-Injury,Pedestrian,Rain,Darkness,Wet,Stop Sign/flasher,Champaign,2015,0,1,3932,-88.2385300018245,40.0945335614308
A-Injury,Pedestrian,Clear,Darkness,Dry,No Controls,Champaign,2015,0,1,3939,-88.278639788053,40.0950739496802
A-Injury,Rear End,Clear,Daylight,Dry,Police/flagman,Champaign,2003,0,3,50,-88.3050483745466,40.1240493796338
A-Injury,Rear End,Clear,Daylight,Dry,No Controls,Champaign,2003,0,1,51,-88.2771476716101,40.1358500041829
A-Injury,Rear End,Clear,Daylight,Dry,No Controls,Champaign,2005,0,2,684,-88.2457014880101,40.091332986292
A-Injury,Fixed Object,Snow,Darkness,Snow Or Slush,No Controls,Ogden,2003,0,2,52,-87.9554752341689,40.1199606286742
A-Injury,Rear End,Clear,Daylight,Wet,No Controls,Champaign,2003,0,1,54,-88.2767915047882,40.1128753059218
A-Injury,Turning,Clear,Daylight,Dry,Other,Urbana,2010,0,4,1694,-88.1621603328049,40.0839895476106
A-Injury,Overturned,Clear,Daylight,Dry,No Controls,Unincorporated,2003,0,2,55,-88.3147628644507,40.1384575212127
A-Injury,Pedestrian,Clear,Daylight,Dry,Traffic Signal,Urbana,2003,0,1,56,-88.2156940193367,40.1164623883943
A-Injury,Fixed Object,Clear,Daylight,Dry,No Controls,Unincorporated,2003,0,2,57,-88.1826246695633,40.2222115188391
A-Injury,Pedestrian,Clear,Daylight,Dry,No Controls,Urbana,2006,0,1,877,-88.2049982390267,40.1135682050863
A-Injury,Fixed Object,Clear,"Darkness, Lighted Road",Dry,Lane Use Marking,Urbana,2003,0,6,58,-88.214254284422,40.1350789722816
A-Injury,Turning,Rain,Daylight,Wet,Traffic Signal,Champaign,2003,0,6,59,-88.2767915047882,40.1128753059218
A-Injury,Rear End,Clear,Daylight,Dry,Lane Use Marking,Mahomet,2003,0,2,60,-88.367547450232,40.1880463690074
A-Injury,Rear End,Clear,Daylight,Dry,No Controls,Champaign,2003,0,2,61,-88.2838388992904,40.1461407772809
A-Injury,Fixed Object,Rain,"Darkness, Lighted Road",Wet,Lane Use Marking,Rantoul,2003,0,2,62,-88.1574327935031,40.3037817356047
A-Injury,Rear End,Clear,Daylight,Dry,Traffic Signal,Champaign,2003,0,3,63,-88.2579447238729,40.1380089461832
A-Injury,Turning,Rain,Daylight,Wet,Traffic Signal,Champaign,2003,0,1,64,-88.2767915047882,40.1128753059218
A-Injury,Rear End,Clear,"Darkness, Lighted Road",Dry,Traffic Signal,Champaign,2003,0,3,65,-88.2451371508181,40.112631524087
A-Injury,Turning,Clear,Dusk,Dry,No Controls,Philo,2003,0,5,66,-88.1614198297287,40.0110299132795
A-Injury,Pedalcyclist,Clear,Daylight,Dry,No Controls,Champaign,2006,0,1,878,-88.2354082155845,40.1160718717565
A-Injury,Fixed Object,Clear,Darkness,Dry,Stop Sign/flasher,Unincorporated,2003,0,2,67,-88.0781449344722,40.3125229675484
A-Injury,Pedestrian,Clear,Darkness,Wet,No Controls,Champaign,2006,0,1,879,-88.2335776551185,40.1090905058447
A-Injury,Fixed Object,Clear,Dawn,Dry,No Controls,Unincorporated,2003,0,1,68,-88.4236442667536,40.3109316209306
A-Injury,Rear End,Clear,Daylight,Dry,Lane Use Marking,Unincorporated,2003,0,2,69,-88.4631955621515,40.1068905195069
A-Injury,Fixed Object,Clear,Daylight,Unknown,No Passing,Unincorporated,2003,0,1,70,EMPTY,
A-Injury,Overturned,Snow,Darkness,Ice,Lane Use Marking,Unincorporated,2003,0,3,71,-88.3037382091342,39.9980546994595
A-Injury,Pedestrian,Clear,Darkness,Wet,No Controls,Rantoul,2003,0,2,84,-88.1557803855935,40.3041497240028
A-Injury,Turning,Clear,Daylight,Dry,Traffic Signal,Champaign,2003,0,1,72,-88.2768180410923,40.1164359331432
A-Injury,Angle,Clear,"Darkness, Lighted Road",Dry,Stop Sign/flasher,Rantoul,2003,0,1,73,-88.1564790934187,40.3082075105868
A-Injury,Angle,Rain,Dawn,Wet,Lane Use Marking,Unincorporated,2003,0,2,74,-88.1848364409935,40.1520197492904
A-Injury,Pedestrian,Snow,Dawn,Snow Or Slush,Traffic Signal,Champaign,2003,0,1,75,-88.2828720970404,40.1129002853071
A-Injury,Turning,Clear,Daylight,Dry,Stop Sign/flasher,Tolono,2003,0,2,76,-88.2642800960898,39.9732210361247
A-Injury,Rear End,Rain,Daylight,Wet,No Controls,Unincorporated,2003,0,1,77,-88.1822488063922,40.1936369467768
A-Injury,Sideswipe Same Direction,Clear,Daylight,Dry,Lane Use Marking,Champaign,2003,0,2,78,-88.2434646490604,40.1088481620834
A-Injury,Rear End,Clear,Daylight,Dry,No Controls,Champaign,2004,0,1,509,-88.2575786983135,40.1126561745481
A-Injury,Angle,Clear,Daylight,Dry,Traffic Signal,Champaign,2004,0,1,510,-88.2451371508181,40.112631524087
A-Injury,Rear End,Clear,Daylight,Dry,Lane Use Marking,Champaign,2003,0,1,79,-88.2389332417143,40.1348172359883
A-Injury,Overturned,Clear,Daylight,Dry,No Controls,Unincorporated,2003,0,1,80,-88.0189856813565,39.9085845640097
A-Injury,Head On,Clear,Daylight,Dry,Lane Use Marking,Unincorporated,2003,0,2,81,-87.9835932615026,40.3130876998503
A-Injury,Angle,Clear,Daylight,Wet,Stop Sign/flasher,Champaign,2006,0,1,928,-88.2953606643355,40.1093914914317
A-Injury,Pedestrian,Clear,Daylight,Dry,Unknown,Urbana,2007,0,1,3446,EMPTY,
A-Injury,Rear End,Clear,Daylight,Dry,Traffic Signal,Champaign,2006,0,1,976,-88.2439323415125,40.1102182012461
A-Injury,Other Non Collision,Clear,Daylight,Unknown,No Controls,Unincorporated,2003,0,1,82,-88.2452918808407,40.1813193320107
A-Injury,Fixed Object,Clear,Daylight,Dry,Lane Use Marking,Unincorporated,2003,0,1,18,-88.2930190537854,39.8940607579671
A-Injury,Angle,Clear,Daylight,Dry,Stop Sign/flasher,Champaign,2003,0,3,19,-88.2578053854781,40.1143617760507
A-Injury,Angle,Clear,Daylight,Dry,No Controls,Unincorporated,2003,0,2,20,-88.2523264989013,40.1742715238404
A-Injury,Head On,Clear,Daylight,Dry,Other Regualtory Sign,Unincorporated,2003,0,2,21,-88.4260159992224,40.1108385820094
A-Injury,Angle,Clear,Daylight,Dry,No Controls,Unincorporated,2003,0,1,22,-88.1572400515942,40.1203630007021
A-Injury,Rear End,Clear,Dusk,Dry,No Controls,Rantoul,2003,0,1,23,-88.2120933204844,40.3117204150531
A-Injury,Angle,Severe Cross Wind,Daylight,Ice,Stop Sign/flasher,Unincorporated,2003,0,3,24,-88.2584031962917,40.0102661808612
A-Injury,Pedestrian,Clear,Daylight,Dry,Traffic Signal,Rantoul,2001,0,1,219,-88.1552206128093,40.308211921205
A-Injury,Head On,Clear,"Darkness, Lighted Road",Dry,No Controls,Champaign,2001,0,3,220,-88.2443057969389,40.1000312955905
A-Injury,Overturned,Clear,Daylight,Dry,Lane Use Marking,Tolono,2001,0,1,221,-88.2641680056067,39.9739381585499
A-Injury,Turning,Clear,Daylight,Dry,Traffic Signal,Champaign,2001,0,3,222,-88.2459779979151,40.0897334391264
A-Injury,Turning,Clear,Daylight,Dry,Stop Sign/flasher,Champaign,2001,0,1,223,-88.2591624667499,40.1327038506365
A-Injury,Angle,Clear,Daylight,Dry,Stop Sign/flasher,Champaign,2001,0,1,224,-88.251765150853,40.1126397725265
A-Injury,Angle,Clear,Dusk,Dry,Stop Sign/flasher,Ludlow,2001,0,6,225,-88.1206458143072,40.384973876269
A-Injury,Angle,Clear,Daylight,Dry,Traffic Signal,Champaign,2001,0,1,226,-88.2768180410923,40.1164359331432
A-Injury,Turning,Clear,Daylight,Dry,Stop Sign/flasher,Champaign,2001,0,2,227,-88.2767996022286,40.114648672982
A-Injury,Turning,Rain,Daylight,Wet,Stop Sign/flasher,Philo,2001,0,1,228,-88.1613986067912,40.0081303246858
A-Injury,Fixed Object,Clear,Daylight,Dry,Lane Use Marking,Unincorporated,2001,0,1,229,-88.1607872965434,39.9277010789095
A-Injury,Angle,Snow,Daylight,Ice,Lane Use Marking,Unincorporated,2001,0,1,230,-88.384407469978,40.3072528658672
A-Injury,Sideswipe Same Direction,Clear,Daylight,Unknown,Lane Use Marking,Mahomet,2001,0,2,231,-88.393744054714,40.2175260157491
A-Injury,Rear End,Clear,Daylight,Dry,No Controls,Champaign,2001,0,1,232,-88.2767915047882,40.1128753059218
A-Injury,Turning,Clear,Daylight,Dry,Traffic Signal,Champaign,2001,0,2,233,-88.2828720970404,40.1129002853071
A-Injury,Angle,Clear,Daylight,Dry,Stop Sign/flasher,Champaign,2001,0,2,234,-88.3145129624667,40.1132597945671
A-Injury,Overturned,Clear,"Darkness, Lighted Road",Dry,Lane Use Marking,Unincorporated,2001,0,3,236,-87.9639779123573,40.1198876677863
A-Injury,Overturned,Clear,Daylight,Dry,Lane Use Marking,Unincorporated,2001,0,2,237,-88.1330200689295,40.3917930991221
A-Injury,Sideswipe Opposite Direction,Snow,Daylight,Snow Or Slush,Lane Use Marking,Unincorporated,2003,0,1,100,-88.2008513181667,40.2296707306116
A-Injury,Angle,Clear,Daylight,Dry,Stop Sign/flasher,Thomasboro,2003,0,2,101,-88.1830986618121,40.2388001328631
A-Injury,Angle,Clear,Daylight,Dry,No Controls,Champaign,2003,0,2,102,-88.257954263724,40.1286715689987
A-Injury,Pedestrian,Rain,"Darkness, Lighted Road",Wet,No Controls,Rantoul,2003,0,1,103,-88.1455409798065,40.308836829652
A-Injury,Angle,Clear,Daylight,Dry,No Controls,Champaign,2003,0,1,104,-88.2769705661915,40.1291861444284
A-Injury,Fixed Object,Clear,Daylight,Dry,Lane Use Marking,Champaign,2002,0,1,106,-88.2843384944779,40.1465716227646
A-Injury,Pedalcyclist,Clear,Daylight,Dry,No Controls,Champaign,2002,0,1,107,-88.2446673332566,40.0979411632456
A-Injury,Fixed Object,Clear,Daylight,Ice,No Controls,Unincorporated,2002,0,1,108,-88.141706268871,40.3742122832618
A-Injury,Turning,Clear,Daylight,Dry,Traffic Signal,Urbana,2002,0,2,109,-88.1933412252524,40.1375733137528
A-Injury,Fixed Object,Clear,Daylight,Dry,No Controls,Urbana,2006,0,2,909,-88.2194395137047,40.1173306555906
A-Injury,Sideswipe Opposite Direction,Clear,"Darkness, Lighted Road",Dry,No Controls,Champaign,2006,0,1,956,-88.262365173477,40.1272567035385
A-Injury,Overturned,Snow,Darkness,Snow Or Slush,Lane Use Marking,Unincorporated,2007,0,2,1006,-88.0887167018409,40.1206499950795
A-Injury,Head On,Rain,Daylight,Ice,Lane Use Marking,Unincorporated,2007,0,3,1053,-88.1845602823101,40.2687288723649
A-Injury,Rear End,Clear,Daylight,Dry,No Controls,Champaign,2007,0,1,1101,-88.2765465451233,40.1007450468939
A-Injury,Head On,Clear,Darkness,Dry,Other,Mahomet,2007,0,2,1151,-88.365262504187,40.1889704074908
A-Injury,Sideswipe Opposite Direction,Rain,Daylight,Ice,Lane Use Marking,Unincorporated,2008,0,3,1200,-88.2185411264327,40.2079256243518
A-Injury,Angle,Clear,Daylight,Dry,Stop Sign/flasher,Champaign,2008,0,2,1249,-88.2832613517276,40.0958110598169
A-Injury,Pedalcyclist,Clear,Daylight,Dry,No Controls,Champaign,2008,0,1,1296,-88.2465231903326,40.0861055426087
A-Injury,Sideswipe Same Direction,Clear,Darkness,Dry,Lane Use Marking,Unincorporated,2008,0,2,1346,-88.1252116230049,40.1204679375711
A-Injury,Rear End,Clear,Daylight,Ice,Lane Use Marking,Mahomet,2009,0,2,1394,-88.391786360765,40.195421653075
A-Injury,Sideswipe Same Direction,Clear,Darkness,Dry,Lane Use Marking,Mahomet,2009,0,1,1495,-88.3606041196044,40.1856098770877
A-Injury,Angle,Clear,Daylight,Dry,Stop Sign/flasher,Champaign,2009,0,1,1543,-88.2577507153234,40.10903019856
A-Injury,Sideswipe Same Direction,Clear,Daylight,Ice,Lane Use Marking,Unincorporated,2010,0,2,1639,-88.1839102808231,40.2900009849817
A-Injury,Fixed Object,Clear,Daylight,Dry,No Controls,Unincorporated,2010,0,1,1687,-88.1795348011092,40.3557889051571
A-Injury,Pedalcyclist,Clear,Daylight,Dry,Traffic Signal,Urbana,2010,0,1,1736,-88.2191305958169,40.1006490504101
A-Injury,Fixed Object,Snow,Darkness,Snow Or Slush,Lane Use Marking,Unincorporated,2010,0,1,1784,-87.9945875815367,40.1199017886079
A-Injury,Pedalcyclist,Clear,Daylight,Dry,Traffic Signal,Urbana,2011,0,1,1832,-88.2192395145701,40.105978800357
A-Injury,Sideswipe Same Direction,Clear,Daylight,Dry,No Controls,Champaign,2011,0,1,1881,-88.2590502169576,40.1271835169811
A-Injury,Rear End,Clear,Daylight,Dry,No Controls,Urbana,2011,0,1,1930,-88.1956289779758,40.1066681126567
A-Injury,Angle,Clear,Daylight,Dry,Stop Sign/flasher,Champaign,2012,0,2,2075,-88.2393607670386,40.1143982029415
A-Injury,Fixed Object,Clear,Daylight,Dry,Other Warning Sign,Unincorporated,2012,0,1,2125,-88.2111196503224,40.1858789196413
A-Injury,Angle,Clear,Darkness,Dry,Stop Sign/flasher,Unincorporated,2013,0,1,2174,-88.2898700015381,40.3112199997893
A-Injury,Fixed Object,Clear,Daylight,Dry,No Controls,Unincorporated,2013,0,1,2224,-87.9490020332413,40.3044336438126
A-Injury,Fixed Object,Snow,Darkness,Snow Or Slush,Lane Use Marking,Champaign,2013,0,2,2273,-88.3044319733739,40.0839428296746
A-Injury,Turning,Clear,Daylight,Dry,No Controls,Champaign,2014,0,1,2321,-88.2596276260463,40.1328953010133
A-Injury,Rear End,Snow,Daylight,Snow Or Slush,No Controls,Urbana,2015,0,2,2466,-88.2049203670166,40.1076303339359
A-Injury,Overturned,Clear,Daylight,Dry,Lane Use Marking,Unincorporated,2015,0,1,2564,-88.3049585300494,40.0966048954245
A-Injury,Pedestrian,Clear,Daylight,Dry,Unknown,Urbana,2007,0,1,3766,EMPTY,
A-Injury,Pedestrian,Rain,"Darkness, Lighted Road",Wet,Stop Sign/flasher,Urbana,2008,0,1,3774,-88.2144568567194,40.1183410234458
A-Injury,Turning,Clear,Daylight,Dry,No Controls,Urbana,2004,0,1,511,-88.2024084682726,40.1163310736991
A-Injury,Pedestrian,Clear,Darkness,Dry,Lane Use Marking,Champaign,2006,0,1,3899,-88.2869533772499,40.1129274595469
A-Injury,Angle,Snow,Darkness,Ice,Stop Sign/flasher,Unincorporated,2003,0,4,49,-88.1823697088366,40.1566222613745
A-Injury,Pedestrian,Clear,Daylight,Dry,Stop Sign/flasher,Urbana,2015,0,2,3912,-88.2191981155866,40.1037001924017
A-Injury,Pedestrian,Clear,Daylight,Dry,No Controls,Urbana,2015,0,1,3915,-88.224260894264,40.1273999824244
A-Injury,Sideswipe Same Direction,Clear,Daylight,Unknown,Lane Use Marking,St. Joseph,2001,0,1,117,-88.0501400788738,40.120415287819
A-Injury,Turning,Clear,Daylight,Dry,Traffic Signal,Champaign,2002,0,2,118,-88.2435184667744,40.1126019034444
A-Injury,Overturned,Clear,Darkness,Dry,No Controls,Rantoul,2002,0,3,119,-88.1715373529517,40.2802883643476
A-Injury,Overturned,Clear,Darkness,Dry,Lane Use Marking,Unincorporated,2002,0,3,120,-88.3031169956738,39.9387677163791
A-Injury,Parked Motor Vehicle,Clear,Daylight,Dry,Lane Use Marking,Ludlow,2001,0,1,121,-88.1208417626775,40.384562575234
A-Injury,Fixed Object,Clear,Darkness,Dry,Other Regualtory Sign,Unincorporated,2002,0,3,122,-88.1585588102175,40.1203538619472
A-Injury,Overturned,Clear,Daylight,Dry,No Controls,Unincorporated,2002,0,4,123,-88.1839783856642,40.2711412563595
A-Injury,Other Non Collision,Clear,Daylight,Dry,No Controls,Unincorporated,2002,0,1,124,-88.3939561925929,40.2452170864314
A-Injury,Other Object,Clear,Darkness,Dry,No Controls,Urbana,2002,0,1,125,-88.2016782850117,40.1225840117907
A-Injury,Other Non Collision,Clear,Daylight,Other,No Controls,Urbana,2002,0,2,126,-88.1933412252524,40.1375733137528
A-Injury,Fixed Object,Clear,Darkness,Dry,Lane Use Marking,Ogden,2002,0,1,135,-87.9642214910954,40.112003950222
A-Injury,Rear End,Clear,Darkness,Wet,Lane Use Marking,Unincorporated,2002,0,2,136,-88.0897143801729,40.1207355828414
A-Injury,Turning,Clear,Daylight,Dry,Traffic Signal,Champaign,2002,0,2,138,-88.2437181998154,40.1348199595666
A-Injury,Sideswipe Same Direction,Rain,"Darkness, Lighted Road",Wet,Lane Use Marking,Unincorporated,2002,0,3,139,-88.185528742155,40.1297879348433
A-Injury,Rear End,Clear,Daylight,Dry,No Passing,Unincorporated,2002,0,2,140,-88.0397683824157,40.3127330113267
A-Injury,Other Non Collision,Clear,Daylight,Dry,Lane Use Marking,Unincorporated,2002,0,4,141,-88.2333445415539,40.1930788139434
A-Injury,Turning,Clear,Daylight,Dry,Traffic Signal,Champaign,2002,0,1,142,-88.2530553720713,40.1347084236352
A-Injury,Other Non Collision,Clear,Darkness,Dry,Lane Use Marking,Unincorporated,2002,0,1,143,-88.3038744252298,40.01130988026
A-Injury,Turning,Clear,Daylight,Dry,Traffic Signal,Champaign,2002,0,2,144,-88.2435184667744,40.1126019034444
A-Injury,Angle,Clear,Dusk,Dry,Lane Use Marking,Unincorporated,2002,0,1,145,-88.2793818257659,40.3112949040678
A-Injury,Rear End,Clear,Daylight,Dry,No Controls,Champaign,2002,0,1,146,-88.2554150993003,40.1126479286092
A-Injury,Turning,Clear,Daylight,Dry,Stop Sign/flasher,Champaign,2002,0,1,147,-88.2729210970421,40.1383290241065
A-Injury,Angle,Clear,Daylight,Dry,No Controls,Urbana,2003,0,1,90,-88.2041559310787,40.1178500554209
A-Injury,Turning,Snow,Daylight,Wet,Stop Sign/flasher,Mahomet,2003,0,1,27,-88.3988627750318,40.1960531688293
A-Injury,Angle,Clear,"Darkness, Lighted Road",Dry,Stop Sign/flasher,Champaign,2002,0,4,151,-88.2353975090455,40.1126698507946
A-Injury,Angle,Clear,Daylight,Dry,Traffic Signal,Champaign,2002,0,1,152,-88.2783607436508,40.1128633229475
A-Injury,Angle,Clear,Dusk,Dry,Stop Sign/flasher,Unincorporated,2002,0,1,153,-88.3938981027963,40.2380032599097
A-Injury,Rear End,Clear,Darkness,Dry,Lane Use Marking,Thomasboro,2002,0,2,155,-88.181955491296,40.2548252347284
A-Injury,Overturned,Clear,Daylight,Dry,No Controls,Unincorporated,2002,0,2,156,-88.1430442254782,40.371513831967
A-Injury,Turning,Clear,Daylight,Dry,Traffic Signal,Urbana,2004,0,2,512,-88.1836402000198,40.1160193594604
A-Injury,Overturned,Clear,Daylight,Dry,Lane Use Marking,Unincorporated,2005,0,3,561,-88.3029257929425,39.9282032499688
A-Injury,Pedestrian,Clear,Daylight,Dry,Lane Use Marking,Champaign,2005,0,1,609,-88.2469754516474,40.1347511311834
A-Injury,Other Non Collision,Clear,Darkness,Wet,Other Warning Sign,Unincorporated,2005,0,1,655,-88.4230179011202,40.3547037628046
A-Injury,Rear End,Rain,Daylight,Wet,Traffic Signal,Urbana,2005,0,2,703,-88.2193658937399,40.1128267858457
A-Injury,Rear End,Clear,Daylight,Dry,No Controls,Champaign,2005,0,1,752,-88.280001064052,40.1128840558782
A-Injury,Rear End,Clear,Daylight,Dry,Lane Use Marking,Unincorporated,2006,0,1,847,-88.1617516772991,40.0548639847093
A-Injury,Pedalcyclist,Clear,"Darkness, Lighted Road",Dry,Stop Sign/flasher,Champaign,2006,0,1,947,-88.2337976232451,40.1272304318773
A-Injury,Rear End,Clear,Daylight,Dry,Traffic Signal,Urbana,2003,0,2,93,-88.1977061478239,40.1302365647255
A-Injury,Rear End,Snow,Daylight,Snow Or Slush,Lane Use Marking,Unincorporated,2007,0,1,1042,-88.3039500232974,40.1630833220537
A-Injury,Rear End,Clear,Daylight,Dry,Lane Use Marking,Unincorporated,2007,0,2,1043,-88.0877336525064,40.1206206681014
A-Injury,Turning,Clear,Daylight,Ice,Traffic Signal,Champaign,2007,0,1,1089,-88.2768301750071,40.1164605206821
A-Injury,Turning,Clear,Daylight,Dry,Traffic Signal,Champaign,2007,0,1,1090,-88.2452405250775,40.1271795019194
A-Injury,Angle,Clear,Daylight,Dry,Stop Sign/flasher,Champaign,2007,0,1,1137,-88.2603614374059,40.1253995975963
A-Injury,Unknown,Clear,Daylight,Dry,Traffic Signal,Urbana,2007,0,1,1187,-88.2019290863485,40.1220232157111