crash_severity,collision_type,weather,light,road_surface,traffic_control,city,year,fatality,injury,id,x,y
A-Injury,Angle,Clear,Daylight,Dry,Stop Sign/flasher,Champaign,2008,0,4,1234,-88.2468808394632,40.1211807325691
A-Injury,Turning,Clear,Daylight,Dry,No Controls,Unincorporated,2008,0,1,1283,-87.9582605312522,40.057389437627
A-Injury,Angle,Clear,Daylight,Dry,Stop Sign/flasher,Champaign,2008,0,2,1331,-88.2468109043477,40.112609881045
A-Injury,Rear End,Clear,"Darkness, Lighted Road",Dry,Traffic Signal,Urbana,2003,0,1,96,-88.2050046678331,40.1163119581311
A-Injury,Rear End,Clear,"Darkness, Lighted Road",Dry,No Controls,Champaign,2008,0,1,1378,-88.2580194433672,40.1341892339031
A-Injury,Overturned,Clear,Darkness,Dry,No Controls,Unincorporated,2008,0,1,1379,-88.4398334476703,39.9672513919865
A-Injury,Rear End,Clear,Daylight,Dry,Lane Use Marking,Urbana,2009,0,1,1428,-88.1960212465654,40.1339987658463
A-Injury,Overturned,Clear,Darkness,Dry,Lane Use Marking,St. Joseph,2009,0,1,1475,-88.0202554688061,40.1135646824829
A-Injury,Fixed Object,Clear,Darkness,Dry,No Controls,Champaign,2009,0,1,1525,-88.2732561774787,40.1007641988591
A-Injury,Rear End,Clear,Daylight,Dry,Other,Champaign,2009,0,2,1568,-88.2339735666161,40.1163523544832
A-Injury,Angle,Fog/smoke/haze,Daylight,Wet,Stop Sign/flasher,Urbana,2010,0,1,1623,-88.2257005470808,40.1173909184402
A-Injury,Pedestrian,Clear,Darkness,Dry,No Controls,Unincorporated,2010,0,1,1672,-88.2283150119767,40.0835001766927
A-Injury,Angle,Clear,Darkness,Dry,No Controls,Urbana,2010,0,3,1749,-88.2128186771125,40.1164907568937
A-Injury,Sideswipe Same Direction,Clear,Darkness,Dry,No Controls,Unincorporated,2003,0,3,26,-88.3036126603073,40.047412274892
A-Injury,Pedalcyclist,Clear,Daylight,Dry,Stop Sign/flasher,Urbana,2010,0,2,1769,-88.1945610609635,40.1056791167094
A-Injury,Rear End,Clear,Daylight,Ice,Lane Use Marking,Unincorporated,2011,0,2,1814,-88.2743846915474,39.9014495603343
A-Injury,Angle,Clear,Daylight,Dry,Stop Sign/flasher,Unincorporated,2011,0,2,1861,-88.258470329336,40.1856598968428
A-Injury,Turning,Clear,Daylight,Dry,Traffic Signal,Champaign,2011,0,2,1909,-88.2436806954761,40.1325986891195
A-Injury,Angle,Clear,Daylight,Dry,No Controls,Unincorporated,2011,0,2,1959,-88.0977294372045,40.2687690030794
A-Injury,Fixed Object,Clear,Daylight,Dry,Other Regualtory Sign,Unincorporated,2012,0,1,2008,-88.0088804013657,40.0350499996535
A-Injury,Rear End,Snow,Daylight,Ice,Lane Use Marking,Mahomet,2012,0,1,2056,-88.4027875012921,40.2010228065282
A-Injury,Pedestrian,Rain,Daylight,Wet,Other,Urbana,2012,0,3,2109,-88.2191999584708,40.1037001637469
A-Injury,Rear End,Clear,Dusk,Dry,No Controls,Champaign,2013,0,2,2205,-88.2821207164939,40.1128831076748
A-Injury,Angle,Clear,"Darkness, Lighted Road",Dry,No Controls,Champaign,2013,0,2,2256,-88.2410900005371,40.1272099995374
A-Injury,Rear End,Clear,Daylight,Dry,Lane Use Marking,Mahomet,2014,0,2,2305,-88.3525034420639,40.1829334457966
A-Injury,Sideswipe Same Direction,Clear,Daylight,Dry,Lane Use Marking,Unincorporated,2003,0,1,29,-88.2881751397074,39.9119548229979
A-Injury,Sideswipe Same Direction,Clear,Daylight,Dry,Lane Use Marking,Pesotum,2003,0,3,30,-88.2770067381197,39.9035969267433
A-Injury,Turning,Clear,Daylight,Dry,Traffic Signal,Unincorporated,2014,0,1,2446,-88.1617700328932,40.0548341873674
A-Injury,Fixed Object,Clear,Daylight,Dry,Lane Use Marking,Unincorporated,2015,0,2,2590,-88.3846416892797,40.2810924068072
A-Injury,Fixed Object,Clear,Daylight,Dry,Lane Use Marking,Champaign,2003,0,1,41,-88.3050251169414,40.1183161804161
A-Injury,Turning,Clear,Daylight,Dry,Traffic Signal,Champaign,2003,0,1,42,-88.2434791400742,40.1101911947013
A-Injury,Pedestrian,Clear,Dusk,Dry,Unknown,Urbana,2007,0,1,3732,-88.2195085825512,40.1200907205493
A-Injury,Pedestrian,Rain,Daylight,Wet,Unknown,Champaign,2007,0,1,3756,-88.2500885189161,40.1181050454494
A-Injury,Pedestrian,Clear,Daylight,Dry,No Controls,Urbana,2006,0,1,3865,-88.1905821197357,40.0915004303551
A-Injury,Pedestrian,Clear,Daylight,Dry,No Controls,Urbana,2006,0,1,3868,-88.2049982390267,40.1135682050863
A-Injury,Pedestrian,Clear,Darkness,Wet,No Controls,Champaign,2006,0,1,3870,-88.2335776551185,40.1090905058447
A-Injury,Pedestrian,Rain,Darkness,Wet,Other Warning Sign,Champaign,2006,0,1,3871,-88.233516993508,40.1054138733446
A-Injury,Turning,Clear,Daylight,Dry,Traffic Signal,Champaign,2002,0,4,110,-88.2769570957819,40.1274234623449
A-Injury,Overturned,Clear,Daylight,Dry,Lane Use Marking,Thomasboro,2002,0,1,111,-88.181955491296,40.2548252347284
A-Injury,Fixed Object,Clear,Daylight,Dry,No Controls,Unincorporated,2002,0,1,112,-88.2036749025419,40.2233468986994
A-Injury,Turning,Clear,Daylight,Dry,No Controls,Urbana,2002,0,1,113,-88.2210900052937,40.1164327065274
A-Injury,Pedestrian,Clear,Daylight,Dry,No Controls,Champaign,2002,0,1,114,-88.2712736435792,40.1127988314314
A-Injury,Pedestrian,Clear,Daylight,Dry,Lane Use Marking,Unincorporated,2002,0,1,115,-88.2991353182762,40.113071373164
A-Injury,Angle,Clear,Daylight,Dry,Stop Sign/flasher,Champaign,2002,0,2,116,-88.276998901843,40.1309486468119
A-Injury,Fixed Object,Clear,Daylight,Dry,Lane Use Marking,Unincorporated,2001,0,2,238,-88.3037083622921,39.9965819877878
A-Injury,Overturned,Clear,Daylight,Dry,Lane Use Marking,Unincorporated,2001,0,1,239,-88.3036197560784,39.9864353841354
A-Injury,Angle,Clear,Daylight,Dry,No Controls,Unincorporated,2001,0,1,240,-88.0959379234413,40.1207264306448
A-Injury,Turning,Clear,Darkness,Dry,School Zone,Champaign,2001,0,4,241,-88.2437174149009,40.1359892856108
A-Injury,Angle,Clear,Daylight,Dry,Lane Use Marking,Pesotum,2000,0,1,369,-88.2826651163257,39.9036372133442
A-Injury,Fixed Object,Clear,Darkness,Dry,No Controls,Unincorporated,1999,0,1,439,EMPTY,
A-Injury,Rear End,Clear,"Darkness, Lighted Road",Dry,No Controls,Champaign,1999,0,2,468,-88.2389254670918,40.1343236259909
A-Injury,Turning,Clear,Daylight,Dry,Traffic Signal,Champaign,2004,0,1,516,-88.2860458398548,40.1129354097116
A-Injury,Rear End,Clear,Daylight,Dry,No Controls,Champaign,2005,0,1,564,-88.2762267014576,40.0982483564733
A-Injury,Turning,Clear,Dawn,Dry,Traffic Signal,Rantoul,2013,0,2,2246,-88.200617016421,40.3116096495647
A-Injury,Pedestrian,Clear,Daylight,Dry,Traffic Signal,Urbana,2005,0,1,712,-88.2239613691299,40.1127749752943
A-Injury,Angle,Clear,Daylight,Dry,Stop Sign/flasher,Champaign,2005,0,2,761,-88.2799591333026,40.1061469442633
A-Injury,Overturned,Clear,Daylight,Dry,No Controls,Unincorporated,2006,0,1,809,-87.9605117301135,40.1891499076683
A-Injury,Turning,Clear,Daylight,Dry,Traffic Signal,Urbana,2006,0,2,857,-88.1947507584393,40.1354612866267
A-Injury,Rear End,Rain,"Darkness, Lighted Road",Wet,Traffic Signal,Champaign,2006,0,2,908,-88.2581109861752,40.1380122506909
A-Injury,Pedestrian,Clear,Daylight,Ice,No Controls,Urbana,2008,0,1,1248,-88.2284266289458,40.1103735713161
A-Injury,Angle,Clear,Darkness,Dry,Stop Sign/flasher,Unincorporated,2002,0,2,166,-88.1605868373514,39.9090642836262
A-Injury,Sideswipe Opposite Direction,Clear,Daylight,Dry,Lane Use Marking,Unincorporated,2002,0,2,167,-88.3938435123057,40.2307320127313
A-Injury,Rear End,Clear,"Darkness, Lighted Road",Dry,No Controls,Champaign,2002,0,1,168,-88.2799323023457,40.1428151744784
A-Injury,Overturned,Clear,Daylight,Dry,Lane Use Marking,Unincorporated,2002,0,2,169,-88.0959379234413,40.1207264306448
A-Injury,Overturned,Clear,Darkness,Dry,Lane Use Marking,Unincorporated,2002,0,1,170,-88.3062706640381,40.1652651913746
A-Injury,Angle,Clear,Daylight,Ice,Stop Sign/flasher,Unincorporated,2002,0,2,171,-88.0588891577612,40.3126339380106
A-Injury,Overturned,Clear,Dawn,Dry,Lane Use Marking,Unincorporated,2002,0,3,172,-88.3035368529167,39.9784667573287
A-Injury,Overturned,Clear,Daylight,Dry,Lane Use Marking,Unincorporated,2002,0,2,173,-88.2111478022795,40.1351170369319
A-Injury,Fixed Object,Clear,Daylight,Dry,Lane Use Marking,Unincorporated,2002,0,1,105,-88.2895612440969,39.8989117627181
A-Injury,Overturned,Severe Cross Wind,Dawn,Dry,No Controls,Unincorporated,2002,0,4,174,-88.237064775049,40.1894044138365
A-Injury,Rear End,Clear,Daylight,Dry,Traffic Signal,Urbana,2002,0,4,176,-88.1970179461234,40.1314256587762
A-Injury,Fixed Object,Clear,Darkness,Unknown,No Controls,Champaign,2002,0,1,177,-88.257736334075,40.1349794005616
A-Injury,Angle,Clear,"Darkness, Lighted Road",Dry,Traffic Signal,Urbana,2002,0,2,182,-88.2050046678331,40.1163119581311
A-Injury,Fixed Object,Clear,Daylight,Wet,No Controls,Champaign,2002,0,1,183,-88.2769675912498,40.1290392676712
A-Injury,Rear End,Clear,Daylight,Dry,No Controls,Philo,2002,0,1,184,-88.1614115919341,40.0100150499497
A-Injury,Overturned,Rain,Daylight,Wet,Lane Use Marking,Unincorporated,2002,0,2,185,-88.1695051292776,40.1204956010839
A-Injury,Angle,Clear,Daylight,Dry,Stop Sign/flasher,Urbana,2002,0,4,186,-88.1621494561884,40.0839948488388
A-Injury,Turning,Clear,Daylight,Wet,Lane Use Marking,Thomasboro,2002,0,5,187,-88.1830986618121,40.2388001328631
A-Injury,Rear End,Clear,"Darkness, Lighted Road",Wet,Traffic Signal,Champaign,2002,0,2,189,-88.2387337511384,40.1126458498797
A-Injury,Fixed Object,Clear,Daylight,Dry,No Controls,Unincorporated,2002,0,1,190,-88.4406212364587,40.3109389501612
A-Injury,Rear End,Clear,Daylight,Dry,No Controls,Rantoul,2001,0,2,191,-88.1546457027539,40.3082140327828
A-Injury,Rear End,Clear,Daylight,Dry,No Controls,Rantoul,2001,0,1,192,-88.1558326292082,40.3123063167907
A-Injury,Angle,Rain,"Darkness, Lighted Road",Wet,Stop Sign/flasher,Champaign,2001,0,1,193,-88.251765150853,40.1126397725265
A-Injury,Angle,Clear,Daylight,Wet,Lane Use Marking,Unincorporated,2001,0,2,194,-88.1451717160361,40.340479901555
A-Injury,Fixed Object,Clear,Darkness,Ice,No Controls,Champaign,2009,0,1,1407,-88.2699304360718,40.0966126180852
A-Injury,Angle,Clear,Daylight,Dry,Traffic Signal,Champaign,2009,0,2,1453,-88.2435286786393,40.1211184252608
A-Injury,Angle,Clear,Daylight,Dry,Traffic Signal,Champaign,2012,0,1,2123,-88.2466701746299,40.0980900009237
A-Injury,Angle,Clear,Daylight,Dry,Stop Sign/flasher,Champaign,2013,0,2,2217,-88.2539600007749,40.1090300000623
A-Injury,Head On,Clear,Daylight,Dry,Traffic Signal,Philo,2015,0,4,2455,-88.1613820349877,39.9966866147422
A-Injury,Head On,Clear,Daylight,Ice,No Controls,Champaign,2015,0,3,2549,-88.2769989238374,40.1289289438142
A-Injury,Pedalcyclist,Rain,Daylight,Wet,Yield,Urbana,2006,0,1,2938,-88.2176793573504,40.1074309778382
A-Injury,Pedestrian,Clear,Daylight,Dry,Unknown,Champaign,2007,0,1,3740,-88.2452332527128,40.118310888601
A-Injury,Turning,Clear,"Darkness, Lighted Road",Dry,Stop Sign/flasher,Urbana,2003,0,1,1,-88.2024084682726,40.1163310736991
A-Injury,Fixed Object,Clear,Daylight,Snow Or Slush,Lane Use Marking,Rantoul,2003,0,4,2,-88.1838912734298,40.3004963154009
A-Injury,Overturned,Snow,Daylight,Snow Or Slush,Lane Use Marking,Unincorporated,2003,0,1,3,-87.9864257764816,40.3130709541677
A-Injury,Fixed Object,Snow,Darkness,Snow Or Slush,No Controls,Champaign,2003,0,1,4,-88.3146325852331,40.1285288928853
A-Injury,Pedalcyclist,Clear,"Darkness, Lighted Road",Dry,Traffic Signal,Champaign,2003,0,1,5,-88.2768180410923,40.1164359331432
A-Injury,Rear End,Clear,Daylight,Dry,No Controls,St. Joseph,2003,0,2,6,-88.0544999805344,40.1204474778668
A-Injury,Pedestrian,Clear,Daylight,Dry,No Controls,Champaign,2015,0,1,3946,-88.2771801939068,40.1369617840347
A-Injury,Pedestrian,Clear,Daylight,Dry,No Controls,Champaign,2015,0,1,3947,-88.2772405791414,40.1274145304489
B-Injury,Pedalcyclist,Clear,"Darkness, Lighted Road",Dry,Stop Sign/flasher,Urbana,2016,0,1,3950,-88.2024503686935,40.1163773807688
B-Injury,Pedalcyclist,Clear,Darkness,Dry,No Controls,Unincorporated,2016,0,1,3952,-88.2378328805227,40.0067814226027
C-Injury,Pedalcyclist,Clear,Daylight,Dry,Stop Sign/flasher,Champaign,2016,0,1,3961,-88.2334290403349,40.1014595395309
C-Injury,Pedalcyclist,Clear,Daylight,Dry,Other,Champaign,2016,0,1,3962,-88.2333988087431,40.1005400168767
Property Damage,Pedalcyclist,Clear,"Darkness, Lighted Road",Dry,Traffic Signal,Champaign,2016,0,0,3963,-88.2289300019827,40.1163999978895
C-Injury,Pedalcyclist,Clear,"Darkness, Lighted Road",Dry,Stop Sign/flasher,Urbana,2016,0,1,3966,-88.203729996469,40.111729745972
B-Injury,Pedalcyclist,Clear,Dusk,Dry,Traffic Signal,Urbana,2016,0,1,3968,-88.2075099963015,40.116409793046
C-Injury,Pedalcyclist,Rain,Daylight,Wet,No Controls,Urbana,2016,0,1,3980,-88.2095914145807,40.0990999916665
B-Injury,Pedalcyclist,Clear,Daylight,Dry,No Controls,Urbana,2016,0,1,3984,-88.2265040393546,40.1104496169048
C-Injury,Pedalcyclist,Clear,Daylight,Dry,No Controls,Champaign,2016,0,1,3992,-88.2302989861688,40.1052694047835
C-Injury,Pedalcyclist,Snow,"Darkness, Lighted Road",Snow Or Slush,Traffic Signal,Champaign,2016,0,1,3998,-88.2302901891497,40.1041699964005
C-Injury,Pedalcyclist,Clear,"Darkness, Lighted Road",Dry,No Controls,Champaign,2016,0,1,4003,-88.2320800022827,40.1126775452395
B-Injury,Pedalcyclist,Clear,Daylight,Dry,Traffic Signal,Champaign,2016,0,1,4004,-88.2387331898101,40.116339896801
B-Injury,Pedalcyclist,Rain,Daylight,Wet,Stop Sign/flasher,Urbana,2016,0,1,4007,-88.2175800025128,40.1006599982785
Fatal,Pedalcyclist,Cloudy/overcast,Darkness,Wet,Lane Use Marking,Champaign,2016,1,0,4010,-88.2410654197096,40.1567492158148
B-Injury,Pedalcyclist,Clear,Daylight,Dry,Traffic Signal,Unincorporated,2016,0,1,4011,-88.2289600019186,40.1103399975754
B-Injury,Pedalcyclist,Rain,Daylight,Wet,No Controls,Urbana,2016,0,1,4018,-88.2204365028409,40.1164299991411
B-Injury,Pedalcyclist,Clear,Daylight,Dry,Traffic Signal,Urbana,2016,0,1,4032,-88.2127468006345,40.1164903592039
B-Injury,Pedalcyclist,Cloudy/overcast,Daylight,Dry,No Controls,Rantoul,2016,0,1,4064,-88.1440200014305,40.3099899989714
B-Injury,Pedalcyclist,Clear,"Darkness, Lighted Road",Dry,No Controls,Rantoul,2016,0,1,4065,-88.1284190014134,40.3081799986824
Property Damage,Pedalcyclist,Clear,Daylight,Dry,Traffic Signal,Champaign,2016,0,0,4082,-88.2772135546489,40.139231240087
B-Injury,Pedalcyclist,Clear,Daylight,Dry,Stop Sign/flasher,Champaign,2016,0,1,4085,-88.2817400025199,40.0983399978839
B-Injury,Pedalcyclist,Clear,Daylight,Dry,Traffic Signal,Rantoul,2016,0,1,4091,-88.1365200024162,40.3121199979756
B-Injury,Pedalcyclist,Clear,Daylight,Dry,No Controls,Unincorporated,2016,0,1,4100,-88.3082095139606,40.2339328821723
C-Injury,Pedalcyclist,Clear,Daylight,Dry,No Controls,Unincorporated,2016,0,1,4108,-88.2949125173056,40.0551095639588
B-Injury,Pedalcyclist,Clear,Daylight,Dry,No Controls,Champaign,2016,0,1,4116,-88.2740030899939,40.1273886270874
B-Injury,Pedalcyclist,Clear,Darkness,Dry,Traffic Signal,Unincorporated,2016,0,1,4130,-88.2954508450981,40.1131193446294
C-Injury,Pedalcyclist,Clear,Daylight,Dry,Traffic Signal,Champaign,2016,0,1,4135,-88.2768854735559,40.1196579647379
B-Injury,Pedalcyclist,Clear,Darkness,Dry,Stop Sign/flasher,Tolono,2016,0,1,4142,-88.2557799424365,39.9861227313075
B-Injury,Pedalcyclist,Clear,Daylight,Dry,No Controls,Champaign,2016,0,1,4144,-88.2603735928306,40.1126636818119
C-Injury,Pedalcyclist,Cloudy/overcast,Daylight,Dry,Traffic Signal,Champaign,2016,0,1,4146,-88.2466700022763,40.0980899980044
Property Damage,Pedalcyclist,Clear,Daylight,Dry,Traffic Signal,Champaign,2016,0,0,4148,-88.2435595375961,40.1271999986936
B-Injury,Pedalcyclist,Clear,Daylight,Dry,No Controls,Champaign,2016,0,1,4150,-88.2501409994595,40.1126108649269
Property Damage,Pedalcyclist,Clear,"Darkness, Lighted Road",Dry,Stop Sign/flasher,Champaign,2016,0,0,4151,-88.2577385899044,40.132066789215
B-Injury,Pedalcyclist,Clear,Daylight,Dry,Stop Sign/flasher,Champaign,2016,0,1,4184,-88.2488600018586,40.0981033980304
C-Injury,Pedalcyclist,Clear,Daylight,Dry,No Controls,Savoy,2016,0,1,4187,-88.2495560387494,40.069007093878
B-Injury,Pedalcyclist,Clear,Daylight,Dry,Traffic Signal,Champaign,2016,0,1,4196,-88.2437287305277,40.1359700748984
C-Injury,Pedalcyclist,Clear,Daylight,Dry,Traffic Signal,Urbana,2016,0,1,4201,-88.2240200018755,40.1163996397898
B-Injury,Pedalcyclist,Clear,Daylight,Dry,Traffic Signal,Urbana,2016,0,1,4202,-88.2193000019309,40.1090899981755
Property Damage,Pedalcyclist,Clear,Daylight,Dry,No Controls,Champaign,2016,0,0,4204,-88.2291389631984,40.1079911916239
C-Injury,Pedalcyclist,Clear,Daylight,Dry,No Controls,Urbana,2016,0,1,4205,-88.2159898084544,40.1058215263117
B-Injury,Pedalcyclist,Clear,Daylight,Dry,Traffic Signal,Urbana,2016,0,1,4206,-88.2239900023151,40.1128099977867
B-Injury,Pedalcyclist,Clear,Daylight,Dry,Stop Sign/flasher,Urbana,2016,0,1,4210,-88.2238698502563,40.1070110588245
C-Injury,Pedalcyclist,Clear,Daylight,Dry,Stop Sign/flasher,Urbana,2016,0,1,4211,-88.2192600017488,40.1073899977532
B-Injury,Pedalcyclist,Clear,Daylight,Dry,Traffic Signal,Urbana,2016,0,1,4212,-88.2094000021063,40.0837299977943
B-Injury,Pedalcyclist,Clear,Daylight,Wet,No Controls,Unincorporated,2013,0,1,2602,-88.3651527082481,40.2011400010816
B-Injury,Pedalcyclist,Rain,Daylight,Wet,Stop Sign/flasher,Urbana,2013,0,1,2603,-88.1905702617457,40.0906899795286
B-Injury,Pedalcyclist,Clear,Daylight,Dry,No Controls,Urbana,2013,0,1,2604,-88.2182720013475,40.110603167003
B-Injury,Pedalcyclist,Clear,Daylight,Dry,No Controls,Champaign,2013,0,1,2605,-88.2879867151725,40.1093210851764
B-Injury,Pedalcyclist,Clear,Daylight,Dry,No Controls,Rantoul,2013,0,1,2606,-88.157351538385,40.3083406294106
C-Injury,Pedalcyclist,Clear,Daylight,Dry,Traffic Signal,Champaign,2013,0,1,2607,-88.2770402533457,40.1322199964001
Property Damage,Pedalcyclist,Clear,Daylight,Dry,Stop Sign/flasher,Urbana,2013,0,0,2608,-88.2193700481743,40.1155043477924
C-Injury,Pedalcyclist,Clear,Daylight,Dry,No Controls,Champaign,2013,0,1,2609,-88.2418400006839,40.116339999128
B-Injury,Pedalcyclist,Clear,Daylight,Dry,Stop Sign/flasher,Champaign,2013,0,1,2611,-88.2847700003983,40.0983699996288
B-Injury,Pedalcyclist,Clear,Daylight,Dry,Traffic Signal,Urbana,2013,0,1,2612,-88.1994294046144,40.127390007469
B-Injury,Pedalcyclist,Clear,Dawn,Dry,Stop Sign/flasher,Unincorporated,2013,0,1,2613,-88.2091900011313,40.0691199999758
B-Injury,Pedalcyclist,Clear,"Darkness, Lighted Road",Dry,Stop Sign/flasher,Urbana,2013,0,1,2614,-88.220739768023,40.1164299997457
B-Injury,Pedalcyclist,Clear,Daylight,Dry,Stop Sign/flasher,Urbana,2013,0,1,2615,-88.2088699997781,40.1092199997006
B-Injury,Pedalcyclist,Clear,Daylight,Dry,Stop Sign/flasher,Urbana,2013,0,1,2617,-88.2089200020434,40.1115899988419
B-Injury,Pedalcyclist,Fog/smoke/haze,Daylight,Dry,Stop Sign/flasher,Champaign,2013,0,1,2618,-88.2767300009141,40.111909999698
C-Injury,Pedalcyclist,Clear,Daylight,Dry,No Controls,Champaign,2013,0,1,2619,-88.2355795562068,40.1102689280388
B-Injury,Pedalcyclist,Clear,"Darkness, Lighted Road",Dry,Stop Sign/flasher,Champaign,2013,0,1,2620,-88.2370400199707,40.1090312055187
C-Injury,Pedalcyclist,Clear,Daylight,Dry,No Controls,Urbana,2013,0,1,2621,-88.2173869475873,40.1106240155123
B-Injury,Pedalcyclist,Clear,Daylight,Dry,No Controls,Unincorporated,2013,0,1,2622,-88.3107922107709,40.1132187740745
B-Injury,Pedalcyclist,Clear,Daylight,Dry,Stop Sign/flasher,Champaign,2013,0,1,2623,-88.2578100010974,40.114402069297
B-Injury,Pedalcyclist,Clear,Daylight,Dry,No Controls,Unincorporated,2013,0,1,2624,-88.3313508068796,40.127869810029
C-Injury,Pedalcyclist,Clear,Daylight,Dry,Traffic Signal,Urbana,2013,0,2,2625,-88.2156220946917,40.1164542062709
C-Injury,Pedalcyclist,Clear,Daylight,Dry,No Controls,Champaign,2013,0,1,2626,-88.2542100012711,40.1126499992084
C-Injury,Pedalcyclist,Clear,Daylight,Dry,No Controls,Urbana,2013,0,1,2627,-88.2206536645797,40.1129774099554
B-Injury,Pedalcyclist,Clear,Daylight,Dry,Stop Sign/flasher,Champaign,2013,0,1,2628,-88.2578100418272,40.115331353362
B-Injury,Pedalcyclist,Clear,Daylight,Dry,Stop Sign/flasher,Champaign,2013,0,1,2629,-88.2817427400956,40.0983400274701
B-Injury,Pedalcyclist,Clear,Daylight,Dry,Traffic Signal,Champaign,2013,0,1,2631,-88.2765100005749,40.0982599997562
B-Injury,Pedalcyclist,Clear,"Darkness, Lighted Road",Dry,Traffic Signal,Tolono,2013,0,1,2632,-88.2625391032234,39.9863850076119
C-Injury,Pedalcyclist,,"Darkness, Lighted Road",,Stop Sign/flasher,Urbana,2013,0,1,2633,-88.2214700006356,40.1059900002646
C-Injury,Pedalcyclist,Clear,"Darkness, Lighted Road",Dry,Stop Sign/flasher,Champaign,2013,0,1,2634,-88.2768100010656,40.1168735353814
C-Injury,Pedalcyclist,Clear,Daylight,Dry,Stop Sign/flasher,Champaign,2013,0,1,2635,-88.2385960477227,40.1014700177572
Property Damage,Pedalcyclist,Clear,"Darkness, Lighted Road",Dry,No Controls,Champaign,2013,0,0,2636,-88.2387121923846,40.1103663599539
Property Damage,Pedalcyclist,Rain,Daylight,Wet,Stop Sign/flasher,Champaign,2013,0,0,2637,-88.2579000015259,40.1212852560447
B-Injury,Pedalcyclist,Clear,Daylight,Dry,Traffic Signal,Urbana,2013,0,1,2638,-88.2089300014907,40.1124400002636
B-Injury,Pedalcyclist,Clear,"Darkness, Lighted Road",Dry,No Controls,Champaign,2013,0,1,2639,-88.2367440002443,40.1163478819405
B-Injury,Pedalcyclist,Clear,Daylight,Dry,Other,Champaign,2013,0,1,2640,-88.238714593245,40.1123490711517
B-Injury,Pedalcyclist,Clear,Daylight,Dry,Stop Sign/flasher,Champaign,2013,0,1,2641,-88.2576900019534,40.1034099996803
C-Injury,Pedalcyclist,Clear,Daylight,Other,Stop Sign/flasher,Unincorporated,2013,0,1,2642,-88.2981017055725,40.097050014578
B-Injury,Pedalcyclist,Clear,Daylight,Dry,No Controls,Unincorporated,2013,0,1,2644,-88.0789400011198,40.3855100005483
B-Injury,Pedalcyclist,Clear,Daylight,Dry,No Controls,Champaign,2013,0,1,2645,-88.2435300388443,40.1199293513807
B-Injury,Pedalcyclist,Cloudy/overcast,Dusk,Dry,No Controls,Urbana,2013,0,1,2646,-88.2279030163774,40.1104080534837
C-Injury,Pedalcyclist,Clear,Darkness,Dry,No Controls,Unincorporated,2013,0,1,2647,-88.1834092042661,40.1301866615128
C-Injury,Pedalcyclist,Clear,Daylight,Dry,Stop Sign/flasher,Champaign,2013,0,1,2649,-88.2626899928629,40.1254193078248
C-Injury,Pedalcyclist,Clear,Daylight,Dry,Stop Sign/flasher,Champaign,2013,0,1,2650,-88.257910079326,40.1221714237813
B-Injury,Pedalcyclist,Clear,Daylight,Dry,Traffic Signal,Champaign,2013,0,1,2651,-88.2387099883208,40.1102334547257
B-Injury,Pedalcyclist,Clear,Darkness,Dry,No Controls,Champaign,2013,0,1,2652,-88.2759700256145,40.1321109148627
B-Injury,Pedalcyclist,Clear,Daylight,Dry,Stop Sign/flasher,Champaign,2013,0,1,2653,-88.2767100013924,40.1103300001003
C-Injury,Pedalcyclist,Clear,Daylight,Dry,Traffic Signal,Champaign,2013,0,1,2654,-88.2689100558356,40.0982209181796
B-Injury,Pedalcyclist,Clear,Daylight,Dry,No Controls,Champaign,2013,0,1,2655,-88.2435300146987,40.119929766422
C-Injury,Pedalcyclist,Clear,Daylight,Wet,No Controls,Champaign,2014,0,1,2657,-88.2769880858015,40.1272433646411
B-Injury,Pedalcyclist,Clear,Daylight,Dry,No Controls,Champaign,2014,0,1,2658,-88.2466698418606,40.0978169475064
C-Injury,Pedalcyclist,Clear,Daylight,Dry,Stop Sign/flasher,Champaign,2014,0,1,2659,-88.2367996531494,40.129519999539
B-Injury,Pedalcyclist,Clear,Daylight,Dry,Traffic Signal,Champaign,2014,0,1,2660,-88.2765114897224,40.0982600210751
B-Injury,Pedalcyclist,Clear,Daylight,Dry,Stop Sign/flasher,Champaign,2014,0,1,2661,-88.2767093889645,40.1103299954087
B-Injury,Pedalcyclist,Clear,Daylight,Dry,Traffic Signal,Champaign,2014,0,1,2662,-88.2768895778109,40.1196898405421