crash_severity,collision_type,weather,light,road_surface,traffic_control,city,year,fatality,injury,id,x,y
C-Injury,Pedalcyclist,Clear,Daylight,Unknown,Other,Champaign,2005,0,1,2904,-88.2332996474712,40.1054179693135
B-Injury,Pedalcyclist,Clear,Daylight,Dry,No Controls,Champaign,2005,0,1,2905,-88.2327599098289,40.1041497601197
B-Injury,Pedalcyclist,Clear,Daylight,Dry,Stop Sign/flasher,Champaign,2005,0,1,2906,-88.2824567400415,40.0973045195306
B-Injury,Pedalcyclist,Clear,Daylight,Dry,No Controls,Champaign,2005,0,1,2908,-88.2906630238582,40.0773594923907
B-Injury,Pedalcyclist,Clear,"Darkness, Lighted Road",Dry,No Controls,Urbana,2005,0,1,2909,-88.2175590773702,40.0982262735974
C-Injury,Pedalcyclist,Other,Daylight,Wet,No Controls,Rantoul,2006,0,1,2911,-88.1558158279455,40.3097027058176
B-Injury,Pedalcyclist,Clear,Daylight,Dry,Traffic Signal,Savoy,2006,0,1,2912,-88.2483722267825,40.0741220434174
C-Injury,Pedalcyclist,Clear,Daylight,Dry,Traffic Signal,Savoy,2006,0,1,2913,-88.2491690221417,40.0690017715107
C-Injury,Pedalcyclist,Clear,Daylight,Dry,No Controls,Rantoul,2006,0,1,2914,-88.1405813324882,40.3120341259084
B-Injury,Pedalcyclist,Clear,Daylight,Dry,No Controls,Thomasboro,2006,0,1,2915,-88.1886574873231,40.2414184512593
B-Injury,Pedalcyclist,Clear,Daylight,Dry,Traffic Signal,Rantoul,2006,0,1,2916,-88.1523653136136,40.308210018821
B-Injury,Pedalcyclist,Clear,Daylight,Dry,No Controls,Unincorporated,2006,0,1,2917,-88.2383863781942,40.0702993042714
B-Injury,Pedalcyclist,Clear,Daylight,Dry,Stop Sign/flasher,Unincorporated,2006,0,1,2918,-88.1048478918572,40.128022430872
Fatal,Pedalcyclist,Clear,Daylight,Dry,Lane Use Marking,Unincorporated,2006,1,0,2919,-88.1620729026061,40.0798615792923
B-Injury,Pedalcyclist,Clear,Daylight,Dry,Lane Use Marking,Unincorporated,2006,0,1,2920,-88.1604949850494,39.8836262486983
C-Injury,Pedalcyclist,Clear,Daylight,Dry,No Controls,Urbana,2006,0,1,2921,-88.2037493276406,40.1186313390941
B-Injury,Pedalcyclist,Clear,Daylight,Dry,Stop Sign/flasher,Urbana,2006,0,1,2922,-88.1904464690897,40.0837402698292
B-Injury,Pedalcyclist,Clear,Daylight,Dry,Stop Sign/flasher,Champaign,2006,0,1,2923,-88.3084472115432,40.0995399944151
C-Injury,Pedalcyclist,Clear,Daylight,Dry,No Controls,Champaign,2006,0,1,2924,-88.2386899367371,40.109010588367
B-Injury,Pedalcyclist,Clear,Daylight,Dry,No Controls,Champaign,2006,0,1,2927,-88.2335284384328,40.1058225791496
B-Injury,Pedalcyclist,Clear,Daylight,Dry,Traffic Signal,Champaign,2006,0,1,2929,-88.2446019306359,40.0981116134431
B-Injury,Pedalcyclist,Clear,Daylight,Dry,No Controls,Champaign,2006,0,1,2931,-88.2436165470843,40.1298933213651
C-Injury,Pedalcyclist,Clear,Daylight,Dry,Stop Sign/flasher,Champaign,2006,0,1,2932,-88.2435194420392,40.1143618641728
B-Injury,Pedalcyclist,Clear,Daylight,Dry,Traffic Signal,Champaign,2006,0,2,2933,-88.2438210709038,40.1027702484826
C-Injury,Pedalcyclist,Clear,"Darkness, Lighted Road",Dry,Traffic Signal,Champaign,2006,0,1,2934,-88.2436152350724,40.1272082944496
B-Injury,Pedalcyclist,Clear,Daylight,Dry,Stop Sign/flasher,Champaign,2006,0,1,2935,-88.245139392038,40.1116409746349
B-Injury,Pedalcyclist,Clear,Daylight,Dry,No Controls,Champaign,2006,0,1,2936,-88.2468386029274,40.1151356328062
C-Injury,Pedalcyclist,Clear,"Darkness, Lighted Road",Dry,Traffic Signal,Champaign,2006,0,1,2937,-88.2468635183287,40.1183086905043
B-Injury,Pedalcyclist,Clear,Daylight,Dry,Stop Sign/flasher,Champaign,2006,0,1,2939,-88.2579317394677,40.1212621920213
B-Injury,Pedalcyclist,Clear,Daylight,Dry,Traffic Signal,Champaign,2006,0,1,2940,-88.2579510659314,40.1271694235645
C-Injury,Pedalcyclist,Clear,Unknown,Dry,Stop Sign/flasher,Urbana,2006,0,1,2941,-88.2194386139409,40.1173307463923
C-Injury,Pedalcyclist,Clear,Daylight,Dry,Traffic Signal,Champaign,2006,0,1,2942,-88.2580180051909,40.1399603714048
C-Injury,Pedalcyclist,Clear,Daylight,Dry,Traffic Signal,Champaign,2006,0,1,2943,-88.2581094432226,40.1380109402771
B-Injury,Pedalcyclist,Clear,Daylight,Dry,Traffic Signal,Urbana,2006,0,1,2944,-88.219553400739,40.1274154093055
B-Injury,Pedalcyclist,Clear,Daylight,Dry,Stop Sign/flasher,Urbana,2006,0,1,2945,-88.2238802234854,40.1090791828511
B-Injury,Pedalcyclist,Clear,Daylight,Dry,No Controls,Urbana,2006,0,1,2946,-88.2238493764341,40.1055521100858
B-Injury,Pedalcyclist,Clear,Daylight,Dry,No Controls,Urbana,2006,0,1,2947,-88.2254902383238,40.1060029365245
B-Injury,Pedalcyclist,Clear,Daylight,Dry,Traffic Signal,Champaign,2006,0,1,2948,-88.2769894893843,40.1274149221728
B-Injury,Pedalcyclist,Clear,Darkness,Dry,Traffic Signal,Champaign,2006,0,1,2950,-88.2769918222689,40.1274116505962
C-Injury,Pedalcyclist,Clear,Daylight,Dry,Stop Sign/flasher,Champaign,2006,0,1,2951,-88.2787026678152,40.1092369172089
C-Injury,Pedalcyclist,Clear,Daylight,Dry,Stop Sign/flasher,Champaign,2006,0,1,2952,-88.2786112701583,40.1274628304957
B-Injury,Pedalcyclist,Clear,"Darkness, Lighted Road",Dry,No Controls,Champaign,2006,0,1,2954,-88.2320774515802,40.1164079324464
B-Injury,Pedalcyclist,Clear,"Darkness, Lighted Road",Dry,No Controls,Champaign,2006,0,1,2956,-88.2388908350877,40.1163905407916
B-Injury,Pedalcyclist,Clear,Daylight,Dry,Stop Sign/flasher,Urbana,2006,0,1,2957,-88.2173795495612,40.1164396975797
B-Injury,Pedalcyclist,Clear,Daylight,Dry,Stop Sign/flasher,Urbana,2006,0,1,2958,-88.2090489676502,40.1174420106683
B-Injury,Pedalcyclist,Clear,Daylight,Dry,No Controls,Champaign,2006,0,1,2961,-88.2718902632294,40.1273609226611
B-Injury,Pedalcyclist,Clear,Darkness,Wet,No Controls,Urbana,2006,0,1,2962,-88.207717745722,40.1274793142183
B-Injury,Pedalcyclist,Clear,Daylight,Dry,No Controls,Urbana,2006,0,1,2963,-88.2208850562763,40.1105054695945
C-Injury,Pedalcyclist,Clear,"Darkness, Lighted Road",Dry,No Controls,Champaign,2006,0,1,2964,-88.256963501715,40.112630541337
B-Injury,Pedalcyclist,Clear,Daylight,Dry,Traffic Signal,Champaign,2006,0,1,2965,-88.2767799154103,40.1128514858879
B-Injury,Pedalcyclist,Clear,Dawn,Dry,No Controls,Champaign,2006,0,1,2966,-88.2856606022994,40.1129144671898
B-Injury,Pedalcyclist,Clear,Daylight,Dry,Stop Sign/flasher,Champaign,2006,0,1,2967,-88.2484910535452,40.1126108763599
B-Injury,Pedalcyclist,Clear,Daylight,Dry,Traffic Signal,Champaign,2006,0,1,2968,-88.2387470180682,40.1126218572036
B-Injury,Pedalcyclist,Clear,Daylight,Dry,Traffic Signal,Urbana,2006,0,1,2969,-88.20495040223,40.1093016445178
B-Injury,Pedalcyclist,Rain,Daylight,Wet,No Controls,Urbana,2006,0,1,2970,-88.2196862399273,40.1090883188311
C-Injury,Pedalcyclist,Clear,Daylight,Dry,Stop Sign/flasher,Champaign,2006,0,1,2971,-88.2320503025876,40.1102997843074
C-Injury,Pedalcyclist,Clear,"Darkness, Lighted Road",Dry,No Controls,Champaign,2006,0,1,2972,-88.2439534509828,40.1102184011857
C-Injury,Pedalcyclist,Clear,Daylight,Dry,Stop Sign/flasher,Urbana,2006,0,1,2974,-88.2193203176796,40.108269546644
C-Injury,Pedalcyclist,Clear,Daylight,Dry,No Controls,Champaign,2006,0,1,2975,-88.2447861429864,40.1102123067359
B-Injury,Pedalcyclist,Clear,Darkness,Dry,No Controls,Champaign,2006,0,2,2978,-88.2714755514848,40.108969335006
B-Injury,Pedalcyclist,Clear,Daylight,Dry,Stop Sign/flasher,Urbana,2006,0,1,2979,-88.2192194701732,40.1046387206819
B-Injury,Pedalcyclist,Clear,Daylight,Dry,No Controls,Champaign,2006,0,1,2980,-88.2782955579024,40.0982866080974
B-Injury,Pedalcyclist,Clear,Daylight,Dry,Stop Sign/flasher,Champaign,2006,0,1,2981,-88.2817411248467,40.0983327947409
C-Injury,Pedalcyclist,Clear,Daylight,Dry,Lane Use Marking,Champaign,2006,0,1,2982,-88.2927364019534,40.0984561125454
C-Injury,Pedalcyclist,Clear,"Darkness, Lighted Road",Dry,Traffic Signal,Urbana,2006,0,1,2983,-88.1906998651565,40.0984103686583
B-Injury,Pedalcyclist,Clear,Daylight,Wet,Unknown,Champaign,2007,0,1,2985,-88.2370996220854,40.1053743525026
C-Injury,Pedalcyclist,Clear,Daylight,Dry,Unknown,Champaign,2007,0,1,2986,-88.2304504921992,40.1126402022523
B-Injury,Pedalcyclist,Clear,"Darkness, Lighted Road",Dry,Unknown,Urbana,2007,0,1,2987,-88.1888201949068,40.0983112798236
B-Injury,Pedalcyclist,Fog/smoke/haze,"Darkness, Lighted Road",Wet,Unknown,Urbana,2007,0,1,2988,-88.2176287861648,40.1046576381825
B-Injury,Pedalcyclist,Clear,Daylight,Dry,Unknown,Champaign,2007,0,1,2990,-88.2416992757009,40.1163804062139
B-Injury,Pedalcyclist,Clear,Daylight,Dry,Unknown,Urbana,2007,0,1,2992,-88.2042469047165,40.1177102162679
C-Injury,Pedalcyclist,Rain,Darkness,Dry,Unknown,Champaign,2007,0,1,2993,-88.2951986176454,40.0984713647621
B-Injury,Pedalcyclist,Clear,Daylight,Dry,Unknown,Champaign,2007,0,1,2994,-88.2500719193022,40.1163095801152
B-Injury,Pedalcyclist,Clear,Daylight,Dry,Unknown,Champaign,2007,0,1,2995,-88.2626494228959,40.0872700854042
B-Injury,Pedalcyclist,Clear,Daylight,Dry,Unknown,Urbana,2007,0,1,2996,-88.2240190415343,40.1163821489437
B-Injury,Pedalcyclist,Fog/smoke/haze,Daylight,Dry,Unknown,Champaign,2007,0,1,2997,-88.242321287702,40.1249036236975
B-Injury,Pedalcyclist,Clear,Daylight,Dry,Unknown,Urbana,2007,0,1,2998,-88.2194228544194,40.1154987006214
B-Injury,Pedalcyclist,Clear,Daylight,Dry,Unknown,Urbana,2007,0,1,2999,-88.2193314832511,40.1090919835547
B-Injury,Pedalcyclist,Clear,Daylight,Dry,Unknown,Urbana,2007,0,1,3000,-88.2191849101375,40.1027694736099
C-Injury,Pedalcyclist,Clear,Daylight,Dry,Unknown,Urbana,2007,0,1,3002,-88.2193996882871,40.1136104471964
B-Injury,Pedalcyclist,Clear,Darkness,Dry,Unknown,Urbana,2007,0,1,3003,-88.1978096914353,40.1109128528611
B-Injury,Pedalcyclist,Clear,Daylight,Dry,Unknown,Champaign,2007,0,1,3004,-88.27647165112,40.0935303280318
B-Injury,Pedalcyclist,Clear,Daylight,Dry,Unknown,Champaign,2007,0,1,3005,-88.2768946466232,40.1196916748218
B-Injury,Pedalcyclist,Clear,Daylight,Dry,Unknown,Champaign,2007,0,1,3006,-88.2766919245779,40.1090135454468
C-Injury,Pedalcyclist,Clear,Daylight,Dry,Unknown,Champaign,2007,0,1,3007,-88.2437290111783,40.1359601117176
B-Injury,Pedalcyclist,Clear,Daylight,Wet,Unknown,Champaign,2007,0,1,3008,-88.2434682883775,40.1125597007389
B-Injury,Pedalcyclist,Clear,Unknown,Unknown,Unknown,Champaign,2007,0,1,3009,-88.272879057055,40.1346520097805
C-Injury,Pedalcyclist,Rain,Daylight,Wet,Unknown,Urbana,2007,0,1,3012,-88.2093984377135,40.08374115344
B-Injury,Pedalcyclist,Clear,Daylight,Dry,Unknown,Urbana,2007,0,1,3014,-88.1784422705228,40.1129941058709
B-Injury,Pedalcyclist,Clear,Daylight,Dry,Unknown,Urbana,2007,0,1,3015,-88.205002218461,40.1135672278448
B-Injury,Pedalcyclist,Rain,"Darkness, Lighted Road",Wet,Unknown,Champaign,2007,0,1,3016,-88.241210341359,40.1211186201491
B-Injury,Pedalcyclist,Clear,Daylight,Dry,Unknown,Champaign,2007,0,1,3017,-88.2289634213178,40.1163601947735
B-Injury,Pedalcyclist,Clear,Daylight,Dry,Unknown,Urbana,2007,0,1,3018,-88.1994297781363,40.1273950199076
B-Injury,Pedalcyclist,Clear,"Darkness, Lighted Road",Dry,Unknown,Champaign,2007,0,1,3019,-88.2321201476977,40.1239313393968
B-Injury,Pedalcyclist,Clear,Daylight,Dry,Unknown,Champaign,2007,0,1,3020,-88.2321210057336,40.1232601339189
C-Injury,Pedalcyclist,Clear,Daylight,Dry,Unknown,Champaign,2007,0,1,3021,-88.2389672230544,40.136066045806
B-Injury,Pedalcyclist,Rain,Dusk,Wet,Unknown,Urbana,2007,0,1,3022,-88.2239313420938,40.1059592100241
C-Injury,Pedalcyclist,Clear,Daylight,Dry,Unknown,Champaign,2007,0,1,3023,-88.2579794123891,40.1319540022871
C-Injury,Pedalcyclist,Clear,"Darkness, Lighted Road",Dry,Unknown,Champaign,2007,0,1,3024,-88.2383142361548,40.110249340067
C-Injury,Pedalcyclist,Clear,Daylight,Dry,Unknown,Champaign,2007,0,1,3025,-88.2470826791877,40.1126021006951
B-Injury,Pedalcyclist,Rain,"Darkness, Lighted Road",Wet,Unknown,Champaign,2007,0,1,3026,-88.2828122952764,40.0983412636892
C-Injury,Pedalcyclist,Clear,Daylight,Dry,Unknown,Champaign,2007,0,1,3027,-88.2446681358807,40.097703378298
B-Injury,Pedalcyclist,Clear,Daylight,Dry,Unknown,Urbana,2007,0,2,3028,-88.2073100228441,40.109250592906
C-Injury,Pedalcyclist,Clear,Daylight,Dry,Unknown,Champaign,2007,0,1,3029,-88.2351958204336,40.1126412769807
B-Injury,Pedalcyclist,Clear,Daylight,Dry,Unknown,Champaign,2007,0,1,3030,-88.230630581071,40.1115280346314
Property Damage,Pedalcyclist,Clear,"Darkness, Lighted Road",Ice,No Controls,Urbana,2008,0,0,3031,-88.2234445650962,40.1059659235792
C-Injury,Pedalcyclist,Clear,"Darkness, Lighted Road",Dry,Stop Sign/flasher,Champaign,2008,0,1,3032,-88.2414800019752,40.1026999950676
B-Injury,Pedalcyclist,Rain,Daylight,Wet,Stop Sign/flasher,Champaign,2008,0,1,3034,-88.270289453332,40.1183686746179
C-Injury,Pedalcyclist,Clear,Daylight,Dry,No Controls,Champaign,2008,0,1,3035,-88.2462473357693,40.0878407163985
B-Injury,Pedalcyclist,Clear,Daylight,Dry,Stop Sign/flasher,Champaign,2008,0,1,3036,-88.2451896259823,40.1153385268503
C-Injury,Pedalcyclist,Clear,"Darkness, Lighted Road",Dry,No Controls,Champaign,2008,0,1,3037,-88.2434497215044,40.1088131171156
B-Injury,Pedalcyclist,Clear,Daylight,Dry,Traffic Signal,Champaign,2008,0,1,3039,-88.2436201899012,40.1336183098363
Property Damage,Pedalcyclist,Clear,Daylight,Dry,No Controls,Champaign,2008,0,0,3040,-88.246835868912,40.1148287647047
B-Injury,Pedalcyclist,Clear,Daylight,Dry,Stop Sign/flasher,Champaign,2008,0,1,3041,-88.2451400213483,40.111640648995
C-Injury,Pedalcyclist,Clear,Daylight,Dry,Traffic Signal,Champaign,2008,0,1,3042,-88.2580144466879,40.1358605657861
B-Injury,Pedalcyclist,Clear,Daylight,Dry,Traffic Signal,Urbana,2008,0,1,3044,-88.2193810318502,40.1164311332551
B-Injury,Pedalcyclist,Clear,Daylight,Dry,Stop Sign/flasher,Champaign,2008,0,1,3046,-88.2320989373846,40.1154008886824
B-Injury,Pedalcyclist,Clear,Daylight,Dry,Traffic Signal,Champaign,2008,0,1,3047,-88.2577993595687,40.1126598131871
C-Injury,Pedalcyclist,Clear,Daylight,Dry,Lane Use Marking,Unincorporated,2008,0,1,3048,-88.1825889187416,40.2260688376119
B-Injury,Pedalcyclist,Clear,Daylight,Dry,No Controls,St. Joseph,2008,0,1,3049,-88.0382702268195,40.1168488107027
B-Injury,Pedalcyclist,Clear,Daylight,Dry,Stop Sign/flasher,Unincorporated,2008,0,1,3051,-88.2378607324278,40.0104694930694
B-Injury,Pedalcyclist,Clear,Daylight,Dry,Stop Sign/flasher,St. Joseph,2008,0,1,3053,-88.0416992415873,40.1131799202504
C-Injury,Pedalcyclist,Unknown,Daylight,Unknown,No Controls,Champaign,2008,0,1,3054,-88.2545396112958,40.1306872650088
B-Injury,Pedalcyclist,Clear,Daylight,Dry,No Controls,Rantoul,2008,0,1,3056,-88.1558211519176,40.3106815579413
C-Injury,Pedalcyclist,Clear,Daylight,Dry,No Controls,Champaign,2008,0,1,3058,-88.2575811779356,40.0927182971592
B-Injury,Pedalcyclist,Clear,Daylight,Dry,No Controls,Champaign,2008,0,1,3059,-88.2517122608464,40.1036540137135
B-Injury,Pedalcyclist,Clear,Daylight,Dry,Traffic Signal,Champaign,2008,0,1,3060,-88.2468109043477,40.112609881045
Property Damage,Pedalcyclist,Clear,Daylight,Dry,No Controls,Urbana,2008,0,0,3061,-88.2159669695075,40.1127594041028
Property Damage,Pedalcyclist,Clear,Daylight,Dry,Traffic Signal,Urbana,2008,0,0,3062,-88.2019300852411,40.1220186704026
C-Injury,Pedalcyclist,Clear,Daylight,Dry,Stop Sign/flasher,Champaign,2008,0,1,3064,-88.2603695333102,40.1309505064084
C-Injury,Pedalcyclist,Clear,Darkness,Dry,Stop Sign/flasher,Champaign,2008,0,1,3065,-88.2355401104111,40.1272697460605
C-Injury,Pedalcyclist,Clear,Daylight,Dry,Stop Sign/flasher,Champaign,2008,0,1,3066,-88.2468315149459,40.1144191366273
B-Injury,Pedalcyclist,Rain,"Darkness, Lighted Road",Wet,Traffic Signal,Champaign,2008,0,1,3068,-88.2434716004798,40.11022125248
B-Injury,Pedalcyclist,Clear,Daylight,Dry,Traffic Signal,Champaign,2008,0,1,3069,-88.2387094344258,40.1126207405397
B-Injury,Pedalcyclist,Clear,Daylight,Dry,Traffic Signal,Champaign,2008,0,1,3070,-88.2387294870562,40.1163404613301
Property Damage,Pedalcyclist,Clear,"Darkness, Lighted Road",Dry,Traffic Signal,Champaign,2008,0,0,3071,-88.2445883723397,40.0980934446604
C-Injury,Pedalcyclist,Clear,Daylight,Dry,Stop Sign/flasher,Champaign,2008,0,1,3072,-88.2386321630873,40.1026992480365
B-Injury,Pedalcyclist,Clear,Daylight,Dry,Traffic Signal,Champaign,2008,0,1,3073,-88.2451799422975,40.0944788596928
B-Injury,Pedalcyclist,Clear,Daylight,Dry,Stop Sign/flasher,Urbana,2008,0,1,3074,-88.2191595348441,40.1018902481519
C-Injury,Pedalcyclist,Clear,Daylight,Dry,Traffic Signal,Urbana,2008,0,1,3075,-88.2191305958169,40.1006490504101
C-Injury,Pedalcyclist,Unknown,Daylight,Dry,Stop Sign/flasher,Urbana,2008,0,1,3076,-88.2240900822153,40.1200593498641
C-Injury,Pedalcyclist,Clear,Daylight,Dry,No Controls,Urbana,2008,0,1,3077,-88.21933744834,40.1115290947101
B-Injury,Pedalcyclist,Clear,Daylight,Dry,No Controls,Champaign,2008,0,1,3078,-88.2320795238633,40.1126803348099
Property Damage,Pedalcyclist,Clear,Daylight,Dry,No Controls,Champaign,2008,0,0,3079,-88.2626419423549,40.1227121607272
B-Injury,Pedalcyclist,Clear,"Darkness, Lighted Road",Dry,Traffic Signal,Champaign,2008,0,1,3080,-88.2302902575577,40.1041713181658
B-Injury,Pedalcyclist,Clear,Daylight,Dry,No Controls,Rantoul,2008,0,1,3081,-88.1388731095017,40.3220663714364
B-Injury,Pedalcyclist,Clear,Daylight,Dry,No Controls,Rantoul,2008,0,1,3083,-88.1668686934244,40.2870546379989
C-Injury,Pedalcyclist,Clear,Daylight,Dry,Stop Sign/flasher,Champaign,2008,0,1,3084,-88.2574009487223,40.0792197761649
B-Injury,Pedalcyclist,Rain,Daylight,Wet,No Controls,Urbana,2008,0,1,3085,-88.223840518449,40.1048456705617
B-Injury,Pedalcyclist,Clear,Daylight,Dry,Stop Sign/flasher,St. Joseph,2008,0,1,3086,-88.0416992415873,40.1131799202504
B-Injury,Pedalcyclist,Clear,Daylight,Dry,Stop Sign/flasher,Champaign,2008,0,1,3087,-88.2764182126058,40.0908492168316
B-Injury,Pedalcyclist,Clear,Daylight,Dry,No Controls,Champaign,2008,0,1,3088,-88.2320504643395,40.1102999222534
C-Injury,Pedalcyclist,Rain,"Darkness, Lighted Road",Wet,Traffic Signal,Champaign,2008,0,1,3089,-88.2335714564492,40.1079702414535
Property Damage,Pedalcyclist,Clear,Daylight,Dry,No Controls,Urbana,2008,0,0,3090,-88.227896559306,40.1104079863899
Property Damage,Pedalcyclist,Clear,Daylight,Dry,No Controls,Urbana,2008,0,0,3091,-88.2205237740483,40.1105419862068
B-Injury,Pedalcyclist,Clear,Daylight,Dry,No Controls,Urbana,2008,0,1,3092,-88.2139149031105,40.1123495268726
B-Injury,Pedalcyclist,Clear,Daylight,Dry,No Controls,Urbana,2008,0,1,3093,-88.1966397425302,40.1162959916424
B-Injury,Pedalcyclist,Rain,"Darkness, Lighted Road",Wet,Stop Sign/flasher,Rantoul,2009,0,1,3096,-88.1426490041412,40.3110406320735
C-Injury,Pedalcyclist,Clear,Darkness,Dry,Traffic Signal,Champaign,2009,0,1,3097,-88.280343065598,40.1274604133518
B-Injury,Pedalcyclist,Clear,Dawn,Dry,Other,Champaign,2009,0,1,3098,-88.2289518759245,40.1108671920113
C-Injury,Pedalcyclist,Clear,Daylight,Dry,Stop Sign/flasher,Urbana,2009,0,1,3100,-88.2254916288391,40.1059973710058
B-Injury,Pedalcyclist,Clear,Daylight,Dry,Traffic Signal,Champaign,2009,0,1,3101,-88.2334296306626,40.1014889489332
B-Injury,Pedalcyclist,Rain,Daylight,Wet,Other,Rantoul,2009,0,1,3102,-88.1523714333113,40.3082188344007
Property Damage,Pedalcyclist,Clear,Daylight,Dry,No Controls,Champaign,2009,0,0,3103,-88.2374487058732,40.101474606997
B-Injury,Pedalcyclist,Clear,Daylight,Dry,No Controls,Rantoul,2009,0,1,3104,-88.1344805815276,40.3094146095479
B-Injury,Pedalcyclist,Clear,Daylight,Dry,No Controls,Champaign,2009,0,1,3106,-88.2747995738443,40.1309691358844
C-Injury,Pedalcyclist,Clear,Daylight,Dry,No Controls,Gifford,2009,0,1,3107,-88.0215275635981,40.3060300008075
B-Injury,Pedalcyclist,Clear,Daylight,Dry,Traffic Signal,Urbana,2009,0,1,3108,-88.1994296526096,40.1273891908135
C-Injury,Pedalcyclist,Clear,Daylight,Dry,No Controls,Champaign,2009,0,1,3109,-88.2536151612636,40.1101399827695
Fatal,Pedalcyclist,Clear,Darkness,Dry,Lane Use Marking,Urbana,2009,1,0,3110,-88.2210743189357,40.1105456634408
C-Injury,Pedalcyclist,Clear,Daylight,Dry,Stop Sign/flasher,Urbana,2009,0,1,3111,-88.2195508347957,40.1299005957636
B-Injury,Pedalcyclist,Clear,Daylight,Dry,Stop Sign/flasher,Champaign,2009,0,1,3112,-88.2423414702532,40.1272100979434
B-Injury,Pedalcyclist,Clear,Daylight,Dry,Traffic Signal,Champaign,2009,0,1,3113,-88.2468767239029,40.0835694618433
B-Injury,Pedalcyclist,Clear,Daylight,Dry,Traffic Signal,Champaign,2009,0,1,3115,-88.2335703588865,40.1102806096532
B-Injury,Pedalcyclist,Rain,Daylight,Wet,Stop Sign/flasher,Unincorporated,2009,0,1,3117,-88.2324500107769,40.083481760132
B-Injury,Pedalcyclist,Clear,Dusk,Dry,No Controls,Champaign,2009,0,1,3119,-88.2304881818471,40.1273089204917
B-Injury,Pedalcyclist,Clear,Daylight,Dry,Stop Sign/flasher,Champaign,2009,0,1,3121,-88.2452188245063,40.1211595077322
B-Injury,Pedalcyclist,Clear,Daylight,Dry,No Controls,Champaign,2009,0,1,3122,-88.2626944460395,40.1257789687896
C-Injury,Pedalcyclist,Clear,Daylight,Dry,No Controls,Champaign,2009,0,1,3123,-88.2468808394632,40.1211807325691
B-Injury,Pedalcyclist,Clear,Daylight,Dry,Stop Sign/flasher,Urbana,2009,0,1,3124,-88.2159889217593,40.1065197764927
B-Injury,Pedalcyclist,Clear,Daylight,Dry,Traffic Signal,Champaign,2009,0,1,3126,-88.2468109054203,40.1126098810458
B-Injury,Pedalcyclist,Clear,Daylight,Dry,No Controls,Urbana,2009,0,1,3127,-88.1813407827234,40.0988187252745
B-Injury,Pedalcyclist,Clear,Daylight,Dry,No Controls,Urbana,2009,0,1,3128,-88.2050098267973,40.1135204560582
B-Injury,Pedalcyclist,Clear,Daylight,Dry,No Controls,Urbana,2009,0,1,3129,-88.1758300659368,40.1128806401233
B-Injury,Pedalcyclist,Clear,Daylight,Dry,Traffic Signal,Champaign,2009,0,1,3130,-88.2574894074614,40.0835994364498
B-Injury,Pedalcyclist,Clear,Daylight,Dry,No Controls,Champaign,2009,0,1,3131,-88.2951612673934,40.0850819984946
C-Injury,Pedalcyclist,Clear,Daylight,Dry,Stop Sign/flasher,Urbana,2009,0,1,3132,-88.2011386118059,40.1238004141076
B-Injury,Pedalcyclist,Clear,Daylight,Dry,No Controls,Rantoul,2009,0,1,3133,-88.1676522382209,40.307236426647
B-Injury,Pedalcyclist,Clear,Daylight,Dry,No Controls,Urbana,2009,0,1,3135,-88.2194098198148,40.1105676110277
B-Injury,Pedalcyclist,Clear,Daylight,Dry,No Controls,Champaign,2009,0,1,3136,-88.2767183795046,40.1090130801824
B-Injury,Pedalcyclist,Clear,Daylight,Dry,Traffic Signal,Champaign,2009,0,1,3137,-88.2385206855859,40.0980392268295
B-Injury,Pedalcyclist,Clear,Daylight,Dry,No Controls,Unincorporated,2009,0,1,3138,-88.2844800936991,39.9669357549642
C-Injury,Pedalcyclist,Clear,Daylight,Dry,No Controls,Urbana,2009,0,1,3139,-88.2239802363309,40.1125357637069
B-Injury,Pedalcyclist,Clear,Daylight,Dry,Stop Sign/flasher,Champaign,2009,0,1,3140,-88.2386711103913,40.1053707230294
B-Injury,Pedalcyclist,Clear,Daylight,Dry,Traffic Signal,Urbana,2009,0,1,3141,-88.2193009113469,40.1090901853342
C-Injury,Pedalcyclist,Clear,"Darkness, Lighted Road",Dry,No Controls,Champaign,2009,0,1,3142,-88.2384577909813,40.1102344109719
B-Injury,Pedalcyclist,Clear,Daylight,Dry,No Controls,Champaign,2009,0,1,3143,-88.2434678390386,40.1100161321476
C-Injury,Pedalcyclist,Clear,"Darkness, Lighted Road",Dry,No Controls,Champaign,2009,0,1,3144,-88.2766696780761,40.1090099664696
B-Injury,Pedalcyclist,Clear,Daylight,Dry,Stop Sign/flasher,Champaign,2009,0,1,3147,-88.27869854065,40.109239176685
C-Injury,Pedalcyclist,Rain,Dawn,Wet,No Controls,Urbana,2009,0,1,3148,-88.2169098797258,40.1183302075219
B-Injury,Pedalcyclist,Clear,"Darkness, Lighted Road",Dry,Traffic Signal,Champaign,2009,0,1,3149,-88.2435606625618,40.1272001708531
C-Injury,Pedalcyclist,Clear,Daylight,Dry,Stop Sign/flasher,Mahomet,2009,0,1,3151,-88.3935737917266,40.1893084197261