crash_severity,collision_type,weather,light,road_surface,traffic_control,city,year,fatality,injury,id,x,y
B-Injury,Pedalcyclist,Clear,Darkness,Dry,No Controls,Champaign,2009,0,1,3152,-88.244301098171,40.0999193016981
B-Injury,Pedalcyclist,Rain,"Darkness, Lighted Road",Wet,Traffic Signal,Urbana,2009,0,1,3154,-88.2195408352587,40.1273696092058
C-Injury,Pedalcyclist,Rain,Darkness,Wet,Stop Sign/flasher,Urbana,2009,0,1,3155,-88.2001112433637,40.1018847482944
B-Injury,Pedalcyclist,Clear,Daylight,Dry,Stop Sign/flasher,Champaign,2009,0,1,3156,-88.2468687778308,40.1202115310633
C-Injury,Pedalcyclist,Clear,Daylight,Dry,Traffic Signal,Champaign,2009,0,1,3157,-88.2335492036491,40.1126691988351
C-Injury,Pedalcyclist,Clear,Daylight,Dry,No Controls,Champaign,2009,0,1,3158,-88.235034639666,40.1126541587057
B-Injury,Pedalcyclist,Rain,Darkness,Wet,No Controls,Champaign,2009,0,1,3162,-88.233487616609,40.1040218505862
B-Injury,Pedalcyclist,Clear,"Darkness, Lighted Road",Dry,No Controls,Champaign,2009,0,1,3163,-88.2367327789247,40.1102621950123
C-Injury,Pedalcyclist,Clear,Daylight,Dry,Lane Use Marking,Champaign,2009,0,1,3164,-88.2353988490858,40.1102708484918
B-Injury,Pedalcyclist,Clear,Daylight,Dry,No Controls,Urbana,2015,0,1,3166,-88.2072499739941,40.1055699651064
B-Injury,Pedalcyclist,Clear,Daylight,Dry,Stop Sign/flasher,Urbana,2015,0,1,3167,-88.2193707315639,40.1154999936259
B-Injury,Pedalcyclist,Clear,Daylight,Dry,Traffic Signal,Champaign,2015,0,1,3168,-88.2289300008879,40.1163999997306
B-Injury,Pedalcyclist,Clear,Daylight,Dry,No Controls,Urbana,2015,0,1,3169,-88.2252148883495,40.1042136483741
B-Injury,Pedalcyclist,Clear,Daylight,Dry,Traffic Signal,Urbana,2015,0,1,3170,-88.2193001887649,40.1090899996023
B-Injury,Pedalcyclist,Clear,Daylight,Dry,Stop Sign/flasher,Urbana,2015,0,1,3171,-88.1955501823641,40.098380045602
C-Injury,Pedalcyclist,Clear,Daylight,Snow Or Slush,No Controls,Urbana,2015,0,1,3172,-88.2191893970843,40.1029077483141
C-Injury,Pedalcyclist,Clear,"Darkness, Lighted Road",Dry,No Controls,Urbana,2015,0,1,3174,-88.2215090422385,40.1068176708729
B-Injury,Pedalcyclist,Clear,Daylight,Dry,No Controls,Urbana,2015,0,1,3175,-88.2207322033508,40.1059866961782
B-Injury,Pedalcyclist,Clear,Daylight,Dry,Stop Sign/flasher,Champaign,2015,0,1,3176,-88.2304205127321,40.1144299349871
C-Injury,Pedalcyclist,Clear,Daylight,Dry,Stop Sign/flasher,Urbana,2015,0,1,3178,-88.2089200016849,40.1115899993905
B-Injury,Pedalcyclist,Rain,Daylight,Wet,Traffic Signal,Urbana,2015,0,1,3179,-88.2239121105077,40.1105706570567
B-Injury,Pedalcyclist,Clear,Daylight,Dry,No Controls,Urbana,2015,0,1,3180,-88.2028967355153,40.1108242693232
B-Injury,Pedalcyclist,Clear,Daylight,Dry,Stop Sign/flasher,Urbana,2015,0,1,3182,-88.2241700015015,40.1006299999464
B-Injury,Pedalcyclist,Clear,Daylight,Dry,Traffic Signal,Champaign,2015,0,1,3184,-88.233550014713,40.1126683411381
B-Injury,Pedalcyclist,Clear,Daylight,Dry,Traffic Signal,Champaign,2015,0,1,3185,-88.246809997927,40.1126096599355
B-Injury,Pedalcyclist,Cloudy/overcast,Daylight,Dry,Traffic Signal,Champaign,2015,0,1,3186,-88.2452108908721,40.1163499942577
B-Injury,Pedalcyclist,Clear,Daylight,Dry,Traffic Signal,Champaign,2015,0,1,3187,-88.2579800011622,40.1271699999251
B-Injury,Pedalcyclist,Clear,Daylight,Dry,Stop Sign/flasher,Champaign,2015,0,1,3189,-88.2532000005823,40.1271899993884
B-Injury,Pedalcyclist,Clear,Darkness,Dry,No Controls,Savoy,2015,0,1,3190,-88.2525670892199,40.0481498508447
B-Injury,Pedalcyclist,Clear,Daylight,Dry,Traffic Signal,Champaign,2015,0,1,3191,-88.2414400014603,40.0980498217995
C-Injury,Pedalcyclist,Clear,Daylight,Dry,Stop Sign/flasher,Champaign,2015,0,1,3192,-88.2521800011096,40.129652928758
B-Injury,Pedalcyclist,Clear,Daylight,Dry,Traffic Signal,Champaign,2015,0,1,3193,-88.2436783008073,40.1325999996979
C-Injury,Pedalcyclist,Clear,Daylight,Dry,No Controls,Champaign,2015,0,1,3194,-88.2320733491679,40.1116736519038
C-Injury,Pedalcyclist,Rain,"Darkness, Lighted Road",Wet,No Controls,Champaign,2015,0,1,3195,-88.257865350391,40.1378328417663
B-Injury,Pedalcyclist,Clear,"Darkness, Lighted Road",Dry,Traffic Signal,Champaign,2015,0,1,3196,-88.24369329452,40.1370202168184
B-Injury,Pedalcyclist,Clear,Daylight,Dry,Stop Sign/flasher,Champaign,2015,0,1,3197,-88.2388900015543,40.1330296980372
B-Injury,Pedalcyclist,Cloudy/overcast,Daylight,Dry,Stop Sign/flasher,Champaign,2015,0,2,3198,-88.2388406402394,40.1297499939781
Property Damage,Pedalcyclist,Clear,Daylight,Wet,No Controls,Champaign,2015,0,0,3200,-88.2918510470554,40.0693085220719
C-Injury,Pedalcyclist,Clear,Daylight,Dry,Traffic Signal,Champaign,2015,0,1,3201,-88.2736910551401,40.1273863918155
C-Injury,Pedalcyclist,Clear,Daylight,Dry,No Controls,Champaign,2015,0,1,3202,-88.2716895984006,40.1273695509441
C-Injury,Pedalcyclist,Clear,Daylight,Dry,Traffic Signal,Champaign,2015,0,1,3203,-88.2768100005602,40.1164599996991
C-Injury,Pedalcyclist,Clear,"Darkness, Lighted Road",Dry,Stop Sign/flasher,Champaign,2015,0,1,3204,-88.2724507549628,40.1184100096738
C-Injury,Pedalcyclist,Clear,Daylight,Dry,No Controls,Champaign,2015,0,1,3206,-88.2729948780661,40.139079803337
C-Injury,Pedalcyclist,Clear,Daylight,Dry,Stop Sign/flasher,Champaign,2015,0,1,3207,-88.2672199186839,40.1102399917627
B-Injury,Pedalcyclist,Clear,Dusk,Dry,No Controls,Champaign,2017,0,1,4230,-88.2321000013499,40.1162999989035
C-Injury,Pedalcyclist,Clear,Daylight,Dry,Other,Champaign,2017,0,1,4231,-88.2629676926275,40.1358103235144
B-Injury,Pedalcyclist,Cloudy/overcast,Daylight,Dry,Stop Sign/flasher,Urbana,2017,0,1,4270,-88.2238000011252,40.1090999991498
C-Injury,Pedalcyclist,Clear,Daylight,Dry,Traffic Signal,Urbana,2017,0,1,4282,-88.2194792848033,40.1200702220384
B-Injury,Pedalcyclist,Clear,Daylight,Dry,No Controls,Champaign,2017,0,1,4284,-88.2452000012414,40.1271999991707
B-Injury,Pedalcyclist,Clear,Daylight,Dry,Yield,Rantoul,2017,0,1,4287,-88.1405430014423,40.308252998673
B-Injury,Pedalcyclist,Clear,"Darkness, Lighted Road",Dry,Traffic Signal,Champaign,2017,0,1,4306,-88.2767000013441,40.1127999989358
Property Damage,Pedalcyclist,Clear,Daylight,Dry,Stop Sign/flasher,Mahomet,2017,0,0,4307,-88.4077000010377,40.185699999377
C-Injury,Pedalcyclist,Clear,Dusk,Dry,Traffic Signal,Champaign,2017,0,1,4315,-88.257800001037,40.1181999994935
B-Injury,Pedalcyclist,Clear,Daylight,Dry,No Controls,Urbana,2017,0,1,4317,-88.2119000012751,40.100799999538
C-Injury,Pedalcyclist,Clear,Daylight,Dry,No Controls,Champaign,2017,0,1,4319,-88.2457670749325,40.1153400769674
B-Injury,Pedalcyclist,Clear,Daylight,Dry,No Controls,Unincorporated,2017,0,1,4322,-88.3339000008634,39.9672999994398
B-Injury,Pedalcyclist,Clear,Daylight,Dry,Stop Sign/flasher,Champaign,2017,0,1,4324,-88.2678000011462,40.1272999995027
C-Injury,Pedalcyclist,Clear,Daylight,Dry,Traffic Signal,Champaign,2017,0,1,4328,-88.2452000011047,40.1270999993876
B-Injury,Pedalcyclist,Clear,Daylight,Dry,No Controls,Mahomet,2017,0,1,4330,-88.3634000013599,40.2306999990429
C-Injury,Pedalcyclist,Clear,Daylight,Dry,Stop Sign/flasher,Mahomet,2017,0,1,4332,-88.365200000373,40.1965999987649
B-Injury,Pedalcyclist,Clear,Daylight,Dry,Other Rr Crossing,Ogden,2017,0,1,4338,-87.9808000011787,40.1780999992531
B-Injury,Pedalcyclist,Clear,Daylight,Dry,Stop Sign/flasher,Champaign,2017,0,1,4342,-88.2542000011444,40.1181999987301
B-Injury,Pedalcyclist,Clear,Daylight,Dry,Lane Use Marking,Champaign,2017,0,1,4343,-88.2385000012697,40.1162999988817
B-Injury,Pedalcyclist,Clear,Darkness,Dry,No Controls,Unincorporated,2017,0,1,4346,-88.1627000014216,40.1270999993905
B-Injury,Pedalcyclist,Clear,Daylight,Dry,Stop Sign/flasher,Urbana,2017,0,1,4357,-88.2180000007983,40.1324999993489
B-Injury,Pedalcyclist,Clear,Daylight,Dry,No Controls,Urbana,2017,0,1,4366,-88.2191000012715,40.1035999993958
C-Injury,Pedalcyclist,Clear,Daylight,Dry,Stop Sign/flasher,Pesotum,2017,0,1,4406,-88.2734000012463,39.9144999996052
B-Injury,Pedalcyclist,Clear,Daylight,Dry,No Controls,Champaign,2017,0,1,4409,-88.2371000011291,40.11069999888
B-Injury,Pedalcyclist,Clear,Daylight,Dry,No Controls,Champaign,2017,0,1,4413,-88.2386000003657,40.1079999991515
Fatal,Pedalcyclist,Clear,Daylight,Dry,Lane Use Marking,Champaign,2017,1,0,4414,-88.2770247632839,40.1318329663588
B-Injury,Pedalcyclist,Clear,"Darkness, Lighted Road",Dry,Traffic Signal,Champaign,2017,0,1,4416,-88.2469000010192,40.1124999988605
B-Injury,Pedalcyclist,Clear,Daylight,Dry,Traffic Signal,Champaign,2017,0,1,4417,-88.2579000011834,40.1379999987849
C-Injury,Pedalcyclist,Clear,Daylight,Dry,No Controls,Champaign,2017,0,1,4418,-88.270700001286,40.127299998792
C-Injury,Pedalcyclist,Clear,Daylight,Dry,Stop Sign/flasher,Tolono,2017,0,1,4420,-88.2616000007117,39.9899999994632
C-Injury,Pedalcyclist,Cloudy/overcast,Dusk,Dry,Lane Use Marking,Savoy,2017,0,1,4422,-88.2443000014885,40.0544999990631
B-Injury,Pedalcyclist,Clear,Daylight,Dry,Traffic Signal,Champaign,2017,0,1,4425,-88.2579000011834,40.1379999987849
B-Injury,Pedalcyclist,Clear,Daylight,Dry,Stop Sign/flasher,Champaign,2017,0,1,4426,-88.2652000013655,40.127199999402
C-Injury,Pedalcyclist,Clear,Daylight,Dry,Traffic Signal,Champaign,2017,0,1,4427,-88.2771000003939,40.1360999995049
C-Injury,Pedalcyclist,Cloudy/overcast,Daylight,Dry,No Controls,Champaign,2017,0,1,4428,-88.2321000013499,40.1162999989035
C-Injury,Pedalcyclist,Clear,Daylight,Dry,No Controls,Champaign,2017,0,1,4430,-88.2369000008046,40.1052999989997
C-Injury,Pedalcyclist,Clear,Daylight,Dry,No Controls,Champaign,2017,0,1,4435,-88.2452180230997,40.1171353123001
B-Injury,Pedalcyclist,Clear,Daylight,Dry,No Controls,Champaign,2017,0,1,4436,-88.2299077988171,40.1054531482975
C-Injury,Pedalcyclist,Clear,Daylight,Dry,Stop Sign/flasher,Urbana,2017,0,1,4437,-88.2214000004674,40.1058999990914
B-Injury,Pedalcyclist,Clear,Daylight,Dry,No Controls,Champaign,2017,0,1,4441,-88.2414771220259,40.0998459465218
B-Injury,Pedalcyclist,Rain,Darkness,Wet,Stop Sign/flasher,Champaign,2017,0,1,4442,-88.2385299496538,40.0945286741132
B-Injury,Pedalcyclist,Clear,Daylight,Dry,No Controls,Champaign,2011,0,1,2757,-88.2724851646816,40.1201713224778
B-Injury,Pedalcyclist,Clear,Daylight,Dry,Unknown,Urbana,2007,0,1,2991,-88.2158099179254,40.1141211860494
B-Injury,Pedalcyclist,Clear,Daylight,Dry,No Controls,Fisher,2008,0,1,3067,-88.3467987348582,40.3228373637862
B-Injury,Pedalcyclist,Clear,Daylight,Dry,Traffic Signal,Champaign,2013,0,1,2616,-88.2436799727255,40.1326005692279
Fatal,Pedalcyclist,Clear,Darkness,Dry,No Controls,Unincorporated,2005,1,1,2858,-88.1826239323491,40.2220267412715
B-Injury,Pedalcyclist,Clear,Darkness,Dry,Traffic Signal,Champaign,2006,0,1,2955,-88.2468471003272,40.1163430845293
B-Injury,Pedalcyclist,Rain,Darkness,Wet,No Controls,Urbana,2009,0,1,3105,-88.2193009113786,40.109090166393
C-Injury,Pedalcyclist,Clear,"Darkness, Lighted Road",Dry,Traffic Signal,Unincorporated,2015,0,1,3205,-88.3145268231587,40.1132450885206
Fatal,Pedalcyclist,Clear,Darkness,Dry,No Controls,Unincorporated,2005,1,1,3287,-88.1826239323491,40.2220267412715
Fatal,Pedalcyclist,Clear,Daylight,Dry,Lane Use Marking,Unincorporated,2006,1,0,3299,-88.1620729026061,40.0798615792923
Fatal,Pedalcyclist,Clear,Darkness,Dry,Lane Use Marking,Urbana,2009,1,0,3351,-88.2210743189357,40.1105456634408
Fatal,Pedalcyclist,Clear,Daylight,Dry,No Controls,Unincorporated,2011,1,1,3377,-88.3698391356001,40.1477644951671
Fatal,Pedalcyclist,Clear,Darkness,Dry,Stop Sign/flasher,Champaign,2011,1,0,3381,-88.2389207435103,40.1352585336411
Fatal,Pedalcyclist,Clear,"Darkness, Lighted Road",Dry,No Controls,Champaign,2012,1,0,3398,-88.2828291545506,40.1128159897989
B-Injury,Pedalcyclist,Clear,Daylight,Dry,Unknown,Champaign,2007,0,1,2984,-88.2387083485979,40.1102309748258
B-Injury,Pedalcyclist,Clear,Daylight,Dry,Stop Sign/flasher,Champaign,2010,0,1,2832,-88.2375703811274,40.1040897189691
C-Injury,Pedalcyclist,Clear,Daylight,Dry,No Controls,Mahomet,2009,0,1,3114,-88.3891365739632,40.1925759639537
B-Injury,Pedalcyclist,Clear,Daylight,Dry,Stop Sign/flasher,Urbana,2015,0,1,3165,-88.2088686406063,40.1092203389082
B-Injury,Pedalcyclist,Clear,Dusk,Dry,Stop Sign/flasher,Urbana,2011,0,1,2751,-88.2193607883053,40.1145093416236
C-Injury,Pedalcyclist,Rain,Daylight,Dry,Yield,Champaign,2005,0,1,2873,-88.2451986294542,40.1221300210182
Fatal,Pedestrian,Cloudy/overcast,"Darkness, Lighted Road",Dry,Traffic Signal,Urbana,2016,1,0,3983,-88.2073256276964,40.1163970594705
Fatal,Turning,Clear,Daylight,Dry,Traffic Signal,Champaign,2016,1,1,4005,-88.2388200020428,40.1272299976793
Fatal,Rear End,Clear,Daylight,Dry,Lane Use Marking,Urbana,2016,1,1,4037,-88.1631866185844,40.1202474189004
Fatal,Fixed Object,Cloudy/overcast,Darkness,Dry,Lane Use Marking,Unincorporated,2016,1,0,4043,-87.985074909203,40.0760051902479
Fatal,Fixed Object,Clear,Darkness,Dry,Lane Use Marking,Unincorporated,2016,1,0,4044,-87.9575887948365,39.9705920241908
Fatal,Pedestrian,Clear,"Darkness, Lighted Road",Dry,Lane Use Marking,St. Joseph,2016,1,0,4055,-88.0404600025063,40.1131599979591
Fatal,Overturned,Clear,Daylight,Dry,Lane Use Marking,Unincorporated,2016,1,1,4059,-87.9752691592768,40.1197406652534
Fatal,Rear End,Clear,Darkness,Dry,Lane Use Marking,St. Joseph,2016,1,1,4061,-88.0189810260455,40.1200899573769
Fatal,Fixed Object,Clear,Darkness,Dry,No Controls,Unincorporated,2016,1,2,4062,-88.1777992751756,39.981771477543
Fatal,Overturned,Clear,"Darkness, Lighted Road",Dry,Lane Use Marking,Mahomet,2016,1,0,4072,-88.3942594946906,40.2068943969808
Fatal,Pedestrian,Rain,Daylight,Wet,Lane Use Marking,Mahomet,2016,1,0,4077,-88.3959800014458,40.1905199979813
Fatal,Fixed Object,Clear,Darkness,Dry,Other,Unincorporated,2016,1,0,4094,-87.9553245852797,40.2253381312605
Fatal,Overturned,Clear,Daylight,Dry,Lane Use Marking,Unincorporated,2016,1,0,4115,-88.3090463713513,40.1675592728565
Fatal,Angle,Clear,Dawn,Dry,No Controls,Unincorporated,2016,1,1,4124,-88.4066900021481,40.0111199978943
Fatal,Angle,Clear,Daylight,Dry,No Controls,Unincorporated,2016,1,2,4131,-88.3319302592149,40.0110899980318
Fatal,Angle,Clear,Daylight,Dry,Stop Sign/flasher,Unincorporated,2016,1,3,4132,-88.3696707983077,40.1276199973367
Fatal,Pedestrian,Clear,"Darkness, Lighted Road",Dry,Lane Use Marking,Champaign,2016,1,0,4145,-88.2603228562209,40.1272000389334
Fatal,Angle,Clear,Daylight,Dry,Stop Sign/flasher,Champaign,2016,1,0,4173,-88.2468305465304,40.1144199944908
Fatal,Rear End,Fog/smoke/haze,Darkness,Wet,Lane Use Marking,Unincorporated,2016,1,1,4186,-88.2670699786282,40.1606555140601
Fatal,Head On,Clear,Darkness,Dry,Lane Use Marking,Unincorporated,2016,2,0,4190,-88.2659514124905,39.9627011816725
Fatal,Angle,Clear,Dusk,Dry,Stop Sign/flasher,Champaign,2016,1,1,4197,-88.2501607910205,40.1271899973131
Fatal,Head On,Clear,"Darkness, Lighted Road",Dry,Lane Use Marking,Urbana,2017,1,1,4218,-88.2230085268287,40.1350883375178
Fatal,Rear End,Cloudy/overcast,Dusk,Ice,Lane Use Marking,Rantoul,2017,1,1,4219,-88.1841448979837,40.3083258497697
Fatal,Other Object,Clear,"Darkness, Lighted Road",Dry,Traffic Signal,Urbana,2017,1,0,4220,-88.2090200022449,40.1165099978658
Fatal,Overturned,Clear,Daylight,Dry,No Controls,Unincorporated,2017,1,1,4263,-88.2378125985048,40.3407579259902
Fatal,Fixed Object,Clear,Daylight,Dry,Lane Use Marking,Unincorporated,2017,1,1,4269,-87.9390345188581,39.9086632401872
Fatal,Rear End,Clear,Daylight,Dry,Lane Use Marking,Champaign,2017,1,2,4281,-88.2849035942587,40.1454131984637
Fatal,Fixed Object,Clear,Darkness,Dry,Lane Use Marking,Broadlands,2017,1,0,4356,-88.0027593240457,39.9082499988168
Fatal,Fixed Object,Clear,Darkness,Dry,Lane Use Marking,Unincorporated,2017,1,0,4365,-88.2257789513649,40.0105625857487
Fatal,Head On,Snow,Dusk,Ice,Lane Use Marking,Unincorporated,2017,1,3,4375,-88.3036878212881,39.9756712548118
Fatal,Fixed Object,Clear,Daylight,Dry,Lane Use Marking,Unincorporated,2017,1,1,4393,-88.3330237845423,40.1204000067144
Fatal,Fixed Object,Clear,Daylight,Dry,Lane Use Marking,Unincorporated,2017,2,1,4396,-88.1610776842222,39.9416493895405
Fatal,Pedestrian,Clear,"Darkness, Lighted Road",Dry,Lane Use Marking,Champaign,2017,1,0,4431,-88.2603936658455,40.127201050911
Fatal,Fixed Object,Clear,Dusk,Dry,Other Warning Sign,Unincorporated,2003,1,0,3209,-87.9567541231314,39.9085415813712
Fatal,Pedestrian,Clear,"Darkness, Lighted Road",Dry,Traffic Signal,Champaign,2003,1,0,3210,-88.2446384669096,40.0980915312516
Fatal,Angle,Snow,Darkness,Snow Or Slush,No Controls,Unincorporated,2003,1,2,3211,-87.958508078575,40.0798187773275
Fatal,Angle,Severe Cross Wind,Daylight,Snow Or Slush,Lane Use Marking,Unincorporated,2003,1,1,3212,-88.1611787393342,39.9515071205069
Fatal,Pedestrian,Clear,Darkness,Dry,No Controls,Unincorporated,2003,1,1,3213,-88.1843627639032,40.1528232072532
Fatal,Head On,Clear,Daylight,Dry,Lane Use Marking,St. Joseph,2003,1,3,3214,-88.0246888909703,40.1202181038844
Fatal,Overturned,Clear,Daylight,Dry,Lane Use Marking,Unincorporated,2003,1,2,3215,-88.2979909676911,39.9193674528747
Fatal,Head On,Clear,Dawn,Dry,Lane Use Marking,Unincorporated,2003,1,1,3216,-88.0281470761307,40.3127851493218
Fatal,Pedestrian,Clear,Darkness,Dry,No Controls,Champaign,2003,1,0,3217,-88.2885369174994,40.1129521835239
Fatal,Rear End,Clear,Darkness,Dry,Lane Use Marking,Mahomet,2003,1,0,3218,-88.367547450232,40.1880463690074
Fatal,Head On,Clear,Daylight,Dry,Other Warning Sign,Unincorporated,2003,1,1,3219,-88.0104332293484,40.1115288772904
Fatal,Fixed Object,Unknown,Darkness,Unknown,No Controls,Unincorporated,2003,1,0,3220,-87.9582800607411,40.0605654749689
Fatal,Angle,Clear,Daylight,Dry,Stop Sign/flasher,Unincorporated,2003,2,2,3221,-88.288965715176,40.3112248396648
Fatal,Fixed Object,Clear,"Darkness, Lighted Road",Dry,Lane Use Marking,Champaign,2002,1,0,3222,-88.260127676361,40.1352609984782
Fatal,Angle,Clear,Daylight,Dry,Stop Sign/flasher,Urbana,2002,1,3,3223,-88.1621494561884,40.0839948488388
Fatal,Rear End,Rain,Daylight,Wet,No Controls,Champaign,2002,1,2,3224,-88.2718667765039,40.1379165020626
Fatal,Angle,Clear,Daylight,Dry,Stop Sign/flasher,Unincorporated,2002,1,1,3225,-88.3332847957248,40.1133087720451
Fatal,Fixed Object,Clear,Daylight,Dry,No Controls,Unincorporated,2002,1,2,3226,-88.3036425777428,39.9893330498423
Fatal,Angle,Clear,Daylight,Snow Or Slush,Lane Use Marking,Unincorporated,2002,1,0,3227,-88.1355034700915,40.3655665983302
Fatal,Angle,Other,Daylight,Snow Or Slush,Lane Use Marking,Unincorporated,2002,1,2,3228,-88.1614362073395,40.014622747992
Fatal,Angle,Clear,Daylight,Dry,Lane Use Marking,Unincorporated,2002,1,1,3229,-88.3332847957248,40.1133087720451
Fatal,Angle,Fog/smoke/haze,Darkness,Dry,Stop Sign/flasher,Unincorporated,2002,1,4,3230,-87.9483173778569,40.3132710971307
Fatal,Turning,Clear,Daylight,Dry,Traffic Signal,Champaign,2002,1,0,3231,-88.2860458398548,40.1129354097116
Fatal,Angle,Clear,Darkness,Dry,Stop Sign/flasher,Unincorporated,2002,1,2,3232,-88.048052519096,40.1862384115146
Fatal,Pedestrian,Clear,Darkness,Dry,Lane Use Marking,Unincorporated,2001,1,0,3233,-88.1009506161777,40.3123608627256
Fatal,Head On,Clear,Daylight,Dry,Lane Use Marking,Unincorporated,2001,1,1,3234,-88.2928479781373,39.8800977687605
Fatal,Turning,Rain,"Darkness, Lighted Road",Wet,Traffic Signal,Rantoul,2001,1,0,3235,-88.1997377235443,40.311508996801
Fatal,Overturned,Snow,Darkness,Wet,No Controls,Unincorporated,2001,1,0,3236,-88.1819670176422,40.170976829818
Fatal,Fixed Object,Clear,"Darkness, Lighted Road",Dry,Traffic Signal,Champaign,2001,1,1,3237,-88.246877418792,40.0835447688794
Fatal,Angle,Clear,Daylight,Dry,Stop Sign/flasher,Unincorporated,2001,4,3,3238,-87.9483173778569,40.3132710971307
Fatal,Head On,Clear,Daylight,Dry,No Controls,Unincorporated,2001,1,1,3239,-88.2681235016118,39.948728984967
Fatal,Head On,Rain,Darkness,Snow Or Slush,No Passing,Unincorporated,2001,1,5,3240,-88.3850424515154,40.2802339538957
Fatal,Overturned,Clear,Darkness,Dry,Lane Use Marking,Unincorporated,2001,1,0,3241,-88.3863245109616,40.2792056421754
Fatal,Angle,Clear,Darkness,Dry,Stop Sign/flasher,Champaign,2001,1,0,3242,-88.3145129624667,40.1132597945671
Fatal,Head On,Snow,Dawn,Snow Or Slush,Lane Use Marking,Unincorporated,2001,1,1,3243,-88.1023501980961,40.1206925402557
Fatal,Rear End,Clear,Daylight,Dry,Lane Use Marking,Champaign,2001,1,0,3244,-88.2997233510387,40.1322360383039
Fatal,Rear End,Clear,Daylight,Dry,Lane Use Marking,St. Joseph,2001,1,1,3245,-88.0506851617886,40.1204221131337
Fatal,Fixed Object,Clear,Daylight,Dry,No Controls,Unincorporated,2001,1,1,3246,-88.1837997445982,40.2934978497844
Fatal,Rear End,Clear,Daylight,Dry,No Controls,St. Joseph,2001,1,7,3247,-88.046964116245,40.1203929711553
Fatal,Fixed Object,Clear,"Darkness, Lighted Road",Dry,Lane Use Marking,Champaign,2001,1,0,3248,-88.2772631125603,40.140903354082
Fatal,Head On,Clear,Daylight,Dry,Lane Use Marking,Unincorporated,2001,2,1,3249,-88.2130396707403,40.2131511370123
Fatal,Rear End,Clear,"Darkness, Lighted Road",Dry,Lane Use Marking,Champaign,2000,1,3,3250,-88.2406955356535,40.1348235096931
Fatal,Fixed Object,Snow,Daylight,Ice,No Controls,Unincorporated,2000,1,0,3251,-88.2358207968833,40.1906269611078
Fatal,Head On,Clear,Daylight,Dry,No Controls,Unincorporated,2000,1,1,3252,-88.3939561925929,40.2452170864314
Fatal,Angle,Clear,Darkness,Dry,Lane Use Marking,Unincorporated,2000,1,7,3253,-88.303488221999,40.0353141056609
Fatal,Angle,Clear,Daylight,Dry,Stop Sign/flasher,Unincorporated,2000,1,2,3254,-88.4265190137861,40.1106163446657
Fatal,Overturned,Rain,Darkness,Wet,No Controls,Unincorporated,2000,1,0,3255,-88.303322441748,39.9574585225382
Fatal,Fixed Object,Clear,Darkness,Dry,No Controls,Unincorporated,2000,1,0,3256,-87.9945990452404,40.1199639648495
Fatal,Fixed Object,Clear,Daylight,Dry,No Controls,Unincorporated,2000,2,2,3257,-88.3035002968761,39.9748446594084
Fatal,Turning,Clear,Daylight,Dry,Traffic Signal,Champaign,2000,1,0,3258,-88.2434791400742,40.1101911947013
Fatal,Fixed Object,Clear,Daylight,Snow Or Slush,No Controls,St. Joseph,1999,1,1,3259,-88.0613458618196,40.113374695899
Fatal,Overturned,Clear,Daylight,Dry,No Controls,Champaign,1999,2,3,3260,-88.285293564362,40.1448668264268
Fatal,Angle,Clear,Darkness,Ice,Lane Use Marking,Champaign,1999,1,0,3261,-88.2708052904112,40.1575636451472
Fatal,Angle,Unknown,Darkness,Dry,Stop Sign/flasher,Unincorporated,1999,1,5,3262,-88.288965715176,40.3112248396648
Fatal,Overturned,Clear,"Darkness, Lighted Road",Dry,No Controls,Champaign,1999,1,0,3264,-88.2768090878502,40.1392671663138
Fatal,Turning,Clear,Daylight,Dry,Stop Sign/flasher,Unincorporated,1999,1,3,3265,-88.3065265325992,40.0254024320214
Fatal,Angle,Rain,Darkness,Wet,No Controls,Unincorporated,1999,1,0,3266,-88.108548795214,40.1206447353918
Fatal,Fixed Object,Clear,Daylight,Dry,Lane Use Marking,Urbana,1999,1,0,3267,-88.1797970228809,40.1246376280628
Fatal,Overturned,Rain,Daylight,Wet,Lane Use Marking,Unincorporated,2004,1,0,3268,-88.1000131060092,40.3123708473885
Fatal,Angle,Clear,Daylight,Dry,Lane Use Marking,Unincorporated,2004,1,1,3269,-88.3149345750782,40.1605537267694
Fatal,Head On,Clear,Darkness,Dry,Lane Use Marking,Champaign,2004,1,1,3270,-88.2848851560778,40.1172021002355
Fatal,Head On,Clear,Darkness,Dry,Lane Use Marking,Unincorporated,2004,1,5,3271,-88.3031137085639,39.9386227979012