crash_severity,collision_type,weather,light,road_surface,traffic_control,city,year,fatality,injury,id,x,y
Fatal,Fixed Object,Clear,Darkness,Dry,Lane Use Marking,Unincorporated,2004,1,0,3272,-88.2049754379672,40.2214093324064
Fatal,Fixed Object,Clear,Darkness,Dry,Unknown,Unincorporated,2004,1,0,3273,-88.0723077621375,40.1205834425797
Fatal,Fixed Object,Clear,Daylight,Dry,Lane Use Marking,St. Joseph,2004,2,1,3274,-88.0168214512372,40.1201574889548
Fatal,Fixed Object,Clear,Daylight,Dry,Lane Use Marking,Unincorporated,2004,1,0,3275,-87.9989302817855,40.1200125566093
Fatal,Fixed Object,Clear,Darkness,Dry,Lane Use Marking,Unincorporated,2005,3,4,3276,-88.3033901037129,39.9644605361929
Fatal,Angle,Clear,Daylight,Dry,Stop Sign/flasher,Unincorporated,2005,1,1,3277,-88.1049317143974,40.186112330209
Fatal,Fixed Object,Clear,Daylight,Dry,Lane Use Marking,Unincorporated,2005,1,0,3278,-88.3740058144752,40.1901575556219
Fatal,Fixed Object,Clear,Darkness,Dry,No Controls,Unincorporated,2005,1,0,3279,-88.1117172005801,40.3122355782706
Fatal,Pedestrian,Clear,Daylight,Dry,Lane Use Marking,Champaign,2005,1,0,3280,-88.2469286585144,40.1347510603195
Fatal,Turning,Clear,Daylight,Dry,Traffic Signal,Urbana,2005,1,3,3281,-88.2193906464908,40.1201060447035
Fatal,Head On,Clear,Daylight,Dry,Lane Use Marking,Unincorporated,2005,2,0,3282,-88.3036927269259,39.9949296145751
Fatal,Angle,Clear,Daylight,Dry,Stop Sign/flasher,Unincorporated,2005,1,1,3283,-88.1605867862211,39.90906420339
Fatal,Head On,Clear,Daylight,Dry,No Controls,Unincorporated,2005,1,1,3284,-88.4486810680535,40.2004298926502
Fatal,Turning,Clear,Daylight,Dry,No Controls,Rantoul,2005,1,0,3285,-88.1466543327464,40.3083757380804
Fatal,Angle,Rain,Daylight,Wet,Stop Sign/flasher,Unincorporated,2005,1,1,3286,-88.4264722509124,40.098611864833
Fatal,Pedestrian,Clear,Daylight,Dry,Stop Sign/flasher,Champaign,2005,1,0,3288,-88.2303310649335,40.106869885038
Fatal,Angle,Clear,Dusk,Dry,Stop Sign/flasher,Champaign,2005,1,0,3289,-88.2625181932978,40.1127038052891
Fatal,Pedestrian,Clear,Daylight,Dry,No Controls,Champaign,2005,1,0,3290,-88.2734324870798,40.1050861082534
Fatal,Pedestrian,Clear,Daylight,Dry,Stop Sign/flasher,Mahomet,2006,1,0,3291,-88.4103563600608,40.2002228372178
Fatal,Fixed Object,Clear,Daylight,Dry,No Controls,Unincorporated,2006,1,0,3292,-88.4330801339645,40.3579131700999
Fatal,Angle,Clear,Daylight,Dry,Stop Sign/flasher,Unincorporated,2006,1,1,3293,-88.2395977903905,40.1709884844247
Fatal,Fixed Object,Clear,Daylight,Other,No Controls,Unincorporated,2006,1,0,3294,-88.1247561640692,40.1344968877369
Fatal,Fixed Object,Clear,Darkness,Dry,No Controls,Unincorporated,2006,1,1,3295,-88.3201953376226,39.9672879198335
Fatal,Angle,Rain,Daylight,Wet,Stop Sign/flasher,Unincorporated,2006,1,1,3296,-88.3693302420828,40.0842094755105
Fatal,Train,Clear,Darkness,Dry,Rr Crossing Gate,Unincorporated,2006,1,0,3297,-88.2103318393149,40.1892473021539
Fatal,Overturned,Clear,Darkness,Dry,Lane Use Marking,Unincorporated,2006,1,0,3298,-88.3040288996513,40.020476889299
Fatal,Angle,Clear,Daylight,Dry,Stop Sign/flasher,Unincorporated,2006,1,4,3300,-88.1612416876183,39.9818818221079
Fatal,Angle,Rain,"Darkness, Lighted Road",Wet,Stop Sign/flasher,Champaign,2006,1,0,3301,-88.2392964941077,40.1566995768344
Fatal,Sideswipe Same Direction,Clear,"Darkness, Lighted Road",Dry,Lane Use Marking,Champaign,2006,1,0,3302,-88.2835379793163,40.1457696666581
Fatal,Fixed Object,Clear,"Darkness, Lighted Road",Dry,Traffic Signal,Champaign,2006,1,0,3303,-88.2304267377958,40.1097673365476
Fatal,Overturned,Clear,"Darkness, Lighted Road",Dry,No Controls,Champaign,2006,1,0,3304,-88.2289346313351,40.1118152992648
Fatal,Pedestrian,Clear,Darkness,Dry,No Controls,Urbana,2006,1,0,3305,-88.1844244035989,40.1420286026266
Fatal,Angle,Clear,"Darkness, Lighted Road",Dry,No Controls,Champaign,2006,1,0,3306,-88.2411305659329,40.112622463461
Fatal,Overturned,Snow,Darkness,Snow Or Slush,Lane Use Marking,Unincorporated,2007,1,3,3307,-88.3036496757465,40.0349678998424
Fatal,Fixed Object,Unknown,Unknown,Unknown,No Controls,Unincorporated,2007,1,0,3308,-88.2978825961346,40.3549873687738
Fatal,Fixed Object,Clear,Darkness,Dry,Lane Use Marking,Unincorporated,2007,1,0,3309,-88.059829757714,40.1204041527727
Fatal,Turning,Clear,Daylight,Dry,Stop Sign/flasher,Unincorporated,2007,2,0,3310,-88.3147901420116,40.1421110774116
Fatal,Rear End,Fog/smoke/haze,Daylight,Wet,No Passing,Unincorporated,2007,1,3,3311,-88.303916038159,40.0253803338546
Fatal,Head On,Clear,Daylight,Dry,Lane Use Marking,Unincorporated,2007,1,1,3312,-88.3863503006412,40.2791850903958
Fatal,Head On,Clear,Daylight,Dry,Lane Use Marking,Unincorporated,2007,1,0,3313,-88.1032114550165,40.1205980446527
Fatal,Head On,Clear,Daylight,Dry,Other Warning Sign,Unincorporated,2007,1,1,3314,-87.9939493791767,40.1918955186906
Fatal,Overturned,Clear,Daylight,Dry,Lane Use Marking,Champaign,2007,1,0,3315,-88.2856511740134,40.1475647476702
Fatal,Other Non Collision,Clear,Darkness,Dry,No Controls,Champaign,2007,1,0,3316,-88.281414045586,40.0837723011882
Fatal,Unknown,Clear,Daylight,Dry,Other Warning Sign,Champaign,2007,1,0,3317,-88.2681800363888,40.1273093621829
Fatal,Unknown,Clear,Daylight,Dry,Stop Sign/flasher,Champaign,2007,1,0,3318,-88.2468881776619,40.1254795260126
Fatal,Unknown,Clear,Darkness,Dry,Lane Use Marking,Ludlow,2007,1,0,3319,-88.1211252917639,40.3968600166722
Fatal,Fixed Object,Clear,Daylight,Dry,Lane Use Marking,Rantoul,2007,1,2,3320,-88.1842591240664,40.3089050936983
Fatal,Other Object,Clear,"Darkness, Lighted Road",Dry,Other Warning Sign,Savoy,2007,1,0,3321,-88.2472491452741,40.081239224819
Fatal,Rear End,Snow,Daylight,Snow Or Slush,Lane Use Marking,Urbana,2007,1,1,3323,-88.2315429582885,40.1348546354578
Fatal,Unknown,Clear,"Darkness, Lighted Road",Dry,No Controls,Urbana,2007,1,0,3324,-88.2119563271168,40.0982689784893
Fatal,Angle,Clear,"Darkness, Lighted Road",Dry,Stop Sign/flasher,Champaign,2008,1,1,3325,-88.2578012013808,40.1116991143312
Fatal,Fixed Object,Clear,Daylight,Ice,No Controls,Unincorporated,2008,1,1,3326,-87.9946018834075,39.973815729636
Fatal,Head On,Clear,Daylight,Dry,Lane Use Marking,Unincorporated,2008,1,0,3327,-88.3941063609208,40.2626426760878
Fatal,Head On,Fog/smoke/haze,Daylight,Wet,No Controls,Unincorporated,2008,1,1,3328,-88.2803206764398,40.0250275728509
Fatal,Head On,Clear,Daylight,Dry,Lane Use Marking,Ogden,2008,2,1,3329,-87.9633901331956,40.1118439683916
Fatal,Fixed Object,Clear,Darkness,Wet,No Controls,Champaign,2008,1,2,3330,-88.2565935876816,40.1144001151359
Fatal,Pedestrian,Clear,Darkness,Dry,No Controls,Unincorporated,2008,1,0,3331,-88.1623897304649,40.0958474994821
Fatal,Overturned,Clear,Darkness,Dry,No Controls,Unincorporated,2008,1,0,3332,-88.3323870940898,40.2818165027469
Fatal,Overturned,Clear,Darkness,Dry,No Controls,Unincorporated,2008,1,1,3333,-88.0595188322755,40.297920237946
Fatal,Fixed Object,Clear,Darkness,Dry,No Controls,Unincorporated,2008,1,0,3335,-88.2125620851726,40.2312840873341
Fatal,Fixed Object,Clear,Daylight,Dry,Lane Use Marking,Unincorporated,2008,1,0,3336,-88.1378461863125,40.3817150938412
Fatal,Rear End,Rain,Darkness,Wet,Lane Use Marking,Unincorporated,2008,2,1,3337,-88.0047775228234,39.9085297678984
Fatal,Rear End,Clear,Daylight,Dry,Lane Use Marking,Unincorporated,2008,1,2,3338,-88.0590850001116,40.1203998790288
Fatal,Turning,Clear,Daylight,Dry,No Controls,Savoy,2008,1,1,3339,-88.2520190247593,40.0506601963738
Fatal,Head On,Snow,Daylight,Ice,No Controls,Champaign,2008,1,0,3340,-88.2632876394472,40.1344854493959
Fatal,Other Non Collision,Clear,Darkness,Dry,No Controls,Urbana,2008,1,0,3341,-88.1974197427429,40.1301606126992
Fatal,Fixed Object,Clear,Darkness,Dry,Stop Sign/flasher,Unincorporated,2008,2,0,3342,-88.365320470954,40.2076887621417
Fatal,Rear End,Clear,Darkness,Dry,Lane Use Marking,Unincorporated,2008,1,1,3343,-88.2950344328591,40.1361949186743
Fatal,Head On,Clear,Daylight,Wet,Lane Use Marking,Urbana,2008,1,3,3344,-88.2235899082029,40.1349357289984
Fatal,Pedestrian,Clear,Daylight,Dry,Traffic Signal,Urbana,2009,1,0,3345,-88.2144300051288,40.116460255706
Fatal,Fixed Object,Clear,Darkness,Dry,No Controls,Unincorporated,2009,1,0,3346,-88.1406862556229,40.0257685422685
Fatal,Head On,Rain,Dawn,Wet,No Controls,Unincorporated,2009,2,0,3347,-88.3001765936056,40.1130918975086
Fatal,Angle,Clear,Daylight,Dry,Stop Sign/flasher,Unincorporated,2009,1,2,3348,-88.2395509403479,40.1708902804434
Fatal,Turning,Clear,Darkness,Dry,Lane Use Marking,Unincorporated,2009,1,3,3349,-88.4602602405763,40.3110003518605
Fatal,Pedestrian,Clear,Darkness,Dry,No Controls,Unincorporated,2009,1,0,3350,-88.365320145246,40.1980559161844
Fatal,Fixed Object,Clear,Daylight,Dry,Lane Use Marking,Unincorporated,2009,1,1,3352,-88.1609781978669,39.9323732829678
Fatal,Pedestrian,Clear,"Darkness, Lighted Road",Dry,Lane Use Marking,Urbana,2009,1,0,3353,-88.2238760648363,40.1350574396831
Fatal,Rear End,Clear,"Darkness, Lighted Road",Dry,Lane Use Marking,Urbana,2009,1,4,3354,-88.2284440549206,40.1350141549273
Fatal,Rear End,Clear,Dusk,Dry,Lane Use Marking,Unincorporated,2009,1,0,3355,-88.1348851840242,40.120571300834
Fatal,Train,Clear,"Darkness, Lighted Road",Dry,Rr Crossing Gate,Champaign,2010,1,0,3356,-88.2363035683518,40.1272713448812
Fatal,Overturned,Other,Darkness,Wet,No Controls,Unincorporated,2010,1,0,3357,-88.4581945387514,40.0254977663486
Fatal,Overturned,Other,Dawn,Ice,No Controls,Unincorporated,2010,1,0,3358,-87.9877045997276,40.3179159050398
Fatal,Pedestrian,Fog/smoke/haze,"Darkness, Lighted Road",Wet,Other,Champaign,2010,1,0,3359,-88.250842915163,40.0981083157634
Fatal,Fixed Object,Sleet/hail,Daylight,Ice,No Controls,Unincorporated,2010,1,0,3360,-88.2579894478663,39.9371285693795
Fatal,Head On,Snow,Darkness,Snow Or Slush,Lane Use Marking,Unincorporated,2010,1,1,3361,-88.3365651548348,40.1776660979444
Fatal,Overturned,Clear,Daylight,Dry,Police/flagman,Unincorporated,2010,1,0,3362,-88.3192645130075,40.1132734184281
Fatal,Angle,Clear,Darkness,Dry,Stop Sign/flasher,Champaign,2010,1,1,3363,-88.2500451592103,40.1126086503671
Fatal,Overturned,Clear,Daylight,Dry,Other Regualtory Sign,Unincorporated,2010,1,0,3364,-88.1650118180389,40.3417731675872
Fatal,Pedestrian,Clear,Dusk,Dry,No Controls,Urbana,2010,1,0,3365,-88.2094619046982,40.1124233766336
Fatal,Angle,Clear,Daylight,Dry,No Controls,Unincorporated,2010,1,4,3366,-88.0783688932518,40.2542001362803
Fatal,Turning,Clear,Daylight,Dry,Stop Sign/flasher,Unincorporated,2010,1,2,3367,-88.2366706124252,39.9082888697601
Fatal,Fixed Object,Fog/smoke/haze,Dawn,Dry,Lane Use Marking,Unincorporated,2010,1,0,3368,-88.0068507773878,40.3129055262568
Fatal,Pedestrian,Clear,"Darkness, Lighted Road",Dry,Lane Use Marking,Champaign,2010,1,0,3369,-88.2724932444136,40.112801800305
Fatal,Rear End,Clear,Daylight,Dry,Lane Use Marking,Unincorporated,2010,1,1,3371,-87.9680939843835,40.1197601812043
Fatal,Sideswipe Opposite Direction,Clear,Darkness,Dry,Lane Use Marking,Unincorporated,2010,1,0,3372,-88.3037737546197,40.0147122281601
Fatal,Fixed Object,Clear,Darkness,Dry,No Controls,Unincorporated,2010,1,1,3373,-88.1954654180506,39.9232503673594
Fatal,Overturned,Clear,Daylight,Ice,Other Regualtory Sign,Unincorporated,2010,1,0,3374,-88.2527281724005,40.2241233988679
Fatal,Fixed Object,Clear,Daylight,Dry,No Controls,Urbana,2011,1,0,3375,-88.1965598431168,40.1323992210714
Fatal,Fixed Object,Clear,Darkness,Dry,Other Warning Sign,Unincorporated,2011,1,0,3376,-88.0144146875112,40.0475321499989
Fatal,Head On,Clear,Daylight,Dry,Lane Use Marking,Champaign,2011,1,2,3378,-88.2802961093111,40.1429496663309
Fatal,Overturned,Clear,Daylight,Dry,No Controls,Champaign,2011,1,0,3379,-88.236922479676,40.1163480594709
Fatal,Fixed Object,Fog/smoke/haze,Dawn,Dry,No Controls,Unincorporated,2011,1,0,3380,-88.1616244354724,40.0255392286266
Fatal,Fixed Object,Clear,Daylight,Dry,No Controls,Unincorporated,2011,1,0,3382,-88.1808292640534,40.0546983648022
Fatal,Fixed Object,Rain,Darkness,Wet,No Controls,Unincorporated,2011,1,0,3383,-88.2940768815929,39.9870067779609
Fatal,Pedestrian,Clear,Darkness,Ice,No Controls,Champaign,2011,1,0,3384,-88.2952108503235,40.0927475956363
Fatal,Pedestrian,Rain,Darkness,Wet,Traffic Signal,Urbana,2011,1,0,3385,-88.2128199747718,40.116488673335
Fatal,Pedestrian,Rain,"Darkness, Lighted Road",Wet,Traffic Signal,Rantoul,2011,1,0,3386,-88.155799676328,40.3081906655675
Fatal,Head On,Clear,Dawn,Dry,Lane Use Marking,Unincorporated,2012,1,1,3387,-88.441695917351,40.3109500013532
Fatal,Fixed Object,Clear,Daylight,Dry,Lane Use Marking,Mahomet,2012,1,0,3388,-88.3697148353953,40.1888810185311
Fatal,Rear End,Clear,Daylight,Dry,Lane Use Marking,Unincorporated,2012,1,1,3389,-88.1447284804362,40.3684452009439
Fatal,Pedestrian,Clear,"Darkness, Lighted Road",Dry,Lane Use Marking,Urbana,2012,1,0,3390,-88.2095405767871,40.1165100007473
Fatal,Parked Motor Vehicle,Clear,Daylight,Dry,Lane Use Marking,Unincorporated,2012,1,1,3391,-88.2111697694023,40.1892485072642
Fatal,Angle,Fog/smoke/haze,Daylight,Dry,Stop Sign/flasher,Unincorporated,2012,1,1,3392,-87.9585200007596,40.0762199988664
Fatal,Fixed Object,Rain,Darkness,Wet,No Controls,Unincorporated,2012,1,0,3393,-88.1079116751127,40.0257590678918
Fatal,Fixed Object,Clear,Darkness,Dry,No Controls,Unincorporated,2012,1,2,3394,-88.3727760033504,40.2069547486483
Fatal,Fixed Object,Clear,Darkness,Dry,No Controls,Unincorporated,2012,1,0,3395,-87.9769630967462,40.0424647464524
Fatal,Fixed Object,Clear,Darkness,Dry,Lane Use Marking,Champaign,2012,1,0,3396,-88.3041080279814,40.1278615334893
Fatal,Overturned,Clear,Darkness,Dry,Other Warning Sign,Unincorporated,2012,1,0,3397,-88.0618105912465,40.0537120652275
Fatal,Angle,Clear,Daylight,Dry,Stop Sign/flasher,Unincorporated,2013,1,2,3399,-88.4260800010065,40.0551199992842
Fatal,Overturned,Clear,Darkness,Dry,Lane Use Marking,Unincorporated,2013,1,0,3400,-88.3220648804484,40.1728676865887
Fatal,Overturned,Clear,Daylight,Dry,Lane Use Marking,Unincorporated,2013,1,3,3401,-88.3040094893782,40.0077967808366
Fatal,Fixed Object,Snow,Daylight,Wet,Lane Use Marking,Champaign,2013,1,1,3402,-88.286181365479,40.1451859091487
Fatal,Fixed Object,Clear,Darkness,Dry,Lane Use Marking,Unincorporated,2013,1,0,3403,-88.354803929699,40.1203830456773
Fatal,Turning,Clear,Daylight,Dry,Traffic Signal,Champaign,2013,1,3,3404,-88.3142900016643,40.0986899998656
Fatal,Head On,Snow,Daylight,Snow Or Slush,Lane Use Marking,Unincorporated,2013,2,1,3405,-88.2894898096776,40.2718119716865
Fatal,Fixed Object,Clear,Darkness,Dry,Lane Use Marking,Unincorporated,2013,1,0,3406,-88.3938643482837,40.2316256391515
Fatal,Angle,Clear,Daylight,Dry,No Controls,Unincorporated,2013,1,0,3407,-88.1038397470052,39.909129998654
Fatal,Head On,Clear,Daylight,Dry,Lane Use Marking,Unincorporated,2013,1,1,3408,-88.3147871037776,40.138477811644
Fatal,Head On,Clear,Daylight,Dry,Lane Use Marking,Unincorporated,2013,1,1,3409,-88.0125365425146,40.1120340666654
Fatal,Fixed Object,Rain,Daylight,Wet,Lane Use Marking,Unincorporated,2013,1,0,3410,-87.9956003051022,40.1865298609756
Fatal,Rear End,Clear,Daylight,Dry,Lane Use Marking,Urbana,2013,1,0,3411,-88.1767239364817,40.1225713424345
Fatal,Angle,Rain,Darkness,Wet,Stop Sign/flasher,Champaign,2013,1,0,3412,-88.2619706635368,40.1490691146614
Fatal,Overturned,Other,Darkness,Wet,No Controls,Unincorporated,2013,1,0,3413,-88.1421600279834,39.9675099992169
Fatal,Fixed Object,Clear,Darkness,Dry,No Controls,Unincorporated,2013,1,0,3414,-88.0448004531128,40.3564714993045
Fatal,Fixed Object,Clear,Daylight,Dry,Lane Use Marking,Urbana,2013,1,1,3415,-88.2192403247767,40.1059958491258
Fatal,Fixed Object,Clear,Darkness,Dry,Lane Use Marking,Unincorporated,2014,1,3,3416,-88.1970954047634,40.2384017603125
Fatal,Fixed Object,Clear,Darkness,Dry,No Controls,Unincorporated,2014,1,0,3417,-88.3336318781399,40.1423374816484
Fatal,Fixed Object,Clear,Daylight,Dry,No Controls,Unincorporated,2014,1,0,3418,-88.4457104253659,40.1238701049048
Fatal,Angle,Clear,Dusk,Dry,Lane Use Marking,Mahomet,2014,1,0,3419,-88.3950908196769,40.2035400616358
Fatal,Fixed Object,Rain,Daylight,Snow Or Slush,Other,Champaign,2014,1,1,3420,-88.2812687737281,40.1464295749911
Fatal,Train,Fog/smoke/haze,Darkness,Dry,Other Rr Crossing,Unincorporated,2014,1,0,3421,-88.2976809487692,40.1421300009174
Fatal,Angle,Clear,Daylight,Dry,Traffic Signal,Champaign,2014,1,1,3422,-88.2579800010524,40.132169999523
Fatal,Turning,Snow,Daylight,Snow Or Slush,Stop Sign/flasher,Champaign,2014,1,1,3423,-88.2485154920484,40.1491578518924
Fatal,Turning,Clear,"Darkness, Lighted Road",Dry,Traffic Signal,Urbana,2014,1,1,3424,-88.2193800014906,40.1164299993356
Fatal,Turning,Clear,Daylight,Dry,Traffic Signal,Urbana,2014,1,2,3425,-88.2128186771125,40.1164907568937
Fatal,Turning,Clear,"Darkness, Lighted Road",Dry,Traffic Signal,Rantoul,2014,1,0,3426,-88.19384000072,40.3098600020349
Fatal,Angle,Clear,Darkness,Dry,No Controls,Unincorporated,2014,1,1,3427,-88.2513209035743,40.2675599934557
Fatal,Fixed Object,Snow,Daylight,Snow Or Slush,Lane Use Marking,Unincorporated,2014,1,2,3428,-88.0810055449431,40.120578524359
Fatal,Head On,Clear,Daylight,Dry,Lane Use Marking,Unincorporated,2014,3,2,3429,-87.9585200007596,40.0762199988664
Fatal,Rear End,Clear,Darkness,Dry,Lane Use Marking,St. Joseph,2014,1,2,3430,-88.0438866499282,40.1202721146151
Fatal,Angle,Clear,Daylight,Dry,No Controls,Unincorporated,2015,2,2,3431,-88.425579537217,39.9513397823882
Fatal,Angle,Clear,Daylight,Dry,Stop Sign/flasher,Unincorporated,2015,1,1,3432,-88.2378615812193,40.0104703700231
Fatal,Fixed Object,Rain,Darkness,Wet,Lane Use Marking,Unincorporated,2015,1,8,3433,-88.3035969114629,39.9971274010249
Fatal,Pedestrian,Clear,Daylight,Dry,Stop Sign/flasher,Urbana,2015,1,0,3434,-88.209629129054,40.1055793070674
Fatal,Fixed Object,Severe Cross Wind,Daylight,Ice,No Controls,Unincorporated,2015,1,0,3435,-88.2102605562277,40.06911674587
Fatal,Pedestrian,Clear,Darkness,Dry,Lane Use Marking,Urbana,2015,1,0,3436,-88.1914035061912,40.140752684443
Fatal,Train,Clear,"Darkness, Lighted Road",Dry,Rr Crossing Gate,Champaign,2015,1,0,3437,-88.2360378449574,40.1272699157515
Fatal,Pedestrian,Clear,"Darkness, Lighted Road",Dry,Lane Use Marking,Champaign,2015,1,0,3438,-88.2421672760822,40.1272092263622
Fatal,Turning,Clear,Daylight,Dry,Traffic Signal,Champaign,2015,1,0,3439,-88.2436878297308,40.1370194801962
Fatal,Fixed Object,Clear,Daylight,Dry,No Controls,Champaign,2015,1,2,3440,-88.2713010236913,40.1304408878225
Fatal,Sideswipe Same Direction,Clear,Daylight,Dry,Lane Use Marking,Unincorporated,2015,1,3,3441,-88.1408637007907,40.3762433551037
Fatal,Head On,Clear,Darkness,Dry,Lane Use Marking,Unincorporated,2015,1,2,3442,-88.3848318601828,40.3294109118126
Fatal,Overturned,Clear,Daylight,Dry,Lane Use Marking,Unincorporated,2015,1,3,3443,-88.1836368855511,40.2935542643362
Fatal,Fixed Object,Clear,Darkness,Dry,Lane Use Marking,Unincorporated,2015,1,1,3444,-87.9489211616135,40.2914549890836
Fatal,Pedestrian,Fog/smoke/haze,"Darkness, Lighted Road",Wet,Other,Champaign,2010,1,0,3449,-88.250842915163,40.0981083157634
Fatal,Pedestrian,Clear,Dusk,Dry,No Controls,Urbana,2010,1,0,3461,-88.2094619046982,40.1124233766336
Fatal,Pedestrian,Clear,"Darkness, Lighted Road",Dry,Lane Use Marking,Champaign,2010,1,0,3465,-88.2724932444136,40.112801800305
Fatal,Pedestrian,Clear,Darkness,Ice,No Controls,Champaign,2011,1,0,3521,-88.2952108503235,40.0927475956363
Fatal,Pedestrian,Rain,Darkness,Wet,Traffic Signal,Urbana,2011,1,0,3522,-88.2128199747718,40.116488673335
Fatal,Pedestrian,Rain,"Darkness, Lighted Road",Wet,Traffic Signal,Rantoul,2011,1,0,3529,-88.155799676328,40.3081906655675
Fatal,Pedestrian,Clear,"Darkness, Lighted Road",Dry,Lane Use Marking,Urbana,2012,1,0,3541,-88.2095405767871,40.1165100007473
Fatal,Pedestrian,Clear,Daylight,Dry,Lane Use Marking,Champaign,2005,1,0,3675,-88.2469286585144,40.1347510603195
Fatal,Pedestrian,Clear,Daylight,Dry,Stop Sign/flasher,Champaign,2005,1,0,3685,-88.2303310649335,40.106869885038
Fatal,Pedestrian,Clear,Daylight,Dry,No Controls,Champaign,2005,1,0,3715,-88.2734324870798,40.1050861082534
Fatal,Pedestrian,Clear,"Darkness, Lighted Road",Dry,Unknown,Urbana,2007,1,0,3727,-88.2119563271168,40.0982689784893
Fatal,Pedestrian,Clear,Daylight,Dry,Unknown,Champaign,2007,1,0,3743,-88.2468881776609,40.1254795268361
Fatal,Pedestrian,Clear,Darkness,Dry,No Controls,Unincorporated,2008,1,0,3784,-88.1623897304649,40.0958474994821
Fatal,Pedestrian,Clear,Daylight,Dry,Traffic Signal,Urbana,2009,1,0,3814,-88.2144300051288,40.116460255706
Fatal,Pedestrian,Clear,Darkness,Dry,No Controls,Unincorporated,2009,1,0,3827,-88.365320145246,40.1980559161844
Fatal,Pedestrian,Clear,"Darkness, Lighted Road",Dry,Lane Use Marking,Urbana,2009,1,0,3845,-88.2238760648363,40.1350574396831
Fatal,Pedestrian,Clear,Daylight,Dry,Stop Sign/flasher,Mahomet,2006,1,0,3859,-88.4103563600608,40.2002228372178
Fatal,Pedestrian,Clear,"Darkness, Lighted Road",Dry,Lane Use Marking,Champaign,2015,1,0,3927,-88.2421672760822,40.1272092263622
Fatal,Turning,Clear,Daylight,Dry,No Controls,Champaign,2008,1,0,3334,-88.273370468222,40.1487267701078
Fatal,Pedestrian,Clear,Darkness,Dry,No Controls,Urbana,2006,1,0,3895,-88.1844244035989,40.1420286026266
Fatal,Angle,Clear,Daylight,Dry,Stop Sign/flasher,Unincorporated,1999,2,5,3263,EMPTY,
Fatal,Overturned,Clear,Daylight,Dry,No Controls,Unincorporated,2010,1,1,3370,-88.2771335519316,40.1643746307371
Fatal,Pedestrian,Clear,Daylight,Dry,Unknown,Champaign,2007,1,0,3762,-88.2681800363888,40.1273093621829
Fatal,Pedestrian,Clear,Daylight,Dry,Stop Sign/flasher,Urbana,2015,1,0,3906,-88.209629129054,40.1055793070674
Fatal,Pedestrian,Clear,Darkness,Dry,Lane Use Marking,Urbana,2015,1,0,3911,-88.1914035061912,40.140752684443
Fatal,Fixed Object,Clear,Daylight,Dry,No Controls,Urbana,2007,1,0,3322,-88.1952656723602,40.1359205193735
C-Injury,Pedestrian,Clear,Daylight,Dry,Stop Sign/flasher,Champaign,2016,0,1,3957,-88.2517400030258,40.1182694788182
B-Injury,Pedestrian,Clear,Darkness,Dry,Lane Use Marking,Urbana,2016,0,1,3964,-88.1988430728403,40.1163299987301
B-Injury,Pedestrian,Rain,"Darkness, Lighted Road",Wet,Traffic Signal,Champaign,2016,0,1,3965,-88.2334300015661,40.1014899975063
B-Injury,Pedestrian,Clear,Daylight,Dry,No Controls,Urbana,2016,0,1,3967,-88.2063100017161,40.1124799975404
B-Injury,Pedestrian,Clear,Darkness,Dry,No Controls,Urbana,2016,0,1,3969,-88.2256100017552,40.112769997435
B-Injury,Pedestrian,Clear,Daylight,Dry,No Controls,Champaign,2016,0,1,3972,-88.2321204217301,40.1241750572226
C-Injury,Pedestrian,Clear,Daylight,Dry,No Controls,Urbana,2016,0,1,3975,-88.2070219982469,40.1124670539565
B-Injury,Pedestrian,Snow,"Darkness, Lighted Road",Snow Or Slush,No Controls,Champaign,2016,0,1,3986,-88.234462684982,40.107965176146
B-Injury,Pedestrian,Clear,"Darkness, Lighted Road",Dry,No Controls,Champaign,2016,0,1,3990,-88.235139597772,40.1102714364119
C-Injury,Pedestrian,Clear,Daylight,Dry,Stop Sign/flasher,Urbana,2016,0,1,3994,-88.21445521066,40.1183396457482
B-Injury,Pedestrian,Cloudy/overcast,Daylight,Dry,Traffic Signal,Urbana,2016,0,1,3999,-88.2050000014289,40.1090999989142
C-Injury,Pedestrian,Clear,"Darkness, Lighted Road",Snow Or Slush,Stop Sign/flasher,Urbana,2016,0,1,4000,-88.2217400059949,40.1006402020967