crash_severity,collision_type,weather,light,road_surface,traffic_control,city,year,fatality,injury,id,x,y
C-Injury,Pedestrian,Clear,"Darkness, Lighted Road",Dry,Stop Sign/flasher,Urbana,2016,0,1,4006,-88.2177400021645,40.1106199979048
C-Injury,Pedestrian,Clear,Daylight,Wet,Stop Sign/flasher,Champaign,2016,0,1,4009,-88.2304097448086,40.1202842220436
C-Injury,Pedestrian,Clear,Dusk,Dry,Stop Sign/flasher,Champaign,2016,0,1,4012,-88.2303593994812,40.1079999550005
C-Injury,Pedestrian,Clear,Daylight,Snow Or Slush,No Controls,Urbana,2016,0,1,4013,-88.2201297047121,40.1105504103883
C-Injury,Pedestrian,Clear,Daylight,Dry,No Controls,Urbana,2016,0,1,4014,-88.2191988423074,40.103595768612
C-Injury,Pedestrian,Clear,"Darkness, Lighted Road",Wet,No Controls,Urbana,2016,0,1,4015,-88.2191974632733,40.1037001949981
B-Injury,Pedestrian,Clear,Daylight,Dry,Stop Sign/flasher,Urbana,2016,0,1,4017,-88.2144552094209,40.1183409191258
B-Injury,Pedestrian,Clear,Daylight,Dry,Traffic Signal,Champaign,2016,0,1,4021,-88.2387300022843,40.1163399977187
B-Injury,Pedestrian,Clear,Daylight,Dry,No Controls,Urbana,2016,0,1,4025,-88.1960674493676,40.122061215723
B-Injury,Pedestrian,Clear,Daylight,Dry,Traffic Signal,Urbana,2016,0,1,4030,-88.2049200019224,40.1092999980955
B-Injury,Pedestrian,Clear,Daylight,Dry,No Controls,Urbana,2016,0,1,4036,-88.17486000667,40.1128899539412
B-Injury,Pedestrian,Clear,Darkness,Dry,No Controls,Unincorporated,2016,0,1,4038,-88.1802533870961,39.9965756926764
C-Injury,Pedestrian,Clear,Daylight,Dry,No Controls,Urbana,2016,0,1,4050,-88.2173799983739,40.1164498305349
C-Injury,Pedestrian,Cloudy/overcast,Daylight,Dry,Traffic Signal,Urbana,2016,0,1,4053,-88.2156786680988,40.1164532169956
B-Injury,Pedestrian,Clear,Daylight,Dry,No Controls,Sidney,2016,0,1,4057,-88.0779378187821,40.0259164299816
B-Injury,Pedestrian,Other,Daylight,Dry,Stop Sign/flasher,Rantoul,2016,0,1,4066,-88.1617296227839,40.2855687002282
C-Injury,Pedestrian,Cloudy/overcast,Daylight,Dry,Other,Mahomet,2016,0,1,4079,-88.4185397323059,40.1958277428443
B-Injury,Pedestrian,Clear,Daylight,Dry,Stop Sign/flasher,Champaign,2016,0,1,4080,-88.2800200016603,40.1092499979255
Property Damage,Pedestrian,Clear,Daylight,Dry,No Controls,Champaign,2016,0,0,4083,-88.2766500024497,40.1072823476325
B-Injury,Pedestrian,Clear,"Darkness, Lighted Road",Dry,Stop Sign/flasher,Rantoul,2016,0,1,4095,-88.1364890008774,40.3087399988343
B-Injury,Pedestrian,Clear,Darkness,Dry,Lane Use Marking,Unincorporated,2016,0,1,4096,-88.2256835940735,40.2004529220182
B-Injury,Pedestrian,Clear,Daylight,Dry,No Controls,Champaign,2016,0,1,4143,-88.2452020045725,40.1228282265513
C-Injury,Pedestrian,Clear,"Darkness, Lighted Road",Dry,No Controls,Champaign,2016,0,1,4147,-88.2688000007494,40.1271999987235
C-Injury,Pedestrian,Clear,Daylight,Dry,No Controls,Champaign,2016,0,1,4149,-88.2431251462486,40.1126405281215
C-Injury,Pedestrian,Clear,"Darkness, Lighted Road",Dry,Stop Sign/flasher,Champaign,2016,0,1,4163,-88.2768100028643,40.117414693694
C-Injury,Pedestrian,Clear,"Darkness, Lighted Road",Dry,Traffic Signal,Champaign,2016,0,1,4179,-88.2548300031233,40.1271800714064
B-Injury,Pedestrian,Clear,Daylight,Dry,Stop Sign/flasher,Champaign,2016,0,1,4193,-88.2435100015841,40.1163599979244
B-Injury,Pedestrian,Clear,Daylight,Dry,Traffic Signal,Savoy,2016,0,1,4199,-88.2570700023613,40.0545399981387
C-Injury,Pedestrian,Clear,Daylight,Dry,Traffic Signal,Urbana,2016,0,1,4203,-88.2193801256479,40.1164355707825
B-Injury,Pedestrian,Clear,"Darkness, Lighted Road",Dry,Traffic Signal,Champaign,2016,0,1,4209,-88.2335639436636,40.1163551139316
C-Injury,Pedestrian,Clear,"Darkness, Lighted Road",Dry,No Controls,Champaign,2017,0,1,4214,-88.2579447385217,40.123130120062
B-Injury,Pedestrian,Clear,"Darkness, Lighted Road",Dry,No Controls,Champaign,2017,0,1,4216,-88.2860666652384,40.1131831754997
B-Injury,Pedestrian,Clear,Unknown,Dry,Unknown,Champaign,2016,0,1,4198,-88.272880005242,40.1346201054086
C-Injury,Pedestrian,Clear,Daylight,Dry,Stop Sign/flasher,Urbana,2017,0,1,4233,-88.2191000012633,40.1060999994834
B-Injury,Pedestrian,Clear,"Darkness, Lighted Road",Dry,Traffic Signal,Urbana,2017,0,1,4236,-88.2238000006684,40.1162999991094
C-Injury,Pedestrian,Clear,Daylight,Dry,Traffic Signal,Champaign,2017,0,1,4237,-88.2769000010503,40.1274999991577
C-Injury,Pedestrian,Clear,Daylight,Dry,Traffic Signal,Urbana,2017,0,1,4239,-88.1836212328571,40.1159479545796
B-Injury,Pedestrian,Snow,Daylight,Snow Or Slush,Other,Savoy,2017,0,1,4244,-88.1616000006809,40.081899998847
B-Injury,Pedestrian,Clear,"Darkness, Lighted Road",Dry,Stop Sign/flasher,Champaign,2017,0,1,4245,-88.2386503986661,40.1040999966368
B-Injury,Pedestrian,Cloudy/overcast,Daylight,Dry,Traffic Signal,Urbana,2017,0,1,4252,-88.215800001315,40.1162999987516
C-Injury,Pedestrian,Clear,Daylight,Dry,Stop Sign/flasher,Urbana,2017,0,1,4254,-88.2238000011252,40.1090999991498
B-Injury,Pedestrian,Clear,"Darkness, Lighted Road",Dry,Stop Sign/flasher,Champaign,2017,0,1,4261,-88.2302000013793,40.1068999988063
C-Injury,Pedestrian,Clear,Darkness,Dry,Stop Sign/flasher,Champaign,2017,0,1,4264,-88.2352000006894,40.1126999995482
C-Injury,Pedestrian,Clear,Daylight,Dry,Traffic Signal,Champaign,2017,0,1,4265,-88.2434702063239,40.1102199969953
C-Injury,Pedestrian,Clear,Daylight,Dry,School Zone,Champaign,2017,0,1,4274,-88.2812789656398,40.1060694638294
Property Damage,Pedestrian,Clear,Daylight,Dry,Lane Use Marking,Unincorporated,2017,0,0,4292,-88.0952840009162,40.1133499988062
B-Injury,Pedestrian,Clear,"Darkness, Lighted Road",Dry,No Controls,Champaign,2017,0,1,4296,-88.2321026094333,40.1163500068186
C-Injury,Pedestrian,Clear,"Darkness, Lighted Road",Dry,No Controls,Unincorporated,2017,0,1,4298,-88.3615972917546,40.2043929880177
C-Injury,Pedestrian,Clear,"Darkness, Lighted Road",Dry,No Controls,Urbana,2017,0,1,4303,-88.189431509851,40.1274699974696
B-Injury,Pedestrian,Clear,Daylight,Dry,Traffic Signal,Urbana,2017,0,1,4345,-88.1994000005041,40.1274999990039
B-Injury,Pedestrian,Clear,Darkness,Dry,No Controls,Champaign,2017,0,1,4352,-88.2482000014028,40.1220999992517
B-Injury,Pedestrian,Clear,Darkness,Dry,No Controls,Urbana,2017,0,1,4358,-88.219575091548,40.112189998744
B-Injury,Pedestrian,Clear,"Darkness, Lighted Road",Dry,No Controls,St. Joseph,2017,0,2,4359,-88.0416000012957,40.1114999990168
B-Injury,Pedestrian,Clear,Daylight,Dry,No Controls,Urbana,2017,0,1,4361,-88.2255000007448,40.1060999988915
B-Injury,Pedestrian,Clear,Daylight,Dry,Stop Sign/flasher,Urbana,2017,0,1,4377,-88.2238000012377,40.112699998778
C-Injury,Pedestrian,Clear,Darkness,Dry,Stop Sign/flasher,Champaign,2017,0,1,4382,-88.2353000006185,40.1125999990866
B-Injury,Pedestrian,Clear,Daylight,Dry,Other,Champaign,2017,0,1,4397,-88.22894000196,40.1115399980572
B-Injury,Pedestrian,Clear,Darkness,Dry,Other,Champaign,2017,0,1,4398,-88.2320499755091,40.1054310415048
C-Injury,Pedestrian,Clear,Daylight,Dry,No Controls,Unincorporated,2017,0,1,4403,-88.0385000006662,40.088599998893
B-Injury,Pedestrian,Clear,Darkness,Dry,No Controls,Champaign,2017,0,1,4404,-88.2425090270982,40.1205382870839
B-Injury,Pedestrian,Clear,Daylight,Dry,No Controls,Champaign,2017,0,1,4405,-88.2368103303871,40.1173216147971
B-Injury,Pedestrian,Clear,Daylight,Dry,No Controls,Champaign,2017,0,1,4412,-88.2951000007567,40.0838999990106
B-Injury,Pedestrian,Clear,"Darkness, Lighted Road",Dry,No Controls,Urbana,2017,0,1,4423,-88.219205351377,40.1039529673773
B-Injury,Pedestrian,Clear,"Darkness, Lighted Road",Dry,No Controls,Champaign,2017,0,1,4429,-88.2419226276745,40.1177380316364
B-Injury,Pedestrian,Clear,Daylight,Dry,No Controls,Champaign,2017,0,1,4434,-88.2501000014322,40.11629999907
C-Injury,Pedestrian,Rain,Darkness,Wet,No Controls,Champaign,2017,0,1,4440,-88.2317510752099,40.1054335044294
B-Injury,Pedestrian,Clear,Daylight,Dry,Other,Urbana,2010,0,1,3479,-88.207410251414,40.1124603989868
B-Injury,Pedestrian,Clear,Daylight,Dry,Unknown,Urbana,2007,0,1,3754,-88.2283908630282,40.1103772656778
C-Injury,Pedestrian,Clear,Daylight,Dry,,Urbana,2010,0,1,3445,EMPTY,
B-Injury,Pedestrian,Rain,Daylight,Wet,Stop Sign/flasher,Urbana,2010,0,1,3448,-88.2049684450033,40.1056308330297
B-Injury,Pedestrian,Clear,Darkness,Dry,No Controls,Urbana,2010,0,1,3451,-88.218721156027,40.1105887475571
B-Injury,Pedestrian,Clear,Daylight,Dry,No Controls,Urbana,2010,0,1,3452,-88.2193213515404,40.1106641927542
C-Injury,Pedestrian,Clear,Daylight,Dry,Stop Sign/flasher,Champaign,2010,0,1,3454,-88.2389395586187,40.1380097306658
C-Injury,Pedestrian,Clear,"Darkness, Lighted Road",Dry,Stop Sign/flasher,Urbana,2010,0,1,3456,-88.2223903371564,40.1128327809539
C-Injury,Pedestrian,Rain,Daylight,Wet,Stop Sign/flasher,Champaign,2010,0,1,3457,-88.2386483244526,40.1040994474419
B-Injury,Pedestrian,Clear,Daylight,Dry,No Controls,Unincorporated,2010,0,1,3458,-88.1908104976257,40.1295745225669
B-Injury,Pedestrian,Rain,"Darkness, Lighted Road",Wet,No Controls,Urbana,2010,0,1,3460,-88.1832106264751,40.0987986140038
B-Injury,Pedestrian,Clear,Daylight,Dry,Lane Use Marking,Champaign,2010,0,1,3462,-88.257908326681,40.1426301400535
C-Injury,Pedestrian,Clear,Daylight,Dry,No Controls,Champaign,2010,0,1,3463,-88.2484245108714,40.14454979233
C-Injury,Pedestrian,Clear,Daylight,Dry,No Controls,Champaign,2010,0,1,3466,-88.2305658368422,40.1231082044912
B-Injury,Pedestrian,Clear,Daylight,Dry,Stop Sign/flasher,Champaign,2010,0,1,3468,-88.2542098711381,40.1126499917077
B-Injury,Pedestrian,Clear,Daylight,Dry,Stop Sign/flasher,Champaign,2010,0,1,3469,-88.2354010378389,40.1102708360679
C-Injury,Pedestrian,Clear,Daylight,Dry,No Controls,Champaign,2010,0,1,3472,-88.2579814193108,40.1310366617708
B-Injury,Pedestrian,Clear,Daylight,Dry,No Controls,Champaign,2010,0,1,3473,-88.272114235726,40.1343492729123
B-Injury,Pedestrian,Clear,Daylight,Dry,No Controls,Urbana,2010,0,1,3474,-88.2192608348474,40.1074075230994
C-Injury,Pedestrian,Clear,Daylight,Dry,Stop Sign/flasher,Champaign,2010,0,1,3475,-88.279901906162,40.0983091751059
C-Injury,Pedestrian,Clear,Darkness,Dry,Traffic Signal,Urbana,2010,0,1,3477,-88.190699828222,40.0984105956338
B-Injury,Pedestrian,Clear,Daylight,Dry,No Controls,Urbana,2010,0,1,3480,-88.2239290860801,40.111033831905
Property Damage,Pedestrian,Clear,"Darkness, Lighted Road",Dry,No Controls,Urbana,2010,0,0,3481,-88.176777156046,40.1055211301592
B-Injury,Pedestrian,Clear,Daylight,Dry,No Controls,Champaign,2010,0,1,3482,-88.2496097490661,40.0980993219259
B-Injury,Pedestrian,Clear,Daylight,Dry,Traffic Signal,Rantoul,2010,0,1,3483,-88.1523710991309,40.308218834976
B-Injury,Pedestrian,Snow,Daylight,Snow Or Slush,No Controls,Champaign,2010,0,1,3484,-88.2728326123487,40.1273804667721
B-Injury,Pedestrian,Clear,Darkness,Wet,No Controls,Urbana,2011,0,1,3488,-88.2006316700545,40.1289167505449
C-Injury,Pedestrian,Clear,Dusk,Snow Or Slush,No Controls,Urbana,2011,0,1,3489,-88.2279519415402,40.1104043901874
B-Injury,Pedestrian,Clear,Daylight,Snow Or Slush,No Controls,Champaign,2011,0,1,3490,-88.2579088366102,40.1221715308546
B-Injury,Pedestrian,Clear,Darkness,Dry,No Controls,Urbana,2011,0,1,3491,-88.1896824426195,40.1439958140436
B-Injury,Pedestrian,Clear,"Darkness, Lighted Road",Wet,Traffic Signal,Champaign,2011,0,1,3494,-88.2335492036491,40.1126691988351
B-Injury,Pedestrian,Clear,Daylight,Dry,Stop Sign/flasher,Urbana,2011,0,1,3495,-88.2089191599988,40.1115906257439
B-Injury,Pedestrian,Clear,"Darkness, Lighted Road",Dry,Stop Sign/flasher,Champaign,2011,0,1,3496,-88.2344700702737,40.1041313512082
B-Injury,Pedestrian,Clear,"Darkness, Lighted Road",Dry,Traffic Signal,Urbana,2011,0,1,3497,-88.1906998189069,40.0984100921682
B-Injury,Pedestrian,Clear,Daylight,Dry,Traffic Signal,Urbana,2011,0,1,3499,-88.2049226673054,40.1092999450199
C-Injury,Pedestrian,Rain,"Darkness, Lighted Road",Wet,Traffic Signal,Urbana,2011,0,1,3504,-88.1906998156974,40.0984099173004
C-Injury,Pedestrian,Clear,Daylight,Dry,Stop Sign/flasher,Champaign,2011,0,2,3507,-88.2451896579701,40.115340059743
B-Injury,Pedestrian,Rain,Darkness,Wet,Traffic Signal,Champaign,2011,0,1,3508,-88.2302885147772,40.1041713366547
C-Injury,Pedestrian,Clear,Darkness,Dry,Stop Sign/flasher,Urbana,2011,0,1,3509,-88.2037879979978,40.1125394616086
B-Injury,Pedestrian,Rain,Daylight,Wet,Traffic Signal,Urbana,2011,0,1,3511,-88.2192395145701,40.105978800357
C-Injury,Pedestrian,Clear,Daylight,Dry,Other,Urbana,2011,0,1,3513,-88.227890135452,40.1104084030145
B-Injury,Pedestrian,Clear,"Darkness, Lighted Road",Dry,Traffic Signal,Urbana,2011,0,1,3515,-88.2195408352587,40.1273696092058
Property Damage,Pedestrian,Rain,"Darkness, Lighted Road",Wet,Traffic Signal,Champaign,2011,0,0,3517,-88.2468767239029,40.0835694618433
B-Injury,Pedestrian,Rain,"Darkness, Lighted Road",Wet,Traffic Signal,Champaign,2011,0,1,3519,-88.2302892065274,40.1041713290348
B-Injury,Pedestrian,Clear,"Darkness, Lighted Road",Dry,No Controls,Urbana,2011,0,1,3524,-88.2238488449487,40.1053589209117
B-Injury,Pedestrian,Clear,Daylight,Dry,No Controls,Champaign,2011,0,1,3525,-88.2858588722469,40.0993996487018
B-Injury,Pedestrian,Clear,Darkness,Dry,No Controls,Urbana,2011,0,2,3527,-88.2194830440969,40.1255459063936
B-Injury,Pedestrian,Clear,Daylight,Dry,Traffic Signal,Champaign,2011,0,1,3528,-88.2335625810691,40.1163548931494
B-Injury,Pedestrian,Rain,Daylight,Wet,No Controls,Urbana,2011,0,1,3530,-88.2231560734893,40.113549343517
B-Injury,Pedestrian,Clear,Daylight,Dry,Other Warning Sign,Champaign,2011,0,1,3531,-88.2334904622336,40.1041397018553
B-Injury,Pedestrian,Clear,Daylight,Dry,No Controls,Champaign,2011,0,1,3533,-88.2388192722109,40.1284743327808
B-Injury,Pedestrian,Clear,"Darkness, Lighted Road",Dry,Traffic Signal,Champaign,2011,0,1,3534,-88.2387090408223,40.1102298946413
B-Injury,Pedestrian,Clear,"Darkness, Lighted Road",Dry,No Controls,Champaign,2011,0,1,3536,-88.2579851220706,40.1324458758262
C-Injury,Pedestrian,Clear,Darkness,Dry,No Controls,Champaign,2012,0,1,3539,-88.2457888250649,40.1304370150213
C-Injury,Pedestrian,Clear,Daylight,Dry,Stop Sign/flasher,Urbana,2012,0,1,3540,-88.2256900008817,40.1163999990608
B-Injury,Pedestrian,Clear,Daylight,Dry,Traffic Signal,Urbana,2012,0,1,3544,-88.2049201878443,40.1092999971732
B-Injury,Pedestrian,Clear,Daylight,Dry,No Controls,Urbana,2012,0,1,3545,-88.1907892761509,40.1024096591012
B-Injury,Pedestrian,Clear,"Darkness, Lighted Road",Dry,No Controls,Champaign,2012,0,1,3546,-88.2450988309256,40.1057270012633
C-Injury,Pedestrian,Clear,Dusk,Dry,Stop Sign/flasher,Urbana,2012,0,1,3547,-88.2238800005166,40.109080000409
C-Injury,Pedestrian,Rain,Daylight,Wet,Traffic Signal,Urbana,2012,0,1,3548,-88.2191300008318,40.1006499990841
C-Injury,Pedestrian,Other,Daylight,Wet,Stop Sign/flasher,Champaign,2012,0,1,3549,-88.2767098780496,40.1103299981184
B-Injury,Pedestrian,Clear,Daylight,Dry,No Controls,Urbana,2012,0,1,3550,-88.204604674422,40.10181946073
C-Injury,Pedestrian,Rain,"Darkness, Lighted Road",Wet,Traffic Signal,Urbana,2012,0,1,3554,-88.219320001503,40.1105700003849
C-Injury,Pedestrian,Clear,Daylight,Dry,Stop Sign/flasher,Urbana,2012,0,1,3556,-88.203600000262,40.118899999048
B-Injury,Pedestrian,Clear,Daylight,Dry,No Controls,Rantoul,2012,0,1,3558,-88.162715135057,40.2838180228691
C-Injury,Pedestrian,Clear,"Darkness, Lighted Road",Dry,No Controls,Rantoul,2012,0,1,3559,-88.1620451402118,40.3021636135443
B-Injury,Pedestrian,Clear,Darkness,Dry,No Controls,Unincorporated,2012,0,1,3560,-88.0425848977775,40.1279136237254
B-Injury,Pedestrian,Rain,Darkness,Wet,Other Regualtory Sign,St. Joseph,2012,0,1,3561,-88.0442022650918,40.1203410404724
B-Injury,Pedestrian,Clear,Darkness,Dry,No Controls,Champaign,2012,0,1,3562,-88.2733920723582,40.1309844190578
C-Injury,Pedestrian,Clear,Darkness,Dry,Lane Use Marking,Champaign,2012,0,1,3564,-88.2418779180803,40.134882699926
B-Injury,Pedestrian,Clear,Daylight,Dry,Traffic Signal,Urbana,2012,0,1,3565,-88.2074082005778,40.1124600319321
B-Injury,Pedestrian,Clear,Daylight,Dry,No Controls,Broadlands,2012,0,1,3567,-87.994571527721,39.9101171969339
B-Injury,Pedestrian,Clear,Darkness,Dry,No Controls,Unincorporated,2012,0,1,3568,-88.192291203681,40.1222371209235
B-Injury,Pedestrian,Clear,Daylight,Dry,Traffic Signal,Champaign,2012,0,1,3569,-88.2335703878845,40.1102800935974
B-Injury,Pedestrian,Clear,Daylight,Dry,Other Warning Sign,Urbana,2012,0,1,3570,-88.2281158014216,40.1103943539746
C-Injury,Pedestrian,Clear,"Darkness, Lighted Road",Dry,No Controls,Urbana,2012,0,1,3571,-88.2215128849542,40.1068991527979
B-Injury,Pedestrian,Clear,Daylight,Dry,No Controls,Champaign,2012,0,1,3572,-88.2361209064666,40.1014817616558
B-Injury,Pedestrian,Clear,Daylight,Dry,No Controls,Unincorporated,2012,0,1,3574,-88.3505025442696,40.0982941043909
B-Injury,Pedestrian,Clear,Daylight,Dry,No Controls,Urbana,2012,0,1,3575,-88.2075601419872,40.1116518126063
B-Injury,Pedestrian,Clear,Daylight,Dry,Lane Use Marking,Champaign,2012,0,1,3576,-88.238671136998,40.1055039587492
C-Injury,Pedestrian,Clear,Daylight,Dry,No Controls,Unincorporated,2012,0,1,3577,-88.1762358965172,40.1098921970662
B-Injury,Pedestrian,Clear,Daylight,Dry,No Controls,Champaign,2012,0,1,3579,-88.2498792771692,40.1153211748488
C-Injury,Pedestrian,Clear,Daylight,Dry,Traffic Signal,Champaign,2012,0,1,3580,-88.2333299689103,40.0980904421409
B-Injury,Pedestrian,Rain,Daylight,Wet,Stop Sign/flasher,Urbana,2012,0,1,3581,-88.181280998453,40.1056920967927
B-Injury,Pedestrian,Clear,Daylight,Dry,No Controls,Champaign,2012,0,1,3582,-88.2339095826221,40.1144320174502
Property Damage,Pedestrian,Clear,Darkness,Dry,Traffic Signal,Urbana,2012,0,0,3583,-88.2193000733371,40.1090953225331
B-Injury,Pedestrian,Clear,Daylight,Dry,No Controls,Champaign,2012,0,1,3584,-88.2579449021326,40.123948734286
B-Injury,Pedestrian,Clear,Daylight,Dry,Traffic Signal,Champaign,2013,0,1,3586,-88.2580145870011,40.1358598156419
C-Injury,Pedestrian,Clear,Daylight,Dry,Stop Sign/flasher,Urbana,2013,0,1,3589,-88.2089200020434,40.1115899988419
B-Injury,Pedestrian,Rain,"Darkness, Lighted Road",Wet,Stop Sign/flasher,Urbana,2013,0,2,3590,-88.2238700643718,40.1070101001835
C-Injury,Pedestrian,Rain,Darkness,Wet,No Controls,Urbana,2013,0,1,3591,-88.2192500020292,40.1064700001941
C-Injury,Pedestrian,Clear,Daylight,Dry,No Controls,Urbana,2013,0,1,3592,-88.2253520136623,40.1070012591045
C-Injury,Pedestrian,Clear,Daylight,Dry,No Controls,Unincorporated,2013,0,1,3597,-88.1702552827499,40.1072057427836
B-Injury,Pedestrian,Clear,Daylight,Dry,No Controls,Champaign,2013,0,1,3598,-88.2688999799994,40.1273215642414
C-Injury,Pedestrian,Clear,Daylight,Dry,Traffic Signal,Champaign,2013,0,1,3599,-88.2768100001896,40.1164634703389
B-Injury,Pedestrian,Rain,"Darkness, Lighted Road",Wet,No Controls,Urbana,2013,0,1,3600,-88.2256908629376,40.116399999862
B-Injury,Pedestrian,Clear,Daylight,Dry,Traffic Signal,Champaign,2013,0,2,3601,-88.2787200791876,40.1128499999024
B-Injury,Pedestrian,Clear,"Darkness, Lighted Road",Dry,Traffic Signal,Rantoul,2013,0,1,3602,-88.1365206939253,40.3121200000216
B-Injury,Pedestrian,Clear,Daylight,Dry,Police/flagman,Rantoul,2013,0,1,3603,-88.1938428723102,40.3098611427569
B-Injury,Pedestrian,Clear,Daylight,,No Controls,Champaign,2013,0,1,3604,-88.2437200015581,40.1379699998255
B-Injury,Pedestrian,Clear,"Darkness, Lighted Road",Dry,No Controls,Rantoul,2013,0,1,3606,-88.164842763968,40.2882445975703
B-Injury,Pedestrian,Clear,Daylight,Dry,Lane Use Marking,Unincorporated,2013,0,1,3608,-88.3351451730816,40.1771967735786
B-Injury,Pedestrian,Clear,Daylight,Dry,Traffic Signal,Urbana,2013,0,1,3609,-88.219479283755,40.1200702242438
B-Injury,Pedestrian,Clear,Daylight,Dry,Stop Sign/flasher,Champaign,2013,0,1,3610,-88.2338000038871,40.1261201818178
B-Injury,Pedestrian,Clear,Daylight,Dry,No Controls,Champaign,2013,0,1,3611,-88.2730000671019,40.1395542093297
B-Injury,Pedestrian,Clear,Daylight,Dry,No Controls,Champaign,2013,0,1,3612,-88.2577500002993,40.108132241355
C-Injury,Pedestrian,Rain,Daylight,Wet,No Controls,Champaign,2013,0,1,3613,-88.2397798421231,40.1102096573404
B-Injury,Pedestrian,Sleet/hail,"Darkness, Lighted Road",Wet,Traffic Signal,Champaign,2013,0,1,3614,-88.2434700198218,40.1102226600444
B-Injury,Pedestrian,Rain,"Darkness, Lighted Road",Wet,Stop Sign/flasher,Urbana,2013,0,1,3615,-88.1906700009415,40.0947599993238
B-Injury,Pedestrian,Clear,Daylight,Wet,No Controls,Champaign,2013,0,1,3616,-88.2812788271656,40.1061400084375
B-Injury,Pedestrian,Clear,,,No Controls,Champaign,2013,0,1,3617,-88.2414405134437,40.09805000805
C-Injury,Pedestrian,Clear,Darkness,Dry,No Controls,Urbana,2013,0,1,3618,-88.1782589927789,40.1129918385794
B-Injury,Pedestrian,Clear,Daylight,Dry,No Controls,Urbana,2013,0,1,3619,-88.2192199202484,40.1046361560918
C-Injury,Pedestrian,Clear,Daylight,Dry,Traffic Signal,Champaign,2013,0,1,3621,-88.2574894597362,40.0835999929205
B-Injury,Pedestrian,Clear,Darkness,Dry,No Controls,Unincorporated,2013,0,1,3622,-88.3653100006426,40.1944592618415
B-Injury,Pedestrian,Clear,Daylight,Dry,No Controls,Champaign,2013,0,1,3623,-88.2766674421944,40.108806605862
C-Injury,Pedestrian,Clear,Daylight,Dry,No Controls,Mahomet,2013,0,1,3625,-88.3903172115052,40.1786305115412
B-Injury,Pedestrian,Clear,Dusk,Dry,No Controls,Champaign,2013,0,1,3626,-88.2755014982525,40.13023726406
B-Injury,Pedestrian,Clear,"Darkness, Lighted Road",Dry,Traffic Signal,Urbana,2013,0,1,3627,-88.2193000649531,40.1090947767968
C-Injury,Pedestrian,Clear,Daylight,Dry,No Controls,Urbana,2013,0,1,3628,-88.2018748802274,40.1036842273903
B-Injury,Pedestrian,Clear,Daylight,Dry,Lane Use Marking,Champaign,2013,0,1,3629,-88.2386700006598,40.1053699998832
B-Injury,Pedestrian,Other,Dawn,Dry,Traffic Signal,Urbana,2013,0,1,3630,-88.2193802116011,40.1128301566526
B-Injury,Pedestrian,Clear,Daylight,Dry,Stop Sign/flasher,Champaign,2013,0,1,3631,-88.2860888049806,40.1024017529489
C-Injury,Pedestrian,Clear,Daylight,Dry,Stop Sign/flasher,Champaign,2013,0,1,3632,-88.2436439742194,40.1313660870552
C-Injury,Pedestrian,Rain,Darkness,Wet,No Controls,Champaign,2013,0,1,3633,-88.2931698869697,40.0771915375278
B-Injury,Pedestrian,Clear,Daylight,Dry,No Controls,Champaign,2014,0,1,3634,-88.2482809366348,40.1090101100072
Property Damage,Pedestrian,Clear,Daylight,Dry,No Controls,Champaign,2014,0,0,3636,-88.2577757144201,40.1097539763354
B-Injury,Pedestrian,Clear,Daylight,Dry,No Controls,Champaign,2014,0,1,3637,-88.2826080412578,40.0971859957264
B-Injury,Pedestrian,Clear,Darkness,Dry,Stop Sign/flasher,Champaign,2014,0,1,3640,-88.2627100009444,40.1272299999694
C-Injury,Pedestrian,Clear,"Darkness, Lighted Road",Dry,Traffic Signal,Champaign,2014,0,1,3641,-88.2387099592693,40.1102317153999
B-Injury,Pedestrian,Clear,Daylight,Dry,Other,Champaign,2014,0,1,3645,-88.2409091404509,40.127211587229
C-Injury,Pedestrian,Clear,Daylight,Dry,Traffic Signal,Champaign,2014,0,1,3647,-88.2579050426514,40.1182722751846
B-Injury,Pedestrian,Clear,Daylight,Dry,Traffic Signal,Champaign,2014,0,1,3648,-88.2767687165685,40.1128499846089
B-Injury,Pedestrian,Clear,Daylight,Unknown,No Controls,Champaign,2014,0,1,3649,-88.2305779420049,40.1091368449939
C-Injury,Pedestrian,Rain,Daylight,Wet,Stop Sign/flasher,Urbana,2014,0,1,3652,-88.2238600008613,40.1059599999172
C-Injury,Pedestrian,Clear,Darkness,Dry,Stop Sign/flasher,Champaign,2014,0,1,3654,-88.2386507503147,40.104099997075