crash_severity,collision_type,weather,light,road_surface,traffic_control,city,year,fatality,injury,id,x,y
B-Injury,Pedestrian,Rain,"Darkness, Lighted Road",Wet,Lane Use Marking,Champaign,2014,0,1,3655,-88.2555036899106,40.1426295250452
B-Injury,Pedestrian,Clear,"Darkness, Lighted Road",Snow Or Slush,Traffic Signal,Urbana,2014,0,1,3656,-88.2090200014334,40.1165099996012
B-Injury,Pedestrian,Snow,"Darkness, Lighted Road",Snow Or Slush,No Controls,Urbana,2014,0,1,3657,-88.2026076913436,40.1056569460914
C-Injury,Pedestrian,Clear,Daylight,Dry,No Controls,Urbana,2014,0,1,3660,-88.2071100214405,40.0883601745518
C-Injury,Pedestrian,Rain,Daylight,Wet,Traffic Signal,Urbana,2014,0,1,3661,-88.215677935716,40.1164540071662
B-Injury,Pedestrian,Rain,"Darkness, Lighted Road",Wet,Traffic Signal,Urbana,2014,0,1,3663,-88.2193000160218,40.109091108457
B-Injury,Pedestrian,Clear,Dawn,Dry,Stop Sign/flasher,Urbana,2014,0,1,3665,-88.2094000007503,40.0837300000317
B-Injury,Pedestrian,Clear,Daylight,Dry,No Controls,Rantoul,2014,0,1,3668,-88.1404945721826,40.305585567002
B-Injury,Pedestrian,Clear,Daylight,Dry,No Controls,Rantoul,2014,0,1,3669,-88.1425247159958,40.3111350433611
B-Injury,Pedestrian,Rain,Daylight,Unknown,Lane Use Marking,Unincorporated,2014,0,1,3671,-87.9839199580924,40.1199675674756
B-Injury,Pedestrian,Clear,Daylight,Dry,No Controls,Champaign,2005,0,1,3673,-88.287944230157,40.1275392238396
C-Injury,Pedestrian,Clear,Daylight,Dry,No Controls,Champaign,2005,0,1,3674,-88.2435182982277,40.112742537467
B-Injury,Pedestrian,Clear,Darkness,Dry,No Controls,Unincorporated,2005,0,1,3677,-88.136439685071,40.3422048278875
B-Injury,Pedestrian,Rain,Darkness,Wet,No Controls,Champaign,2005,0,1,3679,-88.2689079918957,40.1302969156471
B-Injury,Pedestrian,Snow,"Darkness, Lighted Road",Ice,No Controls,Unincorporated,2005,0,1,3680,-88.2095988850066,40.1415804731459
B-Injury,Pedestrian,Clear,Daylight,Dry,School Zone,Champaign,2005,0,1,3681,-88.2812756605215,40.1061211513825
C-Injury,Pedestrian,Clear,Daylight,Dry,No Controls,Urbana,2005,0,1,3683,-88.2049106547325,40.107641890792
B-Injury,Pedestrian,Clear,Daylight,Dry,Stop Sign/flasher,Champaign,2005,0,1,3684,-88.2321257962017,40.1241688737802
C-Injury,Pedestrian,Clear,"Darkness, Lighted Road",Dry,Other Regualtory Sign,Champaign,2005,0,1,3686,-88.2288148038074,40.1055141380007
B-Injury,Pedestrian,Snow,Daylight,Dry,No Controls,Urbana,2005,0,1,3687,-88.2288103404795,40.106918456021
B-Injury,Pedestrian,Clear,Darkness,Dry,No Controls,Urbana,2005,0,1,3688,-88.1886971195513,40.1052674738109
B-Injury,Pedestrian,Clear,Daylight,Dry,Traffic Signal,Champaign,2005,0,1,3689,-88.2434790867031,40.1101915430144
B-Injury,Pedestrian,Clear,"Darkness, Lighted Road",Dry,Traffic Signal,Champaign,2005,0,1,3690,-88.2434815833668,40.1101928203296
B-Injury,Pedestrian,Clear,Daylight,Dry,Stop Sign/flasher,Champaign,2005,0,1,3691,-88.2575188437735,40.0897074397065
B-Injury,Pedestrian,Clear,"Darkness, Lighted Road",Wet,Traffic Signal,Urbana,2005,0,1,3692,-88.2193655925179,40.1128236802819
B-Injury,Pedestrian,Clear,Daylight,Dry,Traffic Signal,Champaign,2005,0,1,3693,-88.2578463841995,40.1182581531966
B-Injury,Pedestrian,Clear,Daylight,Dry,Traffic Signal,Urbana,2005,0,1,3695,-88.2049707157753,40.1125178962834
B-Injury,Pedestrian,Clear,"Darkness, Lighted Road",Unknown,No Controls,Urbana,2005,0,1,3697,-88.2206749262437,40.1128076214887
B-Injury,Pedestrian,Clear,Daylight,Dry,No Controls,Urbana,2005,0,1,3698,-88.1945786562198,40.1139945934147
C-Injury,Pedestrian,Clear,Darkness,Wet,Traffic Signal,Champaign,2005,0,1,3699,-88.2578465808412,40.1182575219501
B-Injury,Pedestrian,Clear,Daylight,Dry,No Controls,Urbana,2005,0,1,3700,-88.196184072367,40.1162831161694
B-Injury,Pedestrian,Clear,"Darkness, Lighted Road",Wet,Traffic Signal,Urbana,2005,0,1,3702,-88.2156940179112,40.1164623856478
B-Injury,Pedestrian,Clear,"Darkness, Lighted Road",Dry,Stop Sign/flasher,Champaign,2005,0,1,3704,-88.2435432075911,40.1221272390779
C-Injury,Pedestrian,Clear,Daylight,Dry,Stop Sign/flasher,Champaign,2005,0,1,3706,-88.2626978760772,40.1272394736109
C-Injury,Pedestrian,Clear,Daylight,Dry,Other Warning Sign,Champaign,2005,0,1,3707,-88.2684489142699,40.1273173215791
B-Injury,Pedestrian,Clear,Daylight,Dry,Traffic Signal,Champaign,2005,0,1,3708,-88.2769571004285,40.1274234650923
B-Injury,Pedestrian,Clear,Dusk,Dry,Traffic Signal,Champaign,2005,0,1,3709,-88.2860457148616,40.1129362348406
B-Injury,Pedestrian,Clear,Daylight,Dry,No Controls,Champaign,2005,0,1,3710,-88.2724080626448,40.1128089010495
B-Injury,Pedestrian,Clear,Daylight,Dry,Stop Sign/flasher,Champaign,2005,0,1,3711,-88.2784333254652,40.1110516881623
B-Injury,Pedestrian,Clear,"Darkness, Lighted Road",Dry,No Controls,Champaign,2005,0,1,3712,-88.2302415680008,40.1103043820504
B-Injury,Pedestrian,Clear,Daylight,Dry,Stop Sign/flasher,Champaign,2005,0,1,3713,-88.2402998928858,40.1102183727744
B-Injury,Pedestrian,Clear,Daylight,Dry,Traffic Signal,Champaign,2005,0,1,3714,-88.2335849569152,40.1102707225342
B-Injury,Pedestrian,Rain,"Darkness, Lighted Road",Wet,No Controls,Champaign,2005,0,1,3716,-88.2292067152631,40.104187683728
B-Injury,Pedestrian,Clear,Daylight,Dry,Traffic Signal,Champaign,2005,0,1,3717,-88.2302798667108,40.104187264618
B-Injury,Pedestrian,Clear,Daylight,Dry,No Controls,Champaign,2005,0,1,3718,-88.2382927980914,40.1041052383422
B-Injury,Pedestrian,Clear,Daylight,Dry,Traffic Signal,Champaign,2005,0,1,3719,-88.2438400423071,40.1026980095406
B-Injury,Pedestrian,Clear,Daylight,Dry,No Controls,Urbana,2005,0,1,3720,-88.2201028769038,40.0993865602164
B-Injury,Pedestrian,Clear,"Darkness, Lighted Road",Dry,No Controls,Urbana,2005,0,1,3723,-88.1985031748519,40.0837664465844
B-Injury,Pedestrian,Clear,Dusk,Wet,Unknown,Champaign,2007,0,1,3724,-88.2333297064422,40.0981007630023
C-Injury,Pedestrian,Rain,Daylight,Wet,Unknown,Champaign,2007,0,1,3725,-88.2320477520908,40.1054333339187
B-Injury,Pedestrian,Clear,Daylight,Dry,Unknown,Champaign,2007,0,1,3730,-88.2532002854748,40.1272004573286
Property Damage,Pedestrian,Rain,"Darkness, Lighted Road",Wet,Unknown,Urbana,2007,0,0,3733,-88.2194000563979,40.1128434847384
B-Injury,Pedestrian,Clear,Daylight,Dry,Unknown,Urbana,2007,0,1,3734,-88.2256197202786,40.1128026826139
B-Injury,Pedestrian,Clear,Daylight,Dry,Unknown,Champaign,2007,0,1,3736,-88.2434959783112,40.1116299552026
B-Injury,Pedestrian,Clear,Daylight,Dry,Unknown,Champaign,2007,0,1,3737,-88.2579264707723,40.1182805370862
C-Injury,Pedestrian,Clear,Daylight,Dry,Unknown,Champaign,2007,0,1,3738,-88.2578900464604,40.1163087260353
C-Injury,Pedestrian,Clear,Daylight,Dry,Unknown,Champaign,2007,0,1,3741,-88.2673385391767,40.1163705365873
C-Injury,Pedestrian,Clear,Daylight,Dry,Unknown,Champaign,2007,0,1,3742,-88.246860516792,40.1183091016764
B-Injury,Pedestrian,Clear,Darkness,Dry,Unknown,Champaign,2007,0,1,3746,-88.2453513676514,40.1314242313247
B-Injury,Pedestrian,Clear,"Darkness, Lighted Road",Wet,Unknown,Champaign,2007,0,1,3747,-88.2436112453802,40.1296395227577
C-Injury,Pedestrian,Clear,Daylight,Wet,Unknown,Champaign,2007,0,1,3748,-88.2291027851364,40.1079914257688
C-Injury,Pedestrian,Rain,"Darkness, Lighted Road",Wet,Unknown,Champaign,2007,0,1,3749,-88.238718242151,40.1107806226415
C-Injury,Pedestrian,Clear,Daylight,Dry,Unknown,Champaign,2007,0,1,3750,-88.2717411744374,40.1287319238672
B-Injury,Pedestrian,Clear,Daylight,Other,Unknown,Urbana,2007,0,1,3751,-88.1914768705832,40.1016699808337
B-Injury,Pedestrian,Clear,Daylight,Dry,Unknown,Champaign,2007,0,1,3752,-88.2879169494606,40.0914807495399
B-Injury,Pedestrian,Clear,Daylight,Dry,Unknown,Champaign,2007,0,1,3753,-88.2670330514319,40.1274588568295
C-Injury,Pedestrian,Clear,Daylight,Dry,Unknown,Champaign,2007,0,1,3755,-88.2403983555643,40.1102007329551
C-Injury,Pedestrian,Clear,Daylight,Wet,Unknown,Urbana,2007,0,1,3758,-88.2088550757723,40.1089457800526
C-Injury,Pedestrian,Clear,Daylight,Dry,Unknown,Champaign,2007,0,1,3759,-88.2466736708905,40.1163409671625
B-Injury,Pedestrian,Rain,"Darkness, Lighted Road",Wet,Unknown,Champaign,2007,0,1,3760,-88.2369446411135,40.110260164997
C-Injury,Pedestrian,Clear,"Darkness, Lighted Road",Dry,Unknown,Champaign,2007,0,2,3761,-88.2351057082398,40.119320213591
B-Injury,Pedestrian,Clear,Daylight,Snow Or Slush,No Controls,Champaign,2008,0,1,3777,-88.2396709020909,40.1249303657408
B-Injury,Pedestrian,Clear,"Darkness, Lighted Road",Dry,Traffic Signal,Champaign,2008,0,1,3779,-88.2304492758855,40.1126805320428
C-Injury,Pedestrian,Clear,Dusk,Dry,Unknown,Champaign,2008,0,1,3780,-88.235358138675,40.1193267551509
C-Injury,Pedestrian,Clear,"Darkness, Lighted Road",Dry,Traffic Signal,Champaign,2008,0,1,3781,-88.2391089948922,40.1493900032817
B-Injury,Pedestrian,Clear,Daylight,Dry,Traffic Signal,Champaign,2008,0,1,3782,-88.2414399970504,40.0980493798322
Property Damage,Pedestrian,Clear,Daylight,Dry,No Controls,Rantoul,2008,0,0,3783,-88.1523409657644,40.3069907479912
B-Injury,Pedestrian,Rain,"Darkness, Lighted Road",Wet,Traffic Signal,Urbana,2008,0,1,3785,-88.2050012669516,40.1124483992739
B-Injury,Pedestrian,Clear,Daylight,Dry,No Controls,Urbana,2008,0,1,3786,-88.2026448821197,40.1056557362886
B-Injury,Pedestrian,Clear,Daylight,Dry,Stop Sign/flasher,Urbana,2008,0,1,3788,-88.2238585970579,40.1059599453352
B-Injury,Pedestrian,Rain,Daylight,Wet,Stop Sign/flasher,Champaign,2008,0,1,3789,-88.2389207557935,40.135258961612
C-Injury,Pedestrian,Clear,Daylight,Dry,No Controls,Champaign,2008,0,1,3790,-88.2579582219878,40.1262787556897
B-Injury,Pedestrian,Clear,Daylight,Dry,No Controls,Champaign,2008,0,1,3792,-88.2812705048145,40.105592936603
B-Injury,Pedestrian,Clear,"Darkness, Lighted Road",Dry,No Controls,Rantoul,2008,0,2,3794,-88.136491736071,40.3104230002629
B-Injury,Pedestrian,Clear,Daylight,Dry,No Controls,Champaign,2008,0,1,3796,-88.2769925518733,40.1307454230602
B-Injury,Pedestrian,Clear,Daylight,Dry,Stop Sign/flasher,Champaign,2008,0,1,3797,-88.2857890579038,40.0983802499076
B-Injury,Pedestrian,Clear,Darkness,Dry,No Controls,Unincorporated,2008,0,3,3798,-88.3650377032326,40.2073702249219
B-Injury,Pedestrian,Clear,"Darkness, Lighted Road",Dry,Traffic Signal,Champaign,2008,0,1,3799,-88.2579890462627,40.1465189559963
B-Injury,Pedestrian,Rain,Daylight,Wet,Traffic Signal,Champaign,2008,0,1,3800,-88.2452185440056,40.1173596555547
B-Injury,Pedestrian,Clear,Darkness,Dry,Lane Use Marking,Mahomet,2008,0,1,3801,-88.3763122468765,40.1967939856521
C-Injury,Pedestrian,Clear,Daylight,Dry,Traffic Signal,Tolono,2008,0,1,3802,-88.2625294083272,39.9863999524333
C-Injury,Pedestrian,Rain,Daylight,Wet,Stop Sign/flasher,Champaign,2008,0,1,3803,-88.2860099103096,40.1093087484319
B-Injury,Pedestrian,Rain,"Darkness, Lighted Road",Wet,Traffic Signal,Urbana,2008,0,1,3805,-88.2191305958169,40.1006490504101
Property Damage,Pedestrian,Clear,Daylight,Dry,Traffic Signal,Urbana,2008,0,0,3807,-88.2074105681976,40.1124603930175
C-Injury,Pedestrian,Snow,Daylight,Snow Or Slush,Traffic Signal,Champaign,2008,0,1,3808,-88.2335703585087,40.1102808682423
B-Injury,Pedestrian,Clear,Dusk,Dry,Traffic Signal,Champaign,2008,0,1,3810,-88.2435287017561,40.1211196078702
B-Injury,Pedestrian,Clear,Dusk,Dry,No Controls,Champaign,2008,0,1,3811,-88.2496088415431,40.0980981082029
B-Injury,Pedestrian,Snow,Dusk,Snow Or Slush,No Controls,Champaign,2008,0,1,3812,-88.2771914568656,40.13750602167
B-Injury,Pedestrian,Rain,"Darkness, Lighted Road",Wet,Stop Sign/flasher,Urbana,2008,0,1,3813,-88.2088691230548,40.1092204462115
C-Injury,Pedestrian,Clear,Darkness,Dry,Lane Use Marking,Urbana,2009,0,1,3815,-88.1937612568049,40.1345457547347
B-Injury,Pedestrian,Clear,Daylight,Wet,Traffic Signal,Champaign,2009,0,1,3817,-88.2576295460503,40.098149983044
B-Injury,Pedestrian,Clear,"Darkness, Lighted Road",Dry,Traffic Signal,Champaign,2009,0,1,3818,-88.2334904622336,40.1041397018553
B-Injury,Pedestrian,Snow,Daylight,Snow Or Slush,No Controls,Unincorporated,2009,0,1,3819,-88.2973482108826,40.0907604021438
C-Injury,Pedestrian,Clear,Daylight,Dry,Traffic Signal,Champaign,2009,0,2,3820,-88.2828294413204,40.1128913560889
C-Injury,Pedestrian,Clear,Daylight,Dry,No Controls,Champaign,2009,0,2,3821,-88.2812784029397,40.1061421903371
B-Injury,Pedestrian,Clear,Daylight,Dry,No Controls,Champaign,2009,0,1,3823,-88.2451522407237,40.1128646903486
C-Injury,Pedestrian,Unknown,Daylight,Wet,Traffic Signal,Champaign,2009,0,1,3824,-88.2435090726112,40.1163595657812
B-Injury,Pedestrian,Clear,"Darkness, Lighted Road",Dry,No Controls,Champaign,2009,0,1,3825,-88.268919463718,40.1298999493391
B-Injury,Pedestrian,Clear,"Darkness, Lighted Road",Dry,Traffic Signal,Champaign,2009,0,1,3826,-88.2450414552577,40.1125894740614
B-Injury,Pedestrian,Clear,"Darkness, Lighted Road",Dry,School Zone,Urbana,2009,0,1,3828,-88.2264899047748,40.1127572982999
C-Injury,Pedestrian,Clear,Daylight,Unknown,Traffic Signal,Urbana,2009,0,1,3829,-88.2050012736326,40.1124497905026
B-Injury,Pedestrian,Clear,Daylight,Dry,Traffic Signal,Urbana,2009,0,1,3830,-88.2049686952829,40.1163195845287
C-Injury,Pedestrian,Clear,Daylight,Dry,No Controls,Champaign,2009,0,1,3831,-88.2353995690564,40.1112697557386
B-Injury,Pedestrian,Clear,Daylight,Dry,No Controls,Champaign,2009,0,1,3832,-88.2453883065787,40.1221494330963
C-Injury,Pedestrian,Clear,Daylight,Wet,No Controls,Urbana,2009,0,1,3833,-88.2037060302514,40.1056398033404
B-Injury,Pedestrian,Other,Daylight,Dry,No Controls,Tolono,2009,0,1,3834,-88.2589196894111,39.9860719650366
C-Injury,Pedestrian,Clear,Daylight,Dry,Police/flagman,Champaign,2009,0,1,3835,-88.2468489588096,40.1163408818701
B-Injury,Pedestrian,Clear,Daylight,Unknown,No Controls,Champaign,2009,0,1,3837,-88.2521628812277,40.1423961307388
B-Injury,Pedestrian,Clear,Daylight,Dry,No Controls,Unincorporated,2009,0,1,3839,-88.2063088770557,40.1124801728085
C-Injury,Pedestrian,Clear,"Darkness, Lighted Road",Dry,No Controls,Urbana,2009,0,1,3840,-88.2076787042519,40.1247892281622
B-Injury,Pedestrian,Clear,Daylight,Dry,Traffic Signal,Urbana,2009,0,1,3841,-88.2193194627533,40.1105695513036
B-Injury,Pedestrian,Clear,"Darkness, Lighted Road",Dry,Traffic Signal,Urbana,2009,0,1,3842,-88.2193194577696,40.1105691101595
B-Injury,Pedestrian,Clear,Daylight,Dry,No Controls,Champaign,2009,0,1,3843,-88.2388154280783,40.1256099685745
B-Injury,Pedestrian,Unknown,Daylight,Dry,Unknown,Urbana,2009,0,1,3844,-88.2194812040136,40.1236958833109
B-Injury,Pedestrian,Clear,Daylight,Dry,Traffic Signal,Champaign,2009,0,1,3846,-88.2769890158216,40.127410264052
C-Injury,Pedestrian,Rain,Daylight,Wet,Stop Sign/flasher,Urbana,2009,0,1,3847,-88.2238586035953,40.105960327461
C-Injury,Pedestrian,Clear,Darkness,Dry,No Controls,Champaign,2009,0,1,3850,-88.2370221363355,40.1126392759773
B-Injury,Pedestrian,Clear,Daylight,Dry,No Controls,Urbana,2009,0,1,3852,-88.223742262992,40.0959264036063
B-Injury,Pedestrian,Clear,"Darkness, Lighted Road",Dry,Other,Urbana,2009,0,1,3853,-88.2256096387903,40.1127696816926
C-Injury,Pedestrian,Clear,Daylight,Dry,No Controls,Gifford,2009,0,1,3855,-88.0213898402492,40.3095213633196
B-Injury,Pedestrian,Clear,Darkness,Dry,No Controls,Urbana,2009,0,1,3856,-88.1989913698891,40.1163286475809
B-Injury,Pedestrian,Rain,"Darkness, Lighted Road",Wet,Other,Champaign,2009,0,1,3857,-88.243470088495,40.110221279307
B-Injury,Pedestrian,Clear,"Darkness, Lighted Road",Dry,Stop Sign/flasher,Champaign,2009,0,1,3858,-88.2353992655996,40.1102708460989
B-Injury,Pedestrian,Clear,"Darkness, Lighted Road",Dry,Traffic Signal,Champaign,2006,0,1,3874,-88.230451159567,40.1103196566364
B-Injury,Pedestrian,Clear,Daylight,Dry,Traffic Signal,Champaign,2006,0,1,3875,-88.2289424347108,40.1114879192957
C-Injury,Pedestrian,Clear,Daylight,Dry,Traffic Signal,Champaign,2006,0,1,3879,-88.245210984083,40.1163495254642
B-Injury,Pedestrian,Clear,Daylight,Dry,Stop Sign/flasher,Champaign,2006,0,1,3880,-88.2452400693614,40.1271798743577
C-Injury,Pedestrian,Clear,Daylight,Dry,Traffic Signal,Urbana,2006,0,1,3883,-88.2193065279851,40.1105866848024
B-Injury,Pedestrian,Rain,Daylight,Wet,Traffic Signal,Urbana,2006,0,1,3884,-88.2239891127331,40.1128110579486
B-Injury,Pedestrian,Clear,Daylight,Dry,Stop Sign/flasher,Urbana,2006,0,1,3885,-88.2238692194267,40.1070117653933
B-Injury,Pedestrian,Rain,Darkness,Wet,No Controls,Champaign,2006,0,1,3887,-88.2764615520029,40.1023684097055
C-Injury,Pedestrian,Clear,Daylight,Dry,Traffic Signal,Urbana,2006,0,1,3889,-88.2193995571015,40.1128405930984
B-Injury,Pedestrian,Clear,Darkness,Dry,Traffic Signal,Urbana,2006,0,1,3891,-88.209020083099,40.1165091352547
B-Injury,Pedestrian,Rain,Darkness,Wet,No Controls,Urbana,2006,0,5,3892,-88.221851117118,40.1200750946798
B-Injury,Pedestrian,Clear,Daylight,Dry,No Controls,Champaign,2006,0,1,3896,-88.2706965993518,40.1463778821905
B-Injury,Pedestrian,Clear,Daylight,Dry,No Controls,Urbana,2015,0,1,3918,-88.1940222238698,40.1008346826592
C-Injury,Pedestrian,Clear,"Darkness, Lighted Road",Dry,Traffic Signal,Champaign,2015,0,1,3919,-88.2304501109507,40.1103199008433
B-Injury,Pedestrian,Clear,Darkness,Dry,No Controls,Urbana,2015,0,1,3922,-88.2248077540472,40.0945393825897
C-Injury,Pedestrian,Snow,"Darkness, Lighted Road",Snow Or Slush,Stop Sign/flasher,Champaign,2015,0,1,3924,-88.2435092522244,40.1153488171772
C-Injury,Pedestrian,Rain,Daylight,Wet,No Controls,Champaign,2015,0,1,3928,-88.2353900003852,40.1126499995008
B-Injury,Pedestrian,Clear,Daylight,Dry,No Controls,Savoy,2015,0,1,3930,-88.2467978035156,40.0668208541607
B-Injury,Pedestrian,Clear,Daylight,Dry,Stop Sign/flasher,Champaign,2015,0,1,3931,-88.2386898671969,40.1090102042692
B-Injury,Pedestrian,Clear,Daylight,Dry,Traffic Signal,Champaign,2015,0,1,3933,-88.2334300005415,40.1014899992586
B-Injury,Pedestrian,Clear,"Darkness, Lighted Road",Dry,Traffic Signal,Champaign,2015,0,1,3934,-88.2333300003,40.0980899991063
B-Injury,Pedestrian,Clear,"Darkness, Lighted Road",Dry,Traffic Signal,Champaign,2015,0,1,3935,-88.2468100014295,40.1126099995082
B-Injury,Pedestrian,Clear,Daylight,Dry,Stop Sign/flasher,Champaign,2015,0,1,3936,-88.2333981075929,40.1005150079686
C-Injury,Pedestrian,Clear,Dusk,Dry,No Controls,Champaign,2015,0,1,3937,-88.2694998813618,40.1334051878538
B-Injury,Pedestrian,Clear,Darkness,Dry,No Controls,Champaign,2015,0,1,3938,-88.2737800002652,40.132633247601
B-Injury,Pedestrian,Clear,Daylight,Dry,No Controls,Urbana,2014,0,1,3664,-88.2001429575088,40.1220668558702
B-Injury,Pedestrian,Clear,"Darkness, Lighted Road",Dry,Unknown,Champaign,2007,0,2,3763,-88.2304102645801,40.1094126601918
B-Injury,Pedestrian,Clear,Daylight,Dry,Unknown,Champaign,2007,0,1,3764,-88.2664562440036,40.0984068596839
B-Injury,Pedestrian,Clear,Daylight,Dry,Unknown,Champaign,2007,0,1,3765,-88.2655109072201,40.1273284793308
B-Injury,Pedestrian,Clear,Daylight,Dry,Unknown,Urbana,2007,0,1,3767,EMPTY,
B-Injury,Pedestrian,Clear,Daylight,Dry,Unknown,Champaign,2007,0,1,3768,EMPTY,
B-Injury,Pedestrian,Clear,Daylight,Dry,Unknown,Champaign,2007,0,1,3769,EMPTY,
C-Injury,Pedestrian,Clear,Daylight,Dry,Traffic Signal,Rantoul,2008,0,1,3770,-88.1523712274982,40.3082188340788
C-Injury,Pedestrian,Clear,Daylight,Dry,No Controls,Rantoul,2008,0,1,3771,-88.1537067015012,40.3069721538489
B-Injury,Pedestrian,Clear,Daylight,Dry,No Controls,Champaign,2008,0,1,3772,-88.2817567550111,40.1128807440455
B-Injury,Pedestrian,Clear,Daylight,Wet,No Controls,Champaign,2008,0,1,3773,-88.2303200157667,40.1163639866862
B-Injury,Pedestrian,Rain,"Darkness, Lighted Road",Wet,Traffic Signal,Champaign,2008,0,1,3775,-88.2289315327461,40.1163992286382
C-Injury,Pedestrian,Clear,Daylight,Dry,No Controls,Urbana,2006,0,1,3897,-88.2255508638485,40.1105598540772
B-Injury,Pedestrian,Clear,Daylight,Dry,Lane Use Marking,Champaign,2006,0,1,3898,-88.2292789494927,40.1126472081763
C-Injury,Pedestrian,Rain,"Darkness, Lighted Road",Wet,Traffic Signal,Champaign,2006,0,1,3900,-88.2387095415641,40.1102325778469
C-Injury,Pedestrian,Clear,Daylight,Dry,Traffic Signal,Champaign,2006,0,1,3901,-88.2434887145717,40.1102217991316
B-Injury,Pedestrian,Rain,Darkness,Wet,No Controls,Champaign,2006,0,1,3902,-88.2370603934771,40.110260141581
B-Injury,Pedestrian,Rain,"Darkness, Lighted Road",Wet,Stop Sign/flasher,Urbana,2006,0,1,3903,-88.2218766391543,40.1041513739853
B-Injury,Pedestrian,Clear,"Darkness, Lighted Road",Dry,No Controls,Urbana,2006,0,1,3904,-88.1946989741475,40.0947409201836
C-Injury,Pedestrian,Clear,Daylight,Dry,No Controls,Urbana,2006,0,1,3905,-88.1944855055429,40.0947463888951
C-Injury,Pedestrian,Clear,Daylight,Dry,No Controls,Urbana,2015,0,1,3907,-88.1978419664142,40.1308459926589
B-Injury,Pedestrian,Clear,"Darkness, Lighted Road",Dry,No Controls,Urbana,2015,0,1,3908,-88.2192594069046,40.1073900147438
B-Injury,Pedestrian,Clear,Dusk,Dry,Traffic Signal,Urbana,2015,0,1,3909,-88.2193200015034,40.1105700001104
B-Injury,Pedestrian,Rain,Daylight,Wet,No Controls,Urbana,2015,0,1,3910,-88.2207976654046,40.1090836055249
C-Injury,Pedestrian,Clear,Daylight,Dry,School Zone,Urbana,2015,0,1,3913,-88.2072500483188,40.1055684345127
B-Injury,Pedestrian,Clear,Daylight,Dry,Other Warning Sign,Urbana,2015,0,1,3914,-88.2016561766576,40.0837799998424
B-Injury,Pedestrian,Clear,Darkness,Dry,School Zone,St. Joseph,2015,0,1,3916,-88.0417102698081,40.1150326626615
C-Injury,Pedestrian,Clear,Daylight,Dry,No Controls,Urbana,2015,0,1,3917,-88.2011296586413,40.1238241333858
C-Injury,Pedestrian,Clear,Daylight,Dry,Lane Use Marking,Urbana,2010,0,1,3476,-88.2269718335933,40.1104683834932
B-Injury,Pedestrian,Clear,Darkness,Dry,No Controls,Unincorporated,2006,0,1,3861,-88.2347542943555,40.1855226857284
B-Injury,Pedestrian,Clear,Daylight,Dry,No Controls,Unincorporated,2006,0,1,3862,-88.072355051751,40.1133826842237
B-Injury,Pedestrian,Clear,Daylight,Dry,No Controls,Unincorporated,2006,0,1,3863,-88.1524418325679,40.0693481356689
B-Injury,Pedestrian,Clear,Darkness,Dry,No Controls,Urbana,2006,0,2,3864,-88.2035497507528,40.1189804196458
C-Injury,Pedestrian,Clear,Daylight,Dry,No Controls,Champaign,2006,0,1,3866,-88.2812761172732,40.1061405521245
C-Injury,Pedestrian,Clear,Daylight,Dry,No Controls,Champaign,2006,0,1,3867,-88.2731593706741,40.1393402482153
B-Injury,Pedestrian,Rain,Daylight,Wet,School Zone,Urbana,2006,0,1,3869,-88.204999099513,40.1036902645095
B-Injury,Pedestrian,Rain,Daylight,Wet,Traffic Signal,Champaign,2006,0,1,3872,-88.233571529544,40.1079708638332
C-Injury,Pedestrian,Clear,Daylight,Dry,Stop Sign/flasher,Champaign,2006,0,1,3873,-88.2304497053914,40.1115315594147
B-Injury,Pedestrian,Clear,Daylight,Dry,No Controls,Urbana,2011,0,1,3503,-88.1906857593744,40.0976336030057
B-Injury,Pedestrian,Clear,Daylight,Dry,No Controls,Champaign,2015,0,2,3940,-88.2762196677246,40.1090100007386
B-Injury,Pedestrian,Rain,Darkness,Wet,No Controls,Champaign,2015,0,1,3941,-88.2729656766867,40.1390673588672
B-Injury,Pedestrian,Clear,Darkness,Dry,No Controls,Unincorporated,2015,0,1,3942,-88.3653200008955,40.1985897745426
C-Injury,Pedestrian,Rain,"Darkness, Lighted Road",Wet,Traffic Signal,Champaign,2015,0,2,3943,-88.276670000883,40.1090099995688
B-Injury,Pedestrian,Clear,Daylight,Dry,Lane Use Marking,Champaign,2015,0,1,3944,-88.257984621397,40.1463693787334
C-Injury,Pedestrian,Clear,Darkness,Dry,No Controls,Champaign,2015,0,1,3945,-88.2603221786555,40.1272000313955
C-Injury,Pedestrian,Clear,Daylight,Dry,No Controls,Rantoul,2015,0,1,3948,-88.1463200006866,40.3084599993065